Название,Компания,Локация,Зарплата_текст,Зарплата_от,Зарплата_до,Зарплата_средняя,Описание,Требования,Обязанности,Навыки,Ссылка
Junior C# программист,ООО Комплексная Интеграция,"Барнаул, р-н Железнодорожный",Не указана,,,,"О компанииКомплексная интеграция — это системный интегратор маркировки продукции «Честный знак».Мы более 8 лет занимаемся разработкой комплексных решений с использованием промышленного оборудования: ПЛК (программируемые логические контроллеры), сканеры штрих-кодов, принтеры и другоеоборудование. В отдел разработки программного обеспечения для системы маркировки ""Честный знак"" нам требуется Junior- программист   Требования:  Базовые знания C#, My SQL Огромное желание учиться  Условия:  Работа в офисе на полный день. Для удаленных сотрудников не подходит; Корпоративное обучение; Компенсация затрат, связанных с рабочим процессом","Базовые знания C#, My SQL Огромное желание учиться  Условия:  Работа в офисе на полный день. Для удаленных сотрудников не подходит; Корпоративное обучение; Компенсация затрат, связанных с рабочим процессом",,,https://hh.ru/vacancy/130382237?query=C%23+%D1%80%D0%B0%D0%B7%D1%80%D0%B0%D0%B1%D0%BE%D1%82%D1%87%D0%B8%D0%BA&hhtmFrom=vacancy_search_list
Программист С# с GO,ТехВилл,Москва,Не указана,50000000.0,50000000.0,50000000.0,"ТехВилл – IT-компания и партнёр ВкусВилл по развитию цифровых решений. Мы отвечаем за разработку мобильных и web- приложений, автоматизацию бизнес-процессов, искусственный интеллект, devops, инфобез ВкусВилла. Нашими решениями пользуется свыше 1 000 000 клиентов и сотрудников ВкусВилла. Мы в поисках Backend‑разработчика (.NET/Go) для продукта «ВкусВилл». Ищем Middle-разработчика на C# с глубокими знаниями .NET и интересом к развитию в высоконагруженных распределённых системах на Go.  Обязанности:  Разработка и поддержка высоконагруженных backend-сервисов; Участие в проектах на C# (ASP.NET Core) и постепенное вовлечение в разработку на Go; Проектирование архитектуры, участие в код-ревью, оптимизация производительности; Работа в кросс-функциональной команде над сложными и интересными продуктами.  Требования:   Глубокий опыт с C# / .NET (от 3 лет, уровень Middle); Отличное знание C# и платформы .NET Core; Коммерческий опыт разработки на Go от 1 года; Опыт коммерческой разработки на ASP.NET Core (Web API); Владение Entity Framework Core, понимание современных шаблонов проектирования и архитектур (DDD, Clean Architecture, Unit of Work, CQRS); Уверенное применение принципов SOLID, DRY, KISS; Опыт работы с ABP Framework будет большим плюсом; Навыки работы с инфраструктурой и данными; Опыт работы с PostgreSQL, Redis. Знакомство с ClickHouse — плюс; Умение работать с Kafka или другими брокерами сообщений; Опыт работы с Git, Docker, CI/CD; Понимание принципов Observability и знакомство с инструментами: Prometheus, Grafana, OpenTelemetry, Sentry.  Личные качества:  Готовность и сильное желание развиваться в направлении Go; Умение работать в команде, конструктивно обсуждать решения; Ответственный подход к написанию чистого, поддерживаемого кода.  Будет значительным преимуществом:  Понимание специфики Go: goroutines, channels, интерфейсы, работа с памятью; Опыт работы с gRPC, Protobuf также будет плюсом; Опыт построения отказоустойчивых и масштабируемых сервисов на Go.  Что мы предлагаем:  Возможность перехода от enterprise-разработки на C# к созданию высоконагруженных микросервисов на Go под руководством опытной команды; Реальные проекты с современным стеком технологий; Стабильность проектов на C# и динамичный рост в направлении Go; Помощь в освоении Go: менторство, внутренние воркшопы, участие в конференциях.  Условия:  ​​​​​Работа в аккредитованной IT-компании; Удалённая работа на территории РФ; Официальное оформление с первого дня работы и поддержка куратора во время адаптации; Прозрачная система развития: понятные грейды, внутреннее и внешнее обучение, индивидуальные планы развития и матрицы компетенций; Экологичная культура и адекватные руководители; Компенсация затрат на медицинские услуги, ментальное благополучие, спорт, тимбилдинги и использование AI-помощников; Бонус 15% с покупок во ВкусВилл; Социальная ответственность: поощряем донорство, оказываем материальную помощь при рождении ребёнка; Партнерская программа «Зелёный свет»: за рекомендации знакомых специалистов можно получить до 50 000 руб.","Глубокий опыт с C# / .NET (от 3 лет, уровень Middle); Отличное знание C# и платформы .NET Core; Коммерческий опыт разработки на Go от 1 года; Опыт коммерческой разработки на ASP.NET Core (Web API); Владение Entity Framework Core, понимание современных шаблонов проектирования и архитектур (DDD, Clean Architecture, Unit of Work, CQRS); Уверенное применение принципов SOLID, DRY, KISS; Опыт работы с ABP Framework будет большим плюсом; Навыки работы с инфраструктурой и данными; Опыт работы с PostgreSQL, Redis. Знакомство с ClickHouse — плюс; Умение работать с Kafka или другими брокерами сообщений; Опыт работы с Git, Docker, CI/CD; Понимание принципов Observability и знакомство с инструментами: Prometheus, Grafana, OpenTelemetry, Sentry.  Личные качества:  Готовность и сильное желание развиваться в направлении Go; Умение работать в команде, конструктивно обсуждать решения; Ответственный подход к написанию чистого, поддерживаемого кода.  Будет значительным преимуществом:  Понимание специфики Go: goroutines, channels, интерфейсы, работа с памятью; Опыт работы с gRPC, Protobuf также будет плюсом; Опыт построения отказоустойчивых и масштабируемых сервисов на Go.  Что мы предлагаем:  Возможность перехода от enterprise-разработки на C# к созданию высоконагруженных микросервисов на Go под руководством опытной команды; Реальные проекты с современным стеком технологий; Стабильность проектов на C# и динамичный рост в направлении Go; Помощь в освоении Go: менторство, внутренние воркшопы, участие в конференциях.  Условия:  ​​​​​Работа в аккредитованной IT-компании; Удалённая работа на территории РФ; Официальное оформление с первого дня работы и поддержка куратора во время адаптации; Прозрачная система развития: понятные грейды, внутреннее и внешнее обучение, индивидуальные планы развития и матрицы компетенций; Экологичная культура и адекватные руководители; Компенсация затрат на медицинские услуги, ментальное благополучие, спорт, тимбилдинги и использование AI-помощников; Бонус 15% с покупок во ВкусВилл; Социальная ответственность: поощряем донорство, оказываем материальную помощь при рождении ребёнка; Партнерская программа «Зелёный свет»: за рекомендации знакомых специалистов можно получить до 50 000 руб.","Разработка и поддержка высоконагруженных backend-сервисов; Участие в проектах на C# (ASP.NET Core) и постепенное вовлечение в разработку на Go; Проектирование архитектуры, участие в код-ревью, оптимизация производительности; Работа в кросс-функциональной команде над сложными и интересными продуктами.  Требования:   Глубокий опыт с C# / .NET (от 3 лет, уровень Middle); Отличное знание C# и платформы .NET Core; Коммерческий опыт разработки на Go от 1 года; Опыт коммерческой разработки на ASP.NET Core (Web API); Владение Entity Framework Core, понимание современных шаблонов проектирования и архитектур (DDD, Clean Architecture, Unit of Work, CQRS); Уверенное применение принципов SOLID, DRY, KISS; Опыт работы с ABP Framework будет большим плюсом; Навыки работы с инфраструктурой и данными; Опыт работы с PostgreSQL, Redis. Знакомство с ClickHouse — плюс; Умение работать с Kafka или другими брокерами сообщений; Опыт работы с Git, Docker, CI/CD; Понимание принципов Observability и знакомство с инструментами: Prometheus, Grafana, OpenTelemetry, Sentry.  Личные качества:  Готовность и сильное желание развиваться в направлении Go; Умение работать в команде, конструктивно обсуждать решения; Ответственный подход к написанию чистого, поддерживаемого кода.  Будет значительным преимуществом:  Понимание специфики Go: goroutines, channels, интерфейсы, работа с памятью; Опыт работы с gRPC, Protobuf также будет плюсом; Опыт построения отказоустойчивых и масштабируемых сервисов на Go.  Что мы предлагаем:  Возможность перехода от enterprise-разработки на C# к созданию высоконагруженных микросервисов на Go под руководством опытной команды; Реальные проекты с современным стеком технологий; Стабильность проектов на C# и динамичный рост в направлении Go; Помощь в освоении Go: менторство, внутренние воркшопы, участие в конференциях.  Условия:  ​​​​​Работа в аккредитованной IT-компании; Удалённая работа на территории РФ; Официальное оформление с первого дня работы и поддержка куратора во время адаптации; Прозрачная система развития: понятные грейды, внутреннее и внешнее обучение, индивидуальные планы развития и матрицы компетенций; Экологичная культура и адекватные руководители; Компенсация затрат на медицинские услуги, ментальное благополучие, спорт, тимбилдинги и использование AI-помощников; Бонус 15% с покупок во ВкусВилл; Социальная ответственность: поощряем донорство, оказываем материальную помощь при рождении ребёнка; Партнерская программа «Зелёный свет»: за рекомендации знакомых специалистов можно получить до 50 000 руб.",,https://hh.ru/vacancy/134675526?query=C%23+%D1%80%D0%B0%D0%B7%D1%80%D0%B0%D0%B1%D0%BE%D1%82%D1%87%D0%B8%D0%BA&hhtmFrom=vacancy_search_list
Разработчик C# .Net,ООО Верста,Санкт-Петербург,Не указана,,,,"Ищем бойца в команду разработки, стремящегося научиться делать софт для бизнеса в сфере логистики и интернет торговли и через два года стать синьором. Нужно любить писать код и иметь базовые знания в C#. У вас будет возможность изучить современный стек: .net, базы данных, микросервисы, фронт и бэк. Мы используем связку стека Microsoft (.NET 10, EntityFramework) и OpenSource (PostgreSQL, Kafka, React.JS) и не боимся экспериментировать с самыми современными технологиями.Что надо делать:- Наполнять наш Личный кабинет новыми сервисами и возможностями- Подключать новые каналы обслуживания (чат-боты, мобильные приложения)- Интегрировать сервисы в личный кабинет и с бэк-офисными системами- Строить идеальную систему, которая умеет работать сама без участия человека:)Мы ожидаем:- Базовые знания C#- Базовые знания ASP.NET, Entity Framework- Базовые знания реляционных Баз данныхДополнительным плюсом будет:- Умение работать с git, Jira- Опыт работы с Docker- Базовые знания React.JSМы предлагаем: - Работа в креативной команде профессионалов - Широкие возможности для профессионального развития и интересные задачи - Возможность гибридного графика после испытательного срока - Официальное оформление по ТК РФ - Возможность изучать английский язык за счет компании - Полис ДМС после испытательного срока - Уютный офис в самом центре Петербурга, чай, кофе",,,,https://hh.ru/vacancy/134661421?query=C%23+%D1%80%D0%B0%D0%B7%D1%80%D0%B0%D0%B1%D0%BE%D1%82%D1%87%D0%B8%D0%BA&hhtmFrom=vacancy_search_list
Разработчик С#,Консорциум Кодекс,Санкт-Петербург,Не указана,,,,"Консорциум «Кодекс» – IT-компания с многолетней историей. На сегодняшний день Консорциум – это команда из более 800 профессионалов! Более 30 лет мы выпускаем информационные и программные продукты под брендами «Кодекс» и «Техэксперт», реализуем масштабные IT-проекты, комплексно автоматизирующие деятельность предприятий, связанную с управлением нормативными документами и требованиями. Основные задачи:  Разработка проектов на технологиях С#; Разработка автоматизированных систем.  Необходимый опыт и навыки:  Опыт работы не менее 1 года; Профессиональное знание и опыт разработки на: C#, .net, Python; Написание unit тестов (разработка через тестирование); Опыт работы с HTML, DHTML, SQL; Знание и опыт использования технологий: XML, JavaScript.  Наши условия:  Современный комфортабельный офис в центре города (м. Василеостровская); Оформление по ТК РФ; Интересные и разнообразные проекты, современные технологии; Работа в команде высококвалифицированных специалистов; Приятные корпоративные активности: занятия по шахматам с тренером, настольный теннис, компенсация фитнеса.",,,,https://hh.ru/vacancy/134717876?query=C%23+%D1%80%D0%B0%D0%B7%D1%80%D0%B0%D0%B1%D0%BE%D1%82%D1%87%D0%B8%D0%BA&hhtmFrom=vacancy_search_list
Разработчик UI C# / WPF,AVBINVEST LIMITED,Самара,Не указана,,,,"Мы разрабатываем ПО для биржевой торговли. Развиваем собственные продукты: B2B, B2C. Большинство сотрудников работает удаленно, что дает возможность строить карьеру в перспективной IT-нише из любой точки мира.Ищем разработчика уровня middle для развития клиентского приложения в сфере трейдинга. Основной фокус — разработка сложного, производительного UI на WPF.Обязанности: Участвовать в процессе совершенствования финансового биржевого терминала. Предлагать и разрабатывать архитектурные решения. В частности вы будете заниматься улучшением интерфейсов по макетам от UI/UX специалиста, разработкой нового функционала повышающего удобство работы пользователя с биржевыми данными, исправлять баги зафиксированные техподдержкой в обращениях пользователей. А именно:   Разрабатывать десктопные клиент-серверные приложения на C#, WPF, MS SQL;   Разрабатывать архитектурные решения;   Быть полноценным членом SCRUM-команды продукта;   Находить и исправлять баги вместе с сотрудниками поддержки.   Требования:  Уверенное знание C# и .NET.  Опыт разработки desktop-приложений на WPF.   Хорошее понимание и практический опыт применения MVVM:   разделение View, ViewModel и Model;   Commands, Bindings, Converters;   уведомления об изменениях данных;   взаимодействие между компонентами без жёстких зависимостей.     Глубокое понимание механизмов WPF:   Dependency Properties;   Routed Events и Commands;   Data Templates, Control Templates и Styles;   Visual Tree и Logical Tree;   Ресурсы и система привязок.     Опыт создания кастомных и составных контролов.   Понимание «ручной» отрисовки в WPF:   переопределение OnRender;   работа с DrawingContext;   использование DrawingVisual, Geometry, Path;   создание собственных визуальных элементов;   управление перерисовкой и инвалидацией UI.     Понимание производительности WPF:   UI thread и Dispatcher;   виртуализация элементов;   снижение количества объектов в Visual Tree;   оптимизация bindings, templates и частых обновлений интерфейса;   профилирование и устранение UI-задержек.     Опыт работы с многопоточностью и асинхронностью: async/await, Task, синхронизация с UI-потоком.   Умение работать с потоковыми и часто обновляемыми данными в интерфейсе. Будет преимуществом:- Наличие опыта разработки торговых терминалов, графиков, стаканов заявок, таблиц котировок или других интерфейсов с высокой частотой обновления данных;- Знание особенностей отображения больших объёмов данных в реальном времени;- Опыт работы с WebSocket, TCP или другими протоколами получения потоковых данных;- Понимание базовых биржевых сущностей: заявки, сделки, позиции, инструменты, котировки, стакан;- Опыт использования библиотек для построения графиков либо разработки собственной системы визуализации;- Опыт профилирования .NET-приложений и поиска проблем с памятью и производительностью.   Условия:   Удаленный формат в графике 5/2;   Время работы: с 10:00 до 19:00 по мск;   Ставка 9 EUR в час;   Своевременная выплата (2 раза в месяц);   Квартальные и годовые премии.","Уверенное знание C# и .NET.  Опыт разработки desktop-приложений на WPF.   Хорошее понимание и практический опыт применения MVVM:   разделение View, ViewModel и Model;   Commands, Bindings, Converters;   уведомления об изменениях данных;   взаимодействие между компонентами без жёстких зависимостей.     Глубокое понимание механизмов WPF:   Dependency Properties;   Routed Events и Commands;   Data Templates, Control Templates и Styles;   Visual Tree и Logical Tree;   Ресурсы и система привязок.     Опыт создания кастомных и составных контролов.   Понимание «ручной» отрисовки в WPF:   переопределение OnRender;   работа с DrawingContext;   использование DrawingVisual, Geometry, Path;   создание собственных визуальных элементов;   управление перерисовкой и инвалидацией UI.     Понимание производительности WPF:   UI thread и Dispatcher;   виртуализация элементов;   снижение количества объектов в Visual Tree;   оптимизация bindings, templates и частых обновлений интерфейса;   профилирование и устранение UI-задержек.     Опыт работы с многопоточностью и асинхронностью: async/await, Task, синхронизация с UI-потоком.   Умение работать с потоковыми и часто обновляемыми данными в интерфейсе. Будет преимуществом:- Наличие опыта разработки торговых терминалов, графиков, стаканов заявок, таблиц котировок или других интерфейсов с высокой частотой обновления данных;- Знание особенностей отображения больших объёмов данных в реальном времени;- Опыт работы с WebSocket, TCP или другими протоколами получения потоковых данных;- Понимание базовых биржевых сущностей: заявки, сделки, позиции, инструменты, котировки, стакан;- Опыт использования библиотек для построения графиков либо разработки собственной системы визуализации;- Опыт профилирования .NET-приложений и поиска проблем с памятью и производительностью.   Условия:   Удаленный формат в графике 5/2;   Время работы: с 10:00 до 19:00 по мск;   Ставка 9 EUR в час;   Своевременная выплата (2 раза в месяц);   Квартальные и годовые премии.","Участвовать в процессе совершенствования финансового биржевого терминала. Предлагать и разрабатывать архитектурные решения. В частности вы будете заниматься улучшением интерфейсов по макетам от UI/UX специалиста, разработкой нового функционала повышающего удобство работы пользователя с биржевыми данными, исправлять баги зафиксированные техподдержкой в обращениях пользователей. А именно:   Разрабатывать десктопные клиент-серверные приложения на C#, WPF, MS SQL;   Разрабатывать архитектурные решения;   Быть полноценным членом SCRUM-команды продукта;   Находить и исправлять баги вместе с сотрудниками поддержки.   Требования:  Уверенное знание C# и .NET.  Опыт разработки desktop-приложений на WPF.   Хорошее понимание и практический опыт применения MVVM:   разделение View, ViewModel и Model;   Commands, Bindings, Converters;   уведомления об изменениях данных;   взаимодействие между компонентами без жёстких зависимостей.     Глубокое понимание механизмов WPF:   Dependency Properties;   Routed Events и Commands;   Data Templates, Control Templates и Styles;   Visual Tree и Logical Tree;   Ресурсы и система привязок.     Опыт создания кастомных и составных контролов.   Понимание «ручной» отрисовки в WPF:   переопределение OnRender;   работа с DrawingContext;   использование DrawingVisual, Geometry, Path;   создание собственных визуальных элементов;   управление перерисовкой и инвалидацией UI.     Понимание производительности WPF:   UI thread и Dispatcher;   виртуализация элементов;   снижение количества объектов в Visual Tree;   оптимизация bindings, templates и частых обновлений интерфейса;   профилирование и устранение UI-задержек.     Опыт работы с многопоточностью и асинхронностью: async/await, Task, синхронизация с UI-потоком.   Умение работать с потоковыми и часто обновляемыми данными в интерфейсе. Будет преимуществом:- Наличие опыта разработки торговых терминалов, графиков, стаканов заявок, таблиц котировок или других интерфейсов с высокой частотой обновления данных;- Знание особенностей отображения больших объёмов данных в реальном времени;- Опыт работы с WebSocket, TCP или другими протоколами получения потоковых данных;- Понимание базовых биржевых сущностей: заявки, сделки, позиции, инструменты, котировки, стакан;- Опыт использования библиотек для построения графиков либо разработки собственной системы визуализации;- Опыт профилирования .NET-приложений и поиска проблем с памятью и производительностью.   Условия:   Удаленный формат в графике 5/2;   Время работы: с 10:00 до 19:00 по мск;   Ставка 9 EUR в час;   Своевременная выплата (2 раза в месяц);   Квартальные и годовые премии.",,https://hh.ru/vacancy/134799019?query=C%23+%D1%80%D0%B0%D0%B7%D1%80%D0%B0%D0%B1%D0%BE%D1%82%D1%87%D0%B8%D0%BA&hhtmFrom=vacancy_search_list
C#/.NET-разработчик (математическое моделирование),Altenar,Санкт-Петербург,Не указана,,,,"Altenar — международная IT-компания и поставщик программного обеспечения для B2B-клиентов.Мы специализируемся на разработке и являемся ведущим поставщиком технологических решений для индустрии спортивных данных за рубежом. Наши офисы находятся в России, Великобритании, Грузии, Бразилии, Греции, Уругвае и на Мальте.С 2011 года внедряем стабильный и проверенный софт для автоматизации процессов производства, анализа и парсинга спортивных данных в реальном времени. Про проект:Мультифид (Altenar Data Feed) — продукт, позволяющий в мягком реальном времени производить вероятности наступления событий в спортивных матчах. Про команду: Команда математического обеспечения занимается созданием математического ядра т.е. реализацией математических моделей и расчета вероятностей спортивных событий. От вас потребуется:   Улучшать имеющийся функционал и разрабатывать новый   Рецензировать код других членов команды   Оптимизовать имеющиеся математические модели и разрабатывать новые   Делиться опытом с младшими разработчиками.   Мы работаем с: .NET 9, PostgreSQL, XUnit Вам будет у нас интересно, если:   Вам нравится использовать современные технологии (вся разработка идет на C# 14 и .Net 9)   Вы увлекаетесь теорией вероятностей и комбинаторикой   Вы хотите разрабатывать надёжный, хорошо тестируемый продукт   Вы любите вызовы, встающие при построении отказоустойчивых систем   Вам нравятся разбираться в вопросах низкоуровневых оптимизаций   Будет плюсом:   Опыт работы с математическими библиотеками .NET, например, Accord.NET, Math.NET, ALGLIB, Extreme.Numerics   Понимание теории вероятностей и статистики   Умение применять численные методы в разработке и оптимизации сложных алгоритмов и моделей.   Мы ожидаем, что вы:   Имеете опыт разработки с использованием платформы .Net от двух лет   Имеете оконченное профильное техническое / математическое образование (информатика, математика, физика)   Следите за развитием языка C#, экосистемы .Net и эволюцией «лучших практик» в этой экосистеме   Имеете богатый опыт использования поставляемых Microsoft библиотек (BCL, неизменяемые и конкурентные коллекции, TPL, вспомогательные классы для реализации Task-based Asynchronous Pattern, библиотеки-расширения, такие как DI, Logging, Options и прочие)   Имеете опыт работы с очередями сообщений или потоковыми системами и событийно-ориентированной архитектурой   Знакомы с популярными шаблонами проектирования, используемыми при разработке на языке C#, и архитектурными шаблонами, применяемыми при разработке отказоустойчивых систем   Готовы взять на себя разработку отдельных компонент системы от продумывания внутренней архитектуры до её стабильной реализации.   Мы предлагаем:   Работу над интересными задачами, на которые вы сможете активно влиять   Работу в аккредитованной ИТ-компании   Оформление по ТК РФ и достойную белую заработную плату   ДМС, стоматологию и страхование жизни за счет работодателя   Компенсацию фитнеса   Компенсацию за интернет и электроэнергию   Удаленную работу или работу в офисе по вашему выбору (Москва, Санкт-Петербург, Владимир, Смоленск, Тбилиси)   Корпоративную парковку   Бесплатное обучение английскому   Участие в профильных конференциях, митапах и корпоративных активностях по желанию   Обучение и поддержку при подготовке докладов для публичных выступлений",,,,https://hh.ru/vacancy/134804243?query=C%23+%D1%80%D0%B0%D0%B7%D1%80%D0%B0%D0%B1%D0%BE%D1%82%D1%87%D0%B8%D0%BA&hhtmFrom=vacancy_search_list
Инженер-программист (C#/.NET-разработчик),OmniLine,"Екатеринбург, р-н Октябрьский",Не указана,80000000.0,80000000.0,80000000.0,"Обязанности  Разработка модулей для интеграции систем;   Разработка модулей и конфигураций к программным продуктам;   Настройка и адаптация программных продуктов под бизнес- задачи.  Требования  хорошие знания C#, JavaScript(Опыт работы. Синтаксис. ООП); обязательное знание SQL(Опыт построения запросов, связанных таблиц со сложными условиями); JSON, XML (Обязательное понимание формата данных); Web-socket, REST API; желательно WSDL, SOAP  Условия  Уровень оплаты от 80000 руб. (оклад), учитывается ваша квалификация; Полностью ""белая"" зарплата и оформление в соответствии с ТК РФ; График работы 5/2; Гибкий час начала рабочего дня; Возможность военнообязанным получить отсрочку от срочной службы и мобилизации IT-специалиста (при наличии образования, входящего в перечень); ДМС; Частичная компенсация питания; Бесплатная парковка; Дружелюбный коллектив профессионалов своего дела; Условия для развития профессиональных навыков. Обучения и сертификации; Интересные и разнообразные проекты.  С 10.07.2026 г. компания переезжает в новый офис по адресу Белинского д. 83","хорошие знания C#, JavaScript(Опыт работы. Синтаксис. ООП); обязательное знание SQL(Опыт построения запросов, связанных таблиц со сложными условиями); JSON, XML (Обязательное понимание формата данных); Web-socket, REST API; желательно WSDL, SOAP  Условия  Уровень оплаты от 80000 руб. (оклад), учитывается ваша квалификация; Полностью ""белая"" зарплата и оформление в соответствии с ТК РФ; График работы 5/2; Гибкий час начала рабочего дня; Возможность военнообязанным получить отсрочку от срочной службы и мобилизации IT-специалиста (при наличии образования, входящего в перечень); ДМС; Частичная компенсация питания; Бесплатная парковка; Дружелюбный коллектив профессионалов своего дела; Условия для развития профессиональных навыков. Обучения и сертификации; Интересные и разнообразные проекты.  С 10.07.2026 г. компания переезжает в новый офис по адресу Белинского д. 83","Разработка модулей для интеграции систем;   Разработка модулей и конфигураций к программным продуктам;   Настройка и адаптация программных продуктов под бизнес- задачи.  Требования  хорошие знания C#, JavaScript(Опыт работы. Синтаксис. ООП); обязательное знание SQL(Опыт построения запросов, связанных таблиц со сложными условиями); JSON, XML (Обязательное понимание формата данных); Web-socket, REST API; желательно WSDL, SOAP  Условия  Уровень оплаты от 80000 руб. (оклад), учитывается ваша квалификация; Полностью ""белая"" зарплата и оформление в соответствии с ТК РФ; График работы 5/2; Гибкий час начала рабочего дня; Возможность военнообязанным получить отсрочку от срочной службы и мобилизации IT-специалиста (при наличии образования, входящего в перечень); ДМС; Частичная компенсация питания; Бесплатная парковка; Дружелюбный коллектив профессионалов своего дела; Условия для развития профессиональных навыков. Обучения и сертификации; Интересные и разнообразные проекты.  С 10.07.2026 г. компания переезжает в новый офис по адресу Белинского д. 83",,https://hh.ru/vacancy/134714700?query=C%23+%D1%80%D0%B0%D0%B7%D1%80%D0%B0%D0%B1%D0%BE%D1%82%D1%87%D0%B8%D0%BA&hhtmFrom=vacancy_search_list
C# (.NET) Developer (Middle+ / Senior),IndigoSoft,Новосибирск,Не указана,,,,"Indigosoft — международный Fintech-провайдер с головным офисом в Дубае. Уже 10 лет мы создаем «мозги» для внебиржевого финансового рынка. Наш флагман — BrokerPilot: умная экосистема риск-менеджмента, работающая в реальном времени. Мы ищем инженера, который усилит ядро продукта. У нас нет «простых задач» — только распределенные системы, высокие нагрузки и работа в команде профи. Что мы предлагаем:   Полный Remote: работайте из любой точки мира.   Intellectual environment: сильная команда, где ценят инженерный подход, а не «костыли».   Прокачка: компенсируем профильное обучение до 100%.   Карьерный лифт: мы быстро растем — вы сможете вырасти до Lead/Architect.   Стабильность: ЗП в валюте, бонусы за KPI и 28 дней отпуска.   Чем предстоит заниматься: Вам предстоит не просто писать код, а отвечать за его «выносливость» и эволюцию.  Проектировать backend: развивать существующие сервисы и создавать новые модули под экстремальные нагрузки (для Senior — проектирование с нуля)  Оптимизировать производительность: проводить стратегический рефакторинг legacy-кода, бороться с аллокациями и утечками памяти Повышать качество: глубоко участвовать в Code Review, писать понятные unit-тесты (xUnit/NUnit)  Автоматизировать рутину: мы приветствуем использование ИИ-инструментов, чтобы не тратить время на скучные задачи Помогать команде: менторить младших коллег и помогать разбираться со сложными паттернами  Наш стек и ожидания: Мы ждем, что вы уверенно владеете C#/.NET Core (от 3-х лет для Middle+, от 5-ти лет для Senior) и обладаете глубокой экспертизой в:   Multithreading: понимаете, как работают асинхронность и конкурентность «под капотом».   Data Science (DB): виртуозно владеете PostgreSQL (оптимизация запросов, индексы, транзакции).   Architecture: глубокое понимание паттернов проектирования (GoF, GRASP) и умение применять их по назначению, избегая Overengineering.     CI/CD: понимаете культуру DevOps и умеете работать с GitLab.   Будет круто, если вы:   Работали в Fintech (MetaTrader 4/5, сTrader, другие торговые платформы, FIX-протоколы, биржевые шлюзы).   Знаете английский на уровне B1 (чтение документации).   Уровень задач и зона ответственности будут определяться по результатам технического интервью В ответ придет анкета - заполните ее, пожалуйста.","инженера, который усилит ядро продукта. У нас нет «простых задач» — только распределенные системы, высокие нагрузки и работа в команде профи. Что мы предлагаем:   Полный Remote: работайте из любой точки мира.   Intellectual environment: сильная команда, где ценят инженерный подход, а не «костыли».   Прокачка: компенсируем профильное обучение до 100%.   Карьерный лифт: мы быстро растем — вы сможете вырасти до Lead/Architect.   Стабильность: ЗП в валюте, бонусы за KPI и 28 дней отпуска.   Чем предстоит заниматься: Вам предстоит не просто писать код, а отвечать за его «выносливость» и эволюцию.  Проектировать backend: развивать существующие сервисы и создавать новые модули под экстремальные нагрузки (для Senior — проектирование с нуля)  Оптимизировать производительность: проводить стратегический рефакторинг legacy-кода, бороться с аллокациями и утечками памяти Повышать качество: глубоко участвовать в Code Review, писать понятные unit-тесты (xUnit/NUnit)  Автоматизировать рутину: мы приветствуем использование ИИ-инструментов, чтобы не тратить время на скучные задачи Помогать команде: менторить младших коллег и помогать разбираться со сложными паттернами  Наш стек и ожидания: Мы ждем, что вы уверенно владеете C#/.NET Core (от 3-х лет для Middle+, от 5-ти лет для Senior) и обладаете глубокой экспертизой в:   Multithreading: понимаете, как работают асинхронность и конкурентность «под капотом».   Data Science (DB): виртуозно владеете PostgreSQL (оптимизация запросов, индексы, транзакции).   Architecture: глубокое понимание паттернов проектирования (GoF, GRASP) и умение применять их по назначению, избегая Overengineering.     CI/CD: понимаете культуру DevOps и умеете работать с GitLab.   Будет круто, если вы:   Работали в Fintech (MetaTrader 4/5, сTrader, другие торговые платформы, FIX-протоколы, биржевые шлюзы).   Знаете английский на уровне B1 (чтение документации).   Уровень задач и зона ответственности будут определяться по результатам технического интервью В ответ придет анкета - заполните ее, пожалуйста.","Вам предстоит не просто писать код, а отвечать за его «выносливость» и эволюцию.  Проектировать backend: развивать существующие сервисы и создавать новые модули под экстремальные нагрузки (для Senior — проектирование с нуля)  Оптимизировать производительность: проводить стратегический рефакторинг legacy-кода, бороться с аллокациями и утечками памяти Повышать качество: глубоко участвовать в Code Review, писать понятные unit-тесты (xUnit/NUnit)  Автоматизировать рутину: мы приветствуем использование ИИ-инструментов, чтобы не тратить время на скучные задачи Помогать команде: менторить младших коллег и помогать разбираться со сложными паттернами  Наш стек и ожидания: Мы ждем, что вы уверенно владеете C#/.NET Core (от 3-х лет для Middle+, от 5-ти лет для Senior) и обладаете глубокой экспертизой в:   Multithreading: понимаете, как работают асинхронность и конкурентность «под капотом».   Data Science (DB): виртуозно владеете PostgreSQL (оптимизация запросов, индексы, транзакции).   Architecture: глубокое понимание паттернов проектирования (GoF, GRASP) и умение применять их по назначению, избегая Overengineering.     CI/CD: понимаете культуру DevOps и умеете работать с GitLab.   Будет круто, если вы:   Работали в Fintech (MetaTrader 4/5, сTrader, другие торговые платформы, FIX-протоколы, биржевые шлюзы).   Знаете английский на уровне B1 (чтение документации).   Уровень задач и зона ответственности будут определяться по результатам технического интервью В ответ придет анкета - заполните ее, пожалуйста.",,https://hh.ru/vacancy/134479553?query=C%23+%D1%80%D0%B0%D0%B7%D1%80%D0%B0%D0%B1%D0%BE%D1%82%D1%87%D0%B8%D0%BA&hhtmFrom=vacancy_search_list
C# разработчик (клиентский),FunFlow (ООО Мобильные Игровые Решения),Москва,Не указана,1000000000.0,1000000000.0,1000000000.0,"FunFlow - аккредитованная IT-компания, разработчик популярных мобильных игр и приложений. Уже более 15 лет мы помогаем миллионам людей скрасить свободное время, создавая топовые развлекательные игры и сервисы по всему миру. Социальная сеть, над который мы сейчас работаем, – одна из самых популярных в СНГ с ростом +50% в год и ежедневной аудиторией более 1 000 000 пользователей. Каждый день они отправляют больше 20 000 000 сообщений, проводят более 50 000 прямых трансляций, знакомятся с сотнями тысяч людей. Немного о нашем подходе: Мы быстро растем и адаптируемся под меняющийся рынок. Мыслим целями, а не задачами, ценим свободу в выражении идей и проактивность. Не боимся рисковать, тестируем новые инструменты и гипотезы. В компании собрано комьюнити из специалистов разных направлений, что дает вам возможность делиться опытом и вдохновляться интересными решениями. Наша команда активно трудится над направлениями: трансляции, знакомства, мессенджер (общение), монетизация. Нам нужен C# / Unity-разработчик со свежим взглядом для реализации новых задач и всего потенциала проекта. Приложение реализовано на Unity. При этом это не классическая игровая разработка: мы используем Unity как основу для мобильного социального приложения и развиваем собственный UI-движок, благодаря которому приложение выглядит близко к нативному и сохраняет высокую производительность. Формат работы: полный день в офисе, без гибрида и удалёнки. Задачи, которые вас ждут:   развивать функциональность мобильного приложения и разрабатывать новые фичи;   реализовывать платформо-зависимый функционал для разных ОС;   оптимизировать производительность, стабильность и отзывчивость приложения;   участвовать в обсуждении фич, пользовательских сценариев и дизайна;   проводить code review и поддерживать качество клиентского кода;   развивать и оптимизировать собственный UI-движок.   Стек: C#, Unity3D, кастомный UI-движок, Rider, Spine, Git. Для нас важно:   опыт коммерческой разработки от 2 лет;   уверенное знание C#;   опыт работы с Unity;   понимание ООП, структур данных и алгоритмов;   интерес к клиентской разработке, мобильным приложениям и оптимизации пользовательского опыта.   Будет плюсом:   опыт разработки под iOS или Android;   опыт разработки и поддержки высоконагруженных приложений;   опыт работы с сетевыми приложениями;   опыт оптимизации UI, производительности или клиентской архитектуры.   Мы предлагаем:   Официальное оформление с первого рабочего дня и белую зарплату;   Работу в просторном офисе с современным оборудованием;   Гибкое начало рабочего дня с 9:00 до 11:00;   ДМС со стоматологией, частичную компенсацию на сервис «Ясно» и онлайн-занятия в Skyеng, компенсацию расходов на спорт и обучение;   Участие в профильных конференциях и курсах, корпоративные мероприятия и занятия в группах по направлениям: волейбол, падел-теннис, квизы, мафия и настольные игры.   Почему стоит работать с нами:   Большая аудитория. Дневная аудитория продукта, над которым мы работаем, – более 1 000 000 пользователей. А значит, вы легко увидите результаты своей работы.   Развитие скиллов. У нас сильная команда с различными компетенциями. Вы сможете улучшать свои скиллы в разных направлениях.   Нет бюрократии. У нас нет утомительных бюрократических согласований. Мы умеем быстро превращать идею в гипотезу, гипотезу в тест, а результаты теста в решения. Много и хорошо тестируем идеи и подкрепляем данными.   Возможность роста. У нас есть понятный вектор для роста разработчиков. Мы стремимся получить супер-профессионалов, которые будут отвечать за целые направления и получать новые зоны ответственности.   Скорость разработки. Благодаря скорости нашей работы и миллионной аудитории вы сможете довольно быстро увидеть результат своей работы и не будете “работать в стол”.   Прозрачность. Мы всегда делимся новостями и данными продуктов, не скрываем метрики, продаем команде разработки свои идеи, исходя из цифр и ожиданий, к чему каждый новый функционал приведет.   Ждем ваш отклик! Мы будем рады видеть вас в команде и научим всему, что умеем сами. С нами вы сможете создавать лучшие продукты на мировом рынке.",,,,https://hh.ru/vacancy/134763254?query=C%23+%D1%80%D0%B0%D0%B7%D1%80%D0%B0%D0%B1%D0%BE%D1%82%D1%87%D0%B8%D0%BA&hhtmFrom=vacancy_search_list
Разработчик C# (middle\senior),Versus LLC,"Ижевск, р-н Первомайский",Не указана,,,,"Разработчик C# со знанием C++ (middle\senior) Обязанности:  Разработка и сопровождение программных решений для поставки, лицензирования, защиты от обхода лицензий, несанкционированного копирования различного ПО. Обеспечение функционирования обмена данными внутри локальных компонентов и с внешними системами. Их обработка в реальном времени. Реализация механизмов корректировки параметров и настроек. Разработка компонентов для валидации и шифрования данных Настройка пайплайнов CI/CD Создание пользовательского интерфейса для взаимодействия с системой и управления её функционалом. Взаимодействие с командой для интеграции решений, тестирования и отладки. Поддержка архитектуры системы, обеспечение ее надежности, безопасности и масштабируемости. Подготовка кода к интеграционным и юнит-тестам, реализация алгоритмов авто-тестирования Ежедневное общение с командой, взаимодействие по процессам Agile/Scrum; Работа с задачами в Jira, документацией в Confluence и кодом в GitLab.  Требования:  Опыт разработки на платформе .NET (C#) не менее 5 лет. Опыт создания собственных библиотек на C++. Навыки интеграции библиотек в существующие проекты. Опыт применения современных криптографических протоколов и алгоритмов (AES, RSA, ECC). Понимание принципов работы симметричного и асимметричного шифрования. Практические навыки безопасного управления ключами (Key Management) и солями. Опыт реализации сложных бизнес-логик и автоматизированных процессов. Опыт работы с системами обмена данными, взаимодействия с аппаратной частью и внешними системами. Знание REST API, WebSocket, TCP/IP, UDP. Навыки работы с системами контроля версий, автоматизации сборки и тестирования. Умение писать чистый, хорошо документированный и структурированный код. Владение инструментами Git, Jira, Confluence, схожим стеком. Долгосрочное сотрудничество от 1 года.  Будет преимуществом:  Опыт проектирования сетевой архитектуры Опыт работы с Concurrency C#. Асинхронность, многопоточность, контроль, безопасность.  Условия:  Работа в аккредитованной IT компании. Работа с крупным заказчиком по согласованному Roadmap. Команда профессионалов открытую к идеям и обмену опытом. Белая заработная плата, уровень по результатам собеседований. Работа в офисе или удаленно с возможностью командировок в г.Ижевск. Компенсация затрат на командировки в головной офис. Комфортный офис: рабочее место с мощным ПК, обеденная зона, кофе, парковка. Испытательный срок 2-4 месяца.  Напишите последние 3 проекта, компании и роли в комментарий на отклик. Спасибо и успехов в достижении поставленных целей!","Опыт разработки на платформе .NET (C#) не менее 5 лет. Опыт создания собственных библиотек на C++. Навыки интеграции библиотек в существующие проекты. Опыт применения современных криптографических протоколов и алгоритмов (AES, RSA, ECC). Понимание принципов работы симметричного и асимметричного шифрования. Практические навыки безопасного управления ключами (Key Management) и солями. Опыт реализации сложных бизнес-логик и автоматизированных процессов. Опыт работы с системами обмена данными, взаимодействия с аппаратной частью и внешними системами. Знание REST API, WebSocket, TCP/IP, UDP. Навыки работы с системами контроля версий, автоматизации сборки и тестирования. Умение писать чистый, хорошо документированный и структурированный код. Владение инструментами Git, Jira, Confluence, схожим стеком. Долгосрочное сотрудничество от 1 года.  Будет преимуществом:  Опыт проектирования сетевой архитектуры Опыт работы с Concurrency C#. Асинхронность, многопоточность, контроль, безопасность.  Условия:  Работа в аккредитованной IT компании. Работа с крупным заказчиком по согласованному Roadmap. Команда профессионалов открытую к идеям и обмену опытом. Белая заработная плата, уровень по результатам собеседований. Работа в офисе или удаленно с возможностью командировок в г.Ижевск. Компенсация затрат на командировки в головной офис. Комфортный офис: рабочее место с мощным ПК, обеденная зона, кофе, парковка. Испытательный срок 2-4 месяца.  Напишите последние 3 проекта, компании и роли в комментарий на отклик. Спасибо и успехов в достижении поставленных целей!","Разработка и сопровождение программных решений для поставки, лицензирования, защиты от обхода лицензий, несанкционированного копирования различного ПО. Обеспечение функционирования обмена данными внутри локальных компонентов и с внешними системами. Их обработка в реальном времени. Реализация механизмов корректировки параметров и настроек. Разработка компонентов для валидации и шифрования данных Настройка пайплайнов CI/CD Создание пользовательского интерфейса для взаимодействия с системой и управления её функционалом. Взаимодействие с командой для интеграции решений, тестирования и отладки. Поддержка архитектуры системы, обеспечение ее надежности, безопасности и масштабируемости. Подготовка кода к интеграционным и юнит-тестам, реализация алгоритмов авто-тестирования Ежедневное общение с командой, взаимодействие по процессам Agile/Scrum; Работа с задачами в Jira, документацией в Confluence и кодом в GitLab.  Требования:  Опыт разработки на платформе .NET (C#) не менее 5 лет. Опыт создания собственных библиотек на C++. Навыки интеграции библиотек в существующие проекты. Опыт применения современных криптографических протоколов и алгоритмов (AES, RSA, ECC). Понимание принципов работы симметричного и асимметричного шифрования. Практические навыки безопасного управления ключами (Key Management) и солями. Опыт реализации сложных бизнес-логик и автоматизированных процессов. Опыт работы с системами обмена данными, взаимодействия с аппаратной частью и внешними системами. Знание REST API, WebSocket, TCP/IP, UDP. Навыки работы с системами контроля версий, автоматизации сборки и тестирования. Умение писать чистый, хорошо документированный и структурированный код. Владение инструментами Git, Jira, Confluence, схожим стеком. Долгосрочное сотрудничество от 1 года.  Будет преимуществом:  Опыт проектирования сетевой архитектуры Опыт работы с Concurrency C#. Асинхронность, многопоточность, контроль, безопасность.  Условия:  Работа в аккредитованной IT компании. Работа с крупным заказчиком по согласованному Roadmap. Команда профессионалов открытую к идеям и обмену опытом. Белая заработная плата, уровень по результатам собеседований. Работа в офисе или удаленно с возможностью командировок в г.Ижевск. Компенсация затрат на командировки в головной офис. Комфортный офис: рабочее место с мощным ПК, обеденная зона, кофе, парковка. Испытательный срок 2-4 месяца.  Напишите последние 3 проекта, компании и роли в комментарий на отклик. Спасибо и успехов в достижении поставленных целей!",,https://hh.ru/vacancy/134805839?query=C%23+%D1%80%D0%B0%D0%B7%D1%80%D0%B0%D0%B1%D0%BE%D1%82%D1%87%D0%B8%D0%BA&hhtmFrom=vacancy_search_list
Разработчик C#,Bip.ru,Москва,Не указана,,,,"Мы группа компаний, 12 лет создающая и развивающая популярные web и мобильные приложения для автолюбителей, которые на данный момент установили более 40 миллионов раз. У нас опытные разработчики, data-driven подход и гибкий процесс работы. Кого мы ищем: нам нужен C# разработчик, который будет развивать backend наших платежных решений и приложения для проверки и оплаты штрафов и платных дорог для ООО МПП (“Мобильные Платежные Приложения”). Мы расширяем команду, потому что у нас очень много крутых идей, но мало рук, чтобы реализовать их все. Технологический стек: .NET 9+, C#, PostgreSQL, Entity Framework, Redis, RabbitMQ, Kubernetes. Немного о продукте: Это сервисы, которые собирают и аккумулируют большое количество информации, позволяя автовладельцу оперативно увидеть штраф или другое начисление, посмотреть его детали и оплатить. Средний рейтинг приложения в сторах 4.8, более полутора миллионов оценок от пользователей. Сейчас 15% всех автовладельцев России оплачивают штрафы через наш сервис.  масштабируемая отказоустойчивая система с высокой пропускной способностью на базе микросервисной архитектуры; нагрузка: десятки миллионов активных пользователей, 700 тысяч человек ежедневно, сотни миллионов задач, запускающихся по расписанию; сервера в облаках, микросервисы, мониторинг, CI/CD, unit-тесты; кодовая база, постоянно поддерживаемая в актуальном состоянии.  Что нужно будет делать:  разрабатывать новый функционал для backend; проектировать и реализовывать новые микросервисы; участвовать в принятии технических решений и планировании процесса разработки; решать вопросы оптимизации производительности на всех уровнях приложений; проводить code-review.  Какие этапы собеседования мы проводим:  Скрининг с HR (30 минут); Техническое интервью с инженером (1,5 часа); Техническое интервью с архитектором (1,5 часа)  Как правило, кандидат все этапы проходит за неделю. Пожелания к опыту работы:  опыт коммерческой разработки на C# от 3 лет; опыт работы с любой современной реляционной СУБД; опыт создания Web API; понимание основных принципов работы высоконагруженных приложений; понимание, что такое CI, и зачем он нужен; умение писать unit-тесты, а также понимание, зачем они нужны.  У нас:  официальное трудоустройство в аккредитованной ИТ-компании; нет переработок и горящих дедлайнов, отдаём предпочтение хорошим решениям и никуда не спешим; ДМС c первого рабочего дня для сотрудника; компенсация питания в сервисе Яндекс Go с чеком 1300 руб./день; техника и ПО на выбор; обучение, книги и курсы; оплачиваем конференции; релокационный пакет. Оплатим дорогу и первый месяц аренды квартиры в Москве в размере 40 тысяч рублей; в последний четверг месяца делаем что-нибудь вместе: вечером идем на занятие по скалолазанию, фехтованию или игре на джембе - идей масса, а завершаем вечер в баре. Два раза в год устраиваем большой корпоратив; удобный офис. Он расположен в современном БЦ Manhattan в 5 минутах ходьбы от Бауманской или в 10 минутах от Красносельской. Разделен на тихую рабочую зону и лаунж с переговорками, кухней, диванами; возможность работать удаленно; удобный график. Начинаем работу в интервале с 8 до 11 утра.","нам нужен C# разработчик, который будет развивать backend наших платежных решений и приложения для проверки и оплаты штрафов и платных дорог для ООО МПП (“Мобильные Платежные Приложения”). Мы расширяем команду, потому что у нас очень много крутых идей, но мало рук, чтобы реализовать их все. Технологический стек: .NET 9+, C#, PostgreSQL, Entity Framework, Redis, RabbitMQ, Kubernetes. Немного о продукте: Это сервисы, которые собирают и аккумулируют большое количество информации, позволяя автовладельцу оперативно увидеть штраф или другое начисление, посмотреть его детали и оплатить. Средний рейтинг приложения в сторах 4.8, более полутора миллионов оценок от пользователей. Сейчас 15% всех автовладельцев России оплачивают штрафы через наш сервис.  масштабируемая отказоустойчивая система с высокой пропускной способностью на базе микросервисной архитектуры; нагрузка: десятки миллионов активных пользователей, 700 тысяч человек ежедневно, сотни миллионов задач, запускающихся по расписанию; сервера в облаках, микросервисы, мониторинг, CI/CD, unit-тесты; кодовая база, постоянно поддерживаемая в актуальном состоянии.  Что нужно будет делать:  разрабатывать новый функционал для backend; проектировать и реализовывать новые микросервисы; участвовать в принятии технических решений и планировании процесса разработки; решать вопросы оптимизации производительности на всех уровнях приложений; проводить code-review.  Какие этапы собеседования мы проводим:  Скрининг с HR (30 минут); Техническое интервью с инженером (1,5 часа); Техническое интервью с архитектором (1,5 часа)  Как правило, кандидат все этапы проходит за неделю. Пожелания к опыту работы:  опыт коммерческой разработки на C# от 3 лет; опыт работы с любой современной реляционной СУБД; опыт создания Web API; понимание основных принципов работы высоконагруженных приложений; понимание, что такое CI, и зачем он нужен; умение писать unit-тесты, а также понимание, зачем они нужны.  У нас:  официальное трудоустройство в аккредитованной ИТ-компании; нет переработок и горящих дедлайнов, отдаём предпочтение хорошим решениям и никуда не спешим; ДМС c первого рабочего дня для сотрудника; компенсация питания в сервисе Яндекс Go с чеком 1300 руб./день; техника и ПО на выбор; обучение, книги и курсы; оплачиваем конференции; релокационный пакет. Оплатим дорогу и первый месяц аренды квартиры в Москве в размере 40 тысяч рублей; в последний четверг месяца делаем что-нибудь вместе: вечером идем на занятие по скалолазанию, фехтованию или игре на джембе - идей масса, а завершаем вечер в баре. Два раза в год устраиваем большой корпоратив; удобный офис. Он расположен в современном БЦ Manhattan в 5 минутах ходьбы от Бауманской или в 10 минутах от Красносельской. Разделен на тихую рабочую зону и лаунж с переговорками, кухней, диванами; возможность работать удаленно; удобный график. Начинаем работу в интервале с 8 до 11 утра.",,,https://hh.ru/vacancy/129471202?query=C%23+%D1%80%D0%B0%D0%B7%D1%80%D0%B0%D0%B1%D0%BE%D1%82%D1%87%D0%B8%D0%BA&hhtmFrom=vacancy_search_list
Младший .NET разработчик,КРОК,"Москва, р-н Лефортово",Не указана,,,,"КРОК — одна из ведущих ИТ-компаний России, предоставляет комплексные решения для бизнеса. Департамент внутренней автоматизации — ИТ-бизнес-партнёр КРОК. Мы автоматизируем внутренние процессы компании, внедряем и дорабатываем готовые решения, а также разрабатываем собственные продукты. Мы в поисках Младшего разработчика .NET в команду разработки решений по управлению проектами для развития внутренних продуктов. Наши ожидания:   опыт написания приложений на платформе .NET;   базовые знания по C# и SQL/NoSQL;   опыт работы с EF Core и LINQ;   умение разрабатывать REST API;   понимание алгоритмов и структур данных;   знание Git на базовом уровне;   понимание взаимодействия backend и frontend;   знание паттернов проектирования и умение рассказать об их применении.   Будет плюсом:   опыт работы на аналогичном технологическом стеке;   опыт работы с Unit-тестами;   опыт работы с Code review (умение работать с чужим кодом, объективно критиковать и воспринимать чужую критику).   Ваши задачи:   разработка нового функционала на C# / .NET;   поддержка и стабилизация существующего функционала;   работа с базами данных MS SQL;   взаимодействие с frontend-частью приложения;   участие в проработке решений;   участие в развитии внутренних систем автоматизации;   проектирование разработки интеграции с многочисленными внешними системами по протоколам REST, MQ.   Мы предлагаем:   широкий стек технологий и проектов, возможность гибко строить свой карьерный трек;   зарплату, соответствующую опыту и навыкам, прозрачную систему мотивации;   работу в компании с аккредитацией в Минцифре;   поддержку профессионального развития – курсы и тренинги от корпоративного университета, внешнее обучение за счет компании;   возможность делиться экспертизой – выступать на внешних и внутренних митапах и конференциях, писать в техноблоги, участвовать в студенческих образовательных программах от brainz by CROC;   well-being-программы – расширенный пакет ДМС со стоматологией и психологом, телемедицина 24/7, hotline CROC (внутренняя система консультирования и оперативной помощи по вопросам здоровья);   спорт – сезонные спортивные программы, компенсация фитнеса, современный спортзал для занятий в офисе, беговой клуб, приложение Croc Sport, командные соревнования по популярным видам спорта;   яркая корпоративная жизнь – более 100 программ в год (совместные путешествия, праздники, тимбилдинги, клуб путешественников, случайный кофе);   комфортный офис с компенсацией питания в CROC Cafe, экосистемой сервисов, парковкой, корпоративным транспортом от метро.   Данное описание вакансии не является офертой",,,,https://hh.ru/vacancy/133787674?query=C%23+%D1%80%D0%B0%D0%B7%D1%80%D0%B0%D0%B1%D0%BE%D1%82%D1%87%D0%B8%D0%BA&hhtmFrom=vacancy_search_list
Junior Unity Developer на мобильную RTS,Gear Games,Волгоград,Не указана,,,,"Gear Games — команда профессионалов, возрождающая на мобильных устройствах один из самых интересных игровых жанров - классические RTS. Наши проекты, Art Of War 3: Global Conflict и War Legends, объединили более 20 миллионов пользователей и заслужили средний рейтинг 4.7 в сторах. Мы — это стабильность, долгосрочное развитие и внимание к качеству. Для нас важны творческая атмосфера и возможности для профессионального роста. Сейчас мы ищем Unity-разработчика для усиления команды. Если хотите работать над значимыми проектами с командой единомышленников, присоединяйтесь к Gear Games! Чем предстоит заниматься:   Внедрение новых фич и игровых механик   Разработка нового и поддержание уже существующего кода   Вёрстка UI и написание логики под него   Оптимизация под мобильные платформы   Разработка внутренних инструментов (расширения для редактора Unity и т.п)   Участие в развитии архитектуры проекта   Требования:   Знание Unity и C#, понимание принципов ООП   Знание Unity UI. Понимание адаптивной вёрстки   Любовь к играм и желание их делать   Умение самостоятельно искать информацию и решать возникающие проблемы   Внимание к мелочам   Владеть системами контроля версий   Желательно иметь свой репозиторий с кодом, который можно показать.   Вашим преимуществом будет:   Уже делали свои игры на собственном движке, на движке Unity или на любом другом   Имеете опыт работы с Unity UI   Имеете опыт работы с Zenject   Имеете опыт работы с UniTask, DoTween, UniRx   Имеете опыт работы в игровой индустрии   Наличие завершенных проектов   Имеете знания по платформам Android и iO   Использование LLM.   Наш основной стек:  C#, Unity, IL2CPP Zenject, UniTask, UniRx, UnityWebRequest, Addressables, OdinInspector GitLab, Teamcity, OpenSearch Java, FireBase, UnityIAP  Мы предлагаем:  Гибкий старт рабочего дня (9-10 по МСК), возможность удаленной работы, включая зарубежные страны  Система наставничества: ежемесячные встречи 1 на 1 с ментором для обсуждения карты развития   Уроки английского дважды в неделю с оплатой 50% занятий (после испытательного срока)   Оплата до 50% годового абонемента в спортзал или другого спортивного курса после испытательного срока   3 офиса в России (Москва, Кострома, Курск) и возможность удаленной работы   Подарки к праздникам, дням рождения и знаковым датам компании   Командные мероприятия:   Внутренние конференции дважды в год (зима/лето) за счет компании   Ежегодные турниры по играм компании с призами   Ежегодные геймджемы с призовым фондом     Сильная команда с комфортным общением и атмосферой взаимоподдержки, что ощущается даже при удаленной работе     Приложите, пожалуйста, git-репозиторий с проектом/проектами для оценки качества написания кода.","Unity-разработчика для усиления команды. Если хотите работать над значимыми проектами с командой единомышленников, присоединяйтесь к Gear Games! Чем предстоит заниматься:   Внедрение новых фич и игровых механик   Разработка нового и поддержание уже существующего кода   Вёрстка UI и написание логики под него   Оптимизация под мобильные платформы   Разработка внутренних инструментов (расширения для редактора Unity и т.п)   Участие в развитии архитектуры проекта   Требования:   Знание Unity и C#, понимание принципов ООП   Знание Unity UI. Понимание адаптивной вёрстки   Любовь к играм и желание их делать   Умение самостоятельно искать информацию и решать возникающие проблемы   Внимание к мелочам   Владеть системами контроля версий   Желательно иметь свой репозиторий с кодом, который можно показать.   Вашим преимуществом будет:   Уже делали свои игры на собственном движке, на движке Unity или на любом другом   Имеете опыт работы с Unity UI   Имеете опыт работы с Zenject   Имеете опыт работы с UniTask, DoTween, UniRx   Имеете опыт работы в игровой индустрии   Наличие завершенных проектов   Имеете знания по платформам Android и iO   Использование LLM.   Наш основной стек:  C#, Unity, IL2CPP Zenject, UniTask, UniRx, UnityWebRequest, Addressables, OdinInspector GitLab, Teamcity, OpenSearch Java, FireBase, UnityIAP  Мы предлагаем:  Гибкий старт рабочего дня (9-10 по МСК), возможность удаленной работы, включая зарубежные страны  Система наставничества: ежемесячные встречи 1 на 1 с ментором для обсуждения карты развития   Уроки английского дважды в неделю с оплатой 50% занятий (после испытательного срока)   Оплата до 50% годового абонемента в спортзал или другого спортивного курса после испытательного срока   3 офиса в России (Москва, Кострома, Курск) и возможность удаленной работы   Подарки к праздникам, дням рождения и знаковым датам компании   Командные мероприятия:   Внутренние конференции дважды в год (зима/лето) за счет компании   Ежегодные турниры по играм компании с призами   Ежегодные геймджемы с призовым фондом     Сильная команда с комфортным общением и атмосферой взаимоподдержки, что ощущается даже при удаленной работе     Приложите, пожалуйста, git-репозиторий с проектом/проектами для оценки качества написания кода.","Внедрение новых фич и игровых механик   Разработка нового и поддержание уже существующего кода   Вёрстка UI и написание логики под него   Оптимизация под мобильные платформы   Разработка внутренних инструментов (расширения для редактора Unity и т.п)   Участие в развитии архитектуры проекта   Требования:   Знание Unity и C#, понимание принципов ООП   Знание Unity UI. Понимание адаптивной вёрстки   Любовь к играм и желание их делать   Умение самостоятельно искать информацию и решать возникающие проблемы   Внимание к мелочам   Владеть системами контроля версий   Желательно иметь свой репозиторий с кодом, который можно показать.   Вашим преимуществом будет:   Уже делали свои игры на собственном движке, на движке Unity или на любом другом   Имеете опыт работы с Unity UI   Имеете опыт работы с Zenject   Имеете опыт работы с UniTask, DoTween, UniRx   Имеете опыт работы в игровой индустрии   Наличие завершенных проектов   Имеете знания по платформам Android и iO   Использование LLM.   Наш основной стек:  C#, Unity, IL2CPP Zenject, UniTask, UniRx, UnityWebRequest, Addressables, OdinInspector GitLab, Teamcity, OpenSearch Java, FireBase, UnityIAP  Мы предлагаем:  Гибкий старт рабочего дня (9-10 по МСК), возможность удаленной работы, включая зарубежные страны  Система наставничества: ежемесячные встречи 1 на 1 с ментором для обсуждения карты развития   Уроки английского дважды в неделю с оплатой 50% занятий (после испытательного срока)   Оплата до 50% годового абонемента в спортзал или другого спортивного курса после испытательного срока   3 офиса в России (Москва, Кострома, Курск) и возможность удаленной работы   Подарки к праздникам, дням рождения и знаковым датам компании   Командные мероприятия:   Внутренние конференции дважды в год (зима/лето) за счет компании   Ежегодные турниры по играм компании с призами   Ежегодные геймджемы с призовым фондом     Сильная команда с комфортным общением и атмосферой взаимоподдержки, что ощущается даже при удаленной работе     Приложите, пожалуйста, git-репозиторий с проектом/проектами для оценки качества написания кода.",,https://hh.ru/vacancy/134652765?query=C%23+%D1%80%D0%B0%D0%B7%D1%80%D0%B0%D0%B1%D0%BE%D1%82%D1%87%D0%B8%D0%BA&hhtmFrom=vacancy_search_list
C# разработчик,"САТЕЛ, Группа компаний",Нижний Новгород,Не указана,,,,"САТЕЛ - Одна из ведущих российских IT-компаний, работающая на рынке системной интеграции, информационных и коммуникационных технологий.Для долгого и продуктивного сотрудничества ищем в команду С# разработчика. Небольшая суть работы для понимания: Разработка и поддержка модулей телефонии (VoIP) Ожидания от кандидата:  C#; ASP.NET; .NET Core, Entity Framework; Опыт написания или поддержки консольных, серверных приложений; Rest API; SQL (MySQL и PostgreSQL); Linux; Git; Jira; Знание сетевых протоколов.  Софты:  Не бояться чужого кода; Коммуникабельность.  Условия работы:  Офисный формат работы; Оформление официальное, IT-компания аккредитованная, ЗП белая; Интересные задачи, возможность влиять на архитектуру решения; Комфортные условия. Предоставим гибкий график. Адекватное руководство и минимум бюрократии; Корпоративное обучение. Возможность обучаться как внутри компании, так и на внешних семинарах и конференциях.  Дополнительные инструкции: Собеседование проводим в 2 этапа: Интервью с HR (до 20 минут); Очное техническое интервью (до 1, 5 часов).",,,,https://hh.ru/vacancy/134654935?query=C%23+%D1%80%D0%B0%D0%B7%D1%80%D0%B0%D0%B1%D0%BE%D1%82%D1%87%D0%B8%D0%BA&hhtmFrom=vacancy_search_list
Junior .NET-разработчик,Directum,"Ижевск, р-н Индустриальный",Не указана,,,,"Привет! Это команда прикладной разработки Directum RX – создаём интеллектуальные системы управления цифровыми процессами и документами. Системой пользуется нефтегазовый сектор, банки гос.органы. После импортозамещения спрос на продукт возрос — скучно не бывает. Новые прикладные фичи охватывают:  делопроизводство и документооборот; договоры и финансовый архив; электронный обмен документами с контрагентами через сервисы СБИС и Диадок; масштабируемость и надежность работы (десятки тысяч пользователей и миллионы документов); поддержку Linux и отечественных офисных пакетов.  Конкретные задачи зависят от команды и меняются каждые 3–4 месяца. Сейчас в прикладной разработке шесть команд. В каждой по 5–6 разработчиков, 2 тестировщика и аналитик. Есть свой product owner и проектировщики. Мы планируем продолжить расти дальше и в поиске Junior .NET-разработчика. Работаем со стеком:   .NET, .NET Core; СУБД: PostgreSQL, MS SQL Server; среда разработки: Development Studio, VS Code с собственными плагинами; системы контроля версий: Git, Azure DevOps; инфраструктура: Python, ReportPortal, Jenkins, NUnit.  Какие предстоят задачи:  работа в команде с другими разработчиками, тестировщиками, аналитиками для реализации новой или развития текущей бизнеc-логики Directum RX; сопровождение и поддержка выпущенных версий Directum RX.  Примеры задач:  есть интеграция с операторами ЭДО. Логика была последовательная и прокачивала за рабочий день определенное количество пакетов документов. Нужно было сделать логику параллельной и ускорить очередь обработки документов в 10 раз; перевод бизнес-процессов с одного движка на другой на основе No-code; реализация поддержки создания, подписания, регистрации в ФНС машиночитаемых доверенностей; есть некоторый функционал, который по определенным правилам в фоне назначает права на документы. Нужно было сделать так, чтобы данный функционал работал на БД с > 200 млн. документов без существенной загрузки системы в рабочее время пользователей.  На собеседовании спросим про опыт:  промышленной разработки на C# .NET (желателен от 2 лет); работы с SQL и СУБД; работы с чужим кодом; написания собственного чистого кода; уделим внимание твоим знаниям Git, SRP, SOLID, KISS, ООП.  Условия:  Работа в стабильной компании федерального масштаба, система - лидер рынка. Разработчики сами определяют пути реализации, архитектуру и способы выполнения задач. Выделяется время на исследование и прототипирование. Команда отвечает за фичи. Активно практикуем TDD, рефакторинг, техдолг, code review, анализ производительности. Для нас важны качественный код и совместимость API. Профессиональное развитие: собираем свои митапы, выступаем на крупных ИТ-конференциях, проводим мозговые штурмы и инженерные дни. Выделяем рабочее время на внутреннее обучение.  Заработная плата обсуждается индивидуально.   Выделяем наставника, обеспечиваем обучением.   Мы аккредитованная ИТ-компания, возможна бронь/отсрочка при соблюдении необходимых условий Минцифры.",,,,https://hh.ru/vacancy/134669514?query=C%23+%D1%80%D0%B0%D0%B7%D1%80%D0%B0%D0%B1%D0%BE%D1%82%D1%87%D0%B8%D0%BA&hhtmFrom=vacancy_search_list
Разработчик C#,Смарт Телеком,Санкт-Петербург,Не указана,,,,"Смарт Телеком — входит в пятерку крупнейших универсальных операторов Санкт-Петербурга и в ТОП-30 телекоммуникационных компаний России. Мы надежный партнер в мире технологий с 1996 года. Мы не просто предоставляем интернет и связь — мы создаем экосистему коммуникаций, на которую вы можете опереться. Тысячи успешных кейсов и доверие наших клиентов — это то, что делает нас лидерами рынка. Мы в поиске Разработчика C# для работы над стабильным, масштабируемым desktop-приложением в сфере корпоративных решений. Если ты любишь писать чистый, поддерживаемый код и хочешь влиять на продукт от идеи до релиза — тебе к нам.Технологический стек: C# / .NET / .NET Core WinForms, WPF WCF LINQ Git MS SQL Если ты:  Имеешь опыт разработки на C# от 2 лет. Практический опыт создания desktop-приложений (WinForms / WPF). Уверенно используешь LINQ для работы с данными в реальных проектах. Знаешь ООП, SOLID и базовые архитектурные паттерны. Работал с Git — от коммитов до ветвления и ревью. Умеешь поддерживать и рефакторить legacy-код.  Будет плюсом:  Навыки работы с Entity Framework или другими ORM.  Опыт оптимизации SQL-запросов и работы с MS SQL.   Знание многопоточности и асинхронных паттернов (async/await).   Опыт разработки или поддержки сервисов (WCF, Web API).   Личные качества:  Самостоятельность — ты берешь задачу и доводишь ее до результата. Умение разбивать сложное на простое — оцениваешь сроки, ставишь приоритеты. Командный игрок — легко общаешься, делишься знаниями, не боишься задавать вопросы.  Мы предлагаем:  Оформление в штат компании согласно ТК РФ + социальный пакет. Рабочий день: 8 часов понедельник–пятница. Выходные — суббота и воскресенье. Фиксированный ежемесячный оклад и полугодовые премии. Широкую программу ДМС, с круглосуточной телемедициной и скидками для родственников. Праздничные выплаты на день рождения, юбилеи и значимые события. Участите в реферальной программе — бонусы за привлечение талантливых коллег. Рост от разработчика до техлида. Команду, где ценят качество и профессионализм.",,,,https://hh.ru/vacancy/134745056?query=C%23+%D1%80%D0%B0%D0%B7%D1%80%D0%B0%D0%B1%D0%BE%D1%82%D1%87%D0%B8%D0%BA&hhtmFrom=vacancy_search_list
Unity-разработчик,ООО 42,"Пермь, р-н Ленинский",Не указана,,,,"Мы в поисках Unity-разработчика для создания интерактивной визуализации данных в области образования, обучающих игр, информатизации медицины. Инструменты и технологии:  C#, Unity ECS, EntityComponentSystem Zenject UniTask WebGL Design: Figma Gitlab, Jira, Confluence  Обязанности:  Проектирование платформенных решений и приложений Командная разработка обучающих физических симуляторов с элементами геймификации Решение математических и геометрических задач  Требования:  Опыт разработки на Unity - от 3 лет Уверенное владение Unity и C# Умение писать не связанный и легко расширяемый код Знание теории трехмерной графики Знание тригонометрии, линейной алгебры и умения применять его на практике Наличие опыта разработки интерактивных приложений / информационных систем или игрового ПО с использованием вышеперечисленных технологий  Будет плюсом:  Опыт написания шейдеров Опыт разработки на WPF  Условия:  Официальное оформление по ТК РФ в аккредитованной IT компании, белая ЗП Соцпакет: ДМС или компенсация за спорт, транспорт, путешествия, технику, обучения Активности на любой вкус: спортивные тренировки, мастер классы, курсы английского языка и книжный клуб Проф. обучение и конференции, в том числе в других городах Возможность работать удаленно по России, трудовой договор и другие документы высылаем почтой Офисы: в Москве (ул. Полковая, д. 3, стр. 1), Самаре (Московское шоссе, д. 4, стр. 9) и Перми (ул. Советская, д. 3) Доставка на дом техники для работы Командные развлечения и поездки в другие города","Опыт разработки на Unity - от 3 лет Уверенное владение Unity и C# Умение писать не связанный и легко расширяемый код Знание теории трехмерной графики Знание тригонометрии, линейной алгебры и умения применять его на практике Наличие опыта разработки интерактивных приложений / информационных систем или игрового ПО с использованием вышеперечисленных технологий  Будет плюсом:  Опыт написания шейдеров Опыт разработки на WPF  Условия:  Официальное оформление по ТК РФ в аккредитованной IT компании, белая ЗП Соцпакет: ДМС или компенсация за спорт, транспорт, путешествия, технику, обучения Активности на любой вкус: спортивные тренировки, мастер классы, курсы английского языка и книжный клуб Проф. обучение и конференции, в том числе в других городах Возможность работать удаленно по России, трудовой договор и другие документы высылаем почтой Офисы: в Москве (ул. Полковая, д. 3, стр. 1), Самаре (Московское шоссе, д. 4, стр. 9) и Перми (ул. Советская, д. 3) Доставка на дом техники для работы Командные развлечения и поездки в другие города","Проектирование платформенных решений и приложений Командная разработка обучающих физических симуляторов с элементами геймификации Решение математических и геометрических задач  Требования:  Опыт разработки на Unity - от 3 лет Уверенное владение Unity и C# Умение писать не связанный и легко расширяемый код Знание теории трехмерной графики Знание тригонометрии, линейной алгебры и умения применять его на практике Наличие опыта разработки интерактивных приложений / информационных систем или игрового ПО с использованием вышеперечисленных технологий  Будет плюсом:  Опыт написания шейдеров Опыт разработки на WPF  Условия:  Официальное оформление по ТК РФ в аккредитованной IT компании, белая ЗП Соцпакет: ДМС или компенсация за спорт, транспорт, путешествия, технику, обучения Активности на любой вкус: спортивные тренировки, мастер классы, курсы английского языка и книжный клуб Проф. обучение и конференции, в том числе в других городах Возможность работать удаленно по России, трудовой договор и другие документы высылаем почтой Офисы: в Москве (ул. Полковая, д. 3, стр. 1), Самаре (Московское шоссе, д. 4, стр. 9) и Перми (ул. Советская, д. 3) Доставка на дом техники для работы Командные развлечения и поездки в другие города",,https://hh.ru/vacancy/134816939?query=C%23+%D1%80%D0%B0%D0%B7%D1%80%D0%B0%D0%B1%D0%BE%D1%82%D1%87%D0%B8%D0%BA&hhtmFrom=vacancy_search_list
Разработчик C#,АО ИнфоТеКС,"Томск, р-н Кировский",Не указана,,,,"ГК ""ИнфоТеКС"", входящая в ТОП-5 компаний России в сфере защиты информации, лидер в разработке средств защиты информации, приглашает разработчика C# Обязанности:  Написание кода на C# (.NET 10) под целевую ОС Linux. Участие в поддержке и реализации новой функциональности продукта. Создание динамических C# оберток для C++ библиотек и интеграция их в код продукта. Написание модульных и интеграционных тестов, проведение код-ревью.  Требования:  Коммерческий опыт разработки на C# от 2 лет. Уверенное знание платформы .NET (опыт с .NET 7/8/9 обязателен, опыт с .NET 10 будет плюсом). Опыт работы с [DllImport] (уверенное знание P/Invoke будет плюсом). Понимание принципов микросервисной архитектуры (декомпозиция, синхронное/асинхронное взаимодействие, отказоустойчивость). Уверенная работа в Linux на уровне пользователя (запуск, просмотр логов, базовые утилиты). Владение Git (ветвление, разрешение конфликтов, rebase/squash). Умение писать чистый, поддерживаемый код и покрывать его тестами.  Условия:   работа в офисе;   полное соблюдение трудового законодательства РФ, оплачиваемые отпуска и больничные листы, ""белая"" заработная плата;   оплачиваемое работодателем питание в офисе или кафе;   ДМС (добровольное медицинское страхование), страховка от несчастных случаев;   корпоративные мероприятия и спортивные инициативы;   возможность получения профессиональных сертификатов и прохождения курсов повышения квалификации за счёт компании.","Коммерческий опыт разработки на C# от 2 лет. Уверенное знание платформы .NET (опыт с .NET 7/8/9 обязателен, опыт с .NET 10 будет плюсом). Опыт работы с [DllImport] (уверенное знание P/Invoke будет плюсом). Понимание принципов микросервисной архитектуры (декомпозиция, синхронное/асинхронное взаимодействие, отказоустойчивость). Уверенная работа в Linux на уровне пользователя (запуск, просмотр логов, базовые утилиты). Владение Git (ветвление, разрешение конфликтов, rebase/squash). Умение писать чистый, поддерживаемый код и покрывать его тестами.  Условия:   работа в офисе;   полное соблюдение трудового законодательства РФ, оплачиваемые отпуска и больничные листы, ""белая"" заработная плата;   оплачиваемое работодателем питание в офисе или кафе;   ДМС (добровольное медицинское страхование), страховка от несчастных случаев;   корпоративные мероприятия и спортивные инициативы;   возможность получения профессиональных сертификатов и прохождения курсов повышения квалификации за счёт компании.","Написание кода на C# (.NET 10) под целевую ОС Linux. Участие в поддержке и реализации новой функциональности продукта. Создание динамических C# оберток для C++ библиотек и интеграция их в код продукта. Написание модульных и интеграционных тестов, проведение код-ревью.  Требования:  Коммерческий опыт разработки на C# от 2 лет. Уверенное знание платформы .NET (опыт с .NET 7/8/9 обязателен, опыт с .NET 10 будет плюсом). Опыт работы с [DllImport] (уверенное знание P/Invoke будет плюсом). Понимание принципов микросервисной архитектуры (декомпозиция, синхронное/асинхронное взаимодействие, отказоустойчивость). Уверенная работа в Linux на уровне пользователя (запуск, просмотр логов, базовые утилиты). Владение Git (ветвление, разрешение конфликтов, rebase/squash). Умение писать чистый, поддерживаемый код и покрывать его тестами.  Условия:   работа в офисе;   полное соблюдение трудового законодательства РФ, оплачиваемые отпуска и больничные листы, ""белая"" заработная плата;   оплачиваемое работодателем питание в офисе или кафе;   ДМС (добровольное медицинское страхование), страховка от несчастных случаев;   корпоративные мероприятия и спортивные инициативы;   возможность получения профессиональных сертификатов и прохождения курсов повышения квалификации за счёт компании.",,https://hh.ru/vacancy/134744115?query=C%23+%D1%80%D0%B0%D0%B7%D1%80%D0%B0%D0%B1%D0%BE%D1%82%D1%87%D0%B8%D0%BA&hhtmFrom=vacancy_search_list
Junior/Middle-C# разработчик,АО АЛТЭКС-СОФТ,"Королёв, микрорайон Юбилейный, Лесная улица, 16",Не указана,,,,"Обязанности:  Написание backend кода коллективная разработка, code-review внутри команды документирование работы во внутреннем трекере.  Требования:  опыт работы на платформе .NET Framework, .NET Core (C#, ASP Net), Entity Framework Core хорошее знание ANSI SQL понимание архитектуры REST, Web API умение и/или желание использовать современные подходы к разработке (Agile, DDD, TDD) опыт работы с Git, JIRA, Confluence, Jenkins.  Приветствуется:  наличие портфолио, работающих web-приложений при указании личного вклада в разработку опыт разработки высоконагруженных web-приложений начальные навыки администрирования с linux-системам знание основ контейнеризации (Docker, OpenShift).  Условия:   компания из Реестра ИТ, оформление отсрочки от призыва   конкурентная и «белая» зарплата   полная занятость 5/2  возможен гибридный график работы (удаленно-офис) обучение и повышение квалификации за счет компании компенсация аренды жилья для иногородних компенсация занятий спортом.","опыт работы на платформе .NET Framework, .NET Core (C#, ASP Net), Entity Framework Core хорошее знание ANSI SQL понимание архитектуры REST, Web API умение и/или желание использовать современные подходы к разработке (Agile, DDD, TDD) опыт работы с Git, JIRA, Confluence, Jenkins.  Приветствуется:  наличие портфолио, работающих web-приложений при указании личного вклада в разработку опыт разработки высоконагруженных web-приложений начальные навыки администрирования с linux-системам знание основ контейнеризации (Docker, OpenShift).  Условия:   компания из Реестра ИТ, оформление отсрочки от призыва   конкурентная и «белая» зарплата   полная занятость 5/2  возможен гибридный график работы (удаленно-офис) обучение и повышение квалификации за счет компании компенсация аренды жилья для иногородних компенсация занятий спортом.","Написание backend кода коллективная разработка, code-review внутри команды документирование работы во внутреннем трекере.  Требования:  опыт работы на платформе .NET Framework, .NET Core (C#, ASP Net), Entity Framework Core хорошее знание ANSI SQL понимание архитектуры REST, Web API умение и/или желание использовать современные подходы к разработке (Agile, DDD, TDD) опыт работы с Git, JIRA, Confluence, Jenkins.  Приветствуется:  наличие портфолио, работающих web-приложений при указании личного вклада в разработку опыт разработки высоконагруженных web-приложений начальные навыки администрирования с linux-системам знание основ контейнеризации (Docker, OpenShift).  Условия:   компания из Реестра ИТ, оформление отсрочки от призыва   конкурентная и «белая» зарплата   полная занятость 5/2  возможен гибридный график работы (удаленно-офис) обучение и повышение квалификации за счет компании компенсация аренды жилья для иногородних компенсация занятий спортом.",,https://hh.ru/vacancy/132575054?query=C%23+%D1%80%D0%B0%D0%B7%D1%80%D0%B0%D0%B1%D0%BE%D1%82%D1%87%D0%B8%D0%BA&hhtmFrom=vacancy_search_list
.Net Разработчик,Альфа-Банк. ИТ-специалисты,Москва,Не указана,,,,"Чем предстоит заниматься:  Создание, тестирование и отладка программного обеспечения на платформе .NET Участие в проектировании архитектуры системы и принятии технических решений Взаимодействие с командой разработчиков, менеджерами проектов и заказчиками для обсуждения требований, задач и результатов работы Следование стандартам кодирования, безопасности и другим практикам разработки программного обеспечения  Что мы ожидаем от вас:  Владение C# и .Net Core Глубокое знание SQL Знание теории реляционных баз данных, опыт их проектирования Опыт работы с ORM (EntityFramework) Знание основных этапов жизненного цикла ПО Понимание и опыт применения принципов SOLID Знание TDD, опыт использования Unit Testing Опыт разработки интеграционных взаимодействий (REST, SOAP, ODBC, MQ) Опыт работы с Jira, Confluence, GIT, Jenkins, Docker  Что мы предлагаем взамен:  Стабильный и прозрачный доход: размер заработной платы обсуждается по итогам собеседования + годовая премия по результатам KPI Полную удалёнку или гибрид на выбор, а также уютный ИТ-хаб в Москве, Санкт-Петербурге, Екатеринбурге и сезонный коворкинг в Сочи Возможность работать над задачами и проектами, которые приносят пользу, а также связанные с этим саморазвитие и удовлетворение Возможность вертикального и горизонтального карьерного роста: регулярно проходят тренинги, вебинары и демо-дни Наставничество со стороны наших лидов Доступ к корпоративной библиотеке Alpina Digital Предложения от Банка только для сотрудников: собственные спортзалы (Москва, Санкт-Петербург, Екатеринбург), а также скидки на услуги туристических агентств, продукты питания, в рестораны, бары, магазины​​​​​​​",,"Создание, тестирование и отладка программного обеспечения на платформе .NET Участие в проектировании архитектуры системы и принятии технических решений Взаимодействие с командой разработчиков, менеджерами проектов и заказчиками для обсуждения требований, задач и результатов работы Следование стандартам кодирования, безопасности и другим практикам разработки программного обеспечения  Что мы ожидаем от вас:  Владение C# и .Net Core Глубокое знание SQL Знание теории реляционных баз данных, опыт их проектирования Опыт работы с ORM (EntityFramework) Знание основных этапов жизненного цикла ПО Понимание и опыт применения принципов SOLID Знание TDD, опыт использования Unit Testing Опыт разработки интеграционных взаимодействий (REST, SOAP, ODBC, MQ) Опыт работы с Jira, Confluence, GIT, Jenkins, Docker  Что мы предлагаем взамен:  Стабильный и прозрачный доход: размер заработной платы обсуждается по итогам собеседования + годовая премия по результатам KPI Полную удалёнку или гибрид на выбор, а также уютный ИТ-хаб в Москве, Санкт-Петербурге, Екатеринбурге и сезонный коворкинг в Сочи Возможность работать над задачами и проектами, которые приносят пользу, а также связанные с этим саморазвитие и удовлетворение Возможность вертикального и горизонтального карьерного роста: регулярно проходят тренинги, вебинары и демо-дни Наставничество со стороны наших лидов Доступ к корпоративной библиотеке Alpina Digital Предложения от Банка только для сотрудников: собственные спортзалы (Москва, Санкт-Петербург, Екатеринбург), а также скидки на услуги туристических агентств, продукты питания, в рестораны, бары, магазины​​​​​​​",,https://hh.ru/vacancy/133856435?query=C%23+%D1%80%D0%B0%D0%B7%D1%80%D0%B0%D0%B1%D0%BE%D1%82%D1%87%D0%B8%D0%BA&hhtmFrom=vacancy_search_list
.NET Разработчик,Т-Банк. ИТ. Разработка,"Челябинск, р-н Центральный",Не указана,,,,".NET стремительно набирает популярность в Т-Банке: по количеству разработчиков C# сейчас на втором месте (200+ человек), хотя еще пару лет назад было всего несколько команд. Экосистема компании довольно обширна, и разработка любого сервиса, даже внутреннего — челлендж.Наш стек: .NET 6+, ASP.NET Core, PostgreSQL/MongoDB, Kafka, ClickHouse, Docker, Kubernetes, Gitlab. Работаем по методологии Scrum / Kanban Вам предстоит  Принимать участие в разработке сервисов, помогающих экосистеме T-Банка развиваться: платформа для удаленной работы сотрудников (TWork), Телефония, Биометрия, Т-Бизнес, T-Путешествия, Т-Инвестиции, Т-Страхование и другие проекты Участвовать в полном цикле разработки проекта: Design -> Develop -> Test (Unit / Integration / Api) -> Deploy -> Support  Что мы ожидаем от вас  Опыт коммерческой разработки Web-приложений на платформе .NET от 3 лет Хорошее знание основ платформы .NET (Memory Management, async/await) Опыт работы с базами данных (в основном используем PostgreSQL + Entity Framework Core, иногда встречается Dapper) Понимание и опыт работы с одним из брокеров сообщений (RabbitMQ, Kafka, и.т.п) Опыт написания шагов для сборки/тестирования/деплоя своих приложений с одной из CI/CD систем (TeamCity, Github Actions, Gitlab, Drone и т.п.) Умение писать легко поддерживаемый код и покрывать его Unit/Integration/Api-тестами Умение общаться с аналитиками и реализовывать их пожелания без ущерба для архитектуры проекта  Дополнительным плюсом будет  Опыт работы с микросервисной архитектурой Опыт работы с NoSQL базами данных (MongoDB, Redis, Elasticsearch и т.п.) Опыт работы с Docker/Docker Compose (собрать/запустить свое приложение в контейнере) Опыт работы с Kubernetes  Мы предлагаем  Работу в офисе или гибридный формат — по договоренности с руководителем Платформу обучения и развития «Апгрейд». Курсы, тренинги, вебинары и базы знаний. Поддержку менторов и наставников, помощь в поиске точек роста и карьерном развитии Линейку льготных тарифов на продукты Т-Банка Комплексную программу заботы о здоровье. Оформим полис ДМС с широким покрытием и страховку от несчастных случаев. Предложим льготные условия страхования для ваших близких Возможность работы в аккредитованной ИТ-компании Частичную компенсацию затрат на спорт по окончании испытательного срока Компенсацию обедов и транспорта в дни посещения офиса Well-being-программу, которая помогает улучшить психологическое и физическое здоровье, а также разобраться с юридическими и финансовыми вопросами Три дополнительных дня отпуска в год Достойную зарплату — обсудим ее на собеседовании",,,,https://hh.ru/vacancy/134796705?query=C%23+%D1%80%D0%B0%D0%B7%D1%80%D0%B0%D0%B1%D0%BE%D1%82%D1%87%D0%B8%D0%BA&hhtmFrom=vacancy_search_list
C#/.NET-разработчик,IBS,Москва,Не указана,,,,"Компания специализируется на производстве промышленных дельта‑роботов и реализации комплексных автоматизированных решений для пищевой промышленности, создаёт проекты «под ключ» — от проектирования до пусконаладки (несущие конструкции, конвейеры, техзрение (на базе ИИ), внешнее оборудование, разработка ПО, монтаж), помогает своим заказчикам оптимизировать производство, чтобы их товары быстрее попадали на полки магазинов и к потребителям. С ростом числа и сложности проектов мы расширяем команду и приглашаем разработчика C# для управления роботизированными комплексами. Ваши задачи:  разрабатывать верхнеуровневое ПО на C# (.NET последней версии) для взаимодействия с промышленными устройствами; реализовывать бизнес‑логику автоматизированных систем; работать с оборудованием по сети (интеграция с железом); реализовывать многопоточные решения и частичный реалтайм‑функционал; интегрировать системы технического зрения (камеры GigE) с нейронными сетями (Tensorflow); участвовать в пусконаладочных работах на объектах заказчика (Москва, МО и другие города РФ); взаимодействовать с фронтенд‑разработчиком (Angular) и инженером по настройке оборудования.  Наши ожидания:  уверенное владение C# и .NET (готовы рассмотреть последние версии); опыт разработки многопоточных приложений; понимание принципов работы с оборудованием через сетевые протоколы; опыт работы с системами технического зрения или готовность быстро освоить эту область; базовые знания в области машинного зрения и нейросетей (Tensorflow — будет плюсом); умение разбираться в чужом коде и дорабатывать существующие решения; готовность к командировкам (30–40 % рабочего времени) для пусконаладки на объектах; ориентированность на результат и способность работать в условиях гибкого графика.  Мы предлагаем:  интересную работу над реальными проектами в сфере промышленной робототехники с видимым результатом; гибкий график работы — обсуждаем индивидуально (главное — результат, а не процесс); формат работы: 60–70 % в офисе (север Москвы), 30–40 % удалённо + командировки; возможность участвовать во всех этапах проекта — от разработки до внедрения на территории заказчика; работу в команде профессионалов, где ценится инициатива и творческий подход; знакомство с передовыми технологиями в автоматизации пищевых производств; конкурентную заработную плату — обсудим на собеседовании; перспективы профессионального роста вместе с развитием компании.  Примеры наших решений: https://nevlabs.ru/portfolio/",,,,https://hh.ru/vacancy/134722476?query=C%23+%D1%80%D0%B0%D0%B7%D1%80%D0%B0%D0%B1%D0%BE%D1%82%D1%87%D0%B8%D0%BA&hhtmFrom=vacancy_search_list
Старший разработчик C# + Go,Ozon Tech,Москва,Не указана,,,,"Мы разрабатываем систему управления складом — WMS. WMS автоматизирует все складские операции, от приёма машин с товаром до сбора заказов, упаковки их в посылки и передачи их в доставку. Наши склады работают 24/7, системой WMS пользуются тысячи сотрудников, и от того, насколько стабильно и быстро она работает, напрямую зависит счастье наших покупателей и поставщиков. WMS постоянно развивается, и у нас очень много задач. Поэтому мы усиливаем наше подразделение и ищем хороших разработчиков, которые смогут разобраться в новой предметной области и большой системе, и будут вместе с нам делать самую лучшую WMS. Наш стeк C#, Go, PostgreSQL, .NET, gRPC, K8s, Kafka и др. Нам важно  Хорошее знание C# (.NET Core) и опыт работы с ним от 4-х лет. Опыт использования реляционных баз данных. Опыт написания тестируемого кода и юнит-тестов к нему. Хорошее знание PostgreSQL. Знание паттернов микросервисной архитектуры. Опыт работы с gRPC, K8s, Prometheus, Grafana. Опыт работы с брокерами сообщений Kafka, RabbitMQ, Nats. Опыт разработки высоконагруженных Real-Time систем с нагрузками от 10к RPS.  Будет плюсом  Знание ClickHouse и GoLang.  Вы будете  Заниматься разработкой новых и поддержкой существующих сложных, высоконагруженных, работающих 24/7, систем, обеспечивающих бесперебойную работу складской и логистической инфраструктуры Ozon.",,,,https://hh.ru/vacancy/134439241?query=C%23+%D1%80%D0%B0%D0%B7%D1%80%D0%B0%D0%B1%D0%BE%D1%82%D1%87%D0%B8%D0%BA&hhtmFrom=vacancy_search_list
C#/.NET-разработчик,Буков Никита Сергеевич,Санкт-Петербург,Не указана,,,,"Твои задачи:  Проектирование и разработка высоконагруженных backend-сервисов на C# и .NET Имплементация логики имитации поведения тысяч пользователей в комментариях Интеграция с внешними API и сервисами соцсетей Оптимизация производительности и масштабируемости платформы Участие в архитектурных решениях и code review Написание юнит- и интеграционных тестов Документирование кода и технических решений  Требования:  Опыт коммерческой разработки на C# и .NET от 3 лет Глубокое понимание принципов ООП, паттернов проектирования Опыт работы с многопоточностью и асинхронным программированием Навыки интеграции с REST API, опыт работы с HTTP-клиентами Умение оптимизировать производительность и устранять узкие места Опыт написания тестов (unit/integration) Самостоятельность, инициативность, умение работать в распределённой команде  Условия и бонусы:  Удалённая работа из любой точки мира Гибкий график: 5/2, 8-часовой рабочий день Оформление по ТК, стабильная ""белая"" зарплата Современный стек, интересные задачи, возможность влиять на продукт Дружная команда профессионалов, обмен опытом и поддержка","Опыт коммерческой разработки на C# и .NET от 3 лет Глубокое понимание принципов ООП, паттернов проектирования Опыт работы с многопоточностью и асинхронным программированием Навыки интеграции с REST API, опыт работы с HTTP-клиентами Умение оптимизировать производительность и устранять узкие места Опыт написания тестов (unit/integration) Самостоятельность, инициативность, умение работать в распределённой команде  Условия и бонусы:  Удалённая работа из любой точки мира Гибкий график: 5/2, 8-часовой рабочий день Оформление по ТК, стабильная ""белая"" зарплата Современный стек, интересные задачи, возможность влиять на продукт Дружная команда профессионалов, обмен опытом и поддержка",,,https://hh.ru/vacancy/134717643?query=C%23+%D1%80%D0%B0%D0%B7%D1%80%D0%B0%D0%B1%D0%BE%D1%82%D1%87%D0%B8%D0%BA&hhtmFrom=vacancy_search_list
Fullstack-разработчик,Группа Компаний Мечел,"Челябинск, р-н Калининский",Не указана,,,,"Вакансия Fullstack-разработчик – это возможность применить свои профессиональные навыки в крупной логистической компании ООО""Мечел-сервис""( склады металлопроката), где стабильность — это уверенность в завтрашнем дне. Ваша роль - это признание вашего опыта:​​​​​​​  вам доверят разработку нового функционала программного обеспечения компании (CRM/WMS собственной разработки) от вашего результата будет зависеть скорость и точность учета металлопроката на складах и автоматизация как цепочек поставок, так и продаж  Ключевые преимущества (почему выбирают нас)  Стабильность и уважение: трудоустройство в ведущей компании отрасли, входящей в состав мощного промышленного холдинга «Мечел», устойчивое положение компании на рынке вот уже более 20 лет. Ваше мнение как эксперта будет иметь ключевой вес Официальная заработная плата: полное оформление по ТК РФ с первого рабочего дня, без задержек два раза в месяц, оплачиваемые отпуск и больничные Комплексный социальный пакет: мы заботимся о своих сотрудниках - предоставляем спецодежду и все необходимые средства индивидуальной защиты, обеспечиваем регулярные медосмотры, дарим подарки детям сотрудников Комфортные и безопасные условия: современные, хорошо оснащенные складские площадки, строгое соблюдение всех норм охраны труда и техники безопасности. График работы 5/2 с 8:00 до 17:00, восьмичасовой рабочий день. Гибридный график работы: 3 дня в офисе по адресу ул. Проспект Победы, 160, 2 дня удаленно  Нам будет комфортно работать вместе, если у вас есть: - опыт разработки на С# и Asp.Net Core (не менее 3-х лет) - опыт frontend-разработки с использованием Angular (не менее 2-х лет) - опыт работы с Oracle Database, PostgreSQL или аналогичными СУБД - опыт работы с RabbitMQ и Kafka - знания шаблонов проектирования и SOLID   Что вы будете делать и на что влиять : - разрабатывать новый функционал, используемого в Компании программного обеспечения (CRM/WMS собственной разработки) - дорабатывать существующий функционал, используемого в Компании программного обеспечения (CRM/WMS собственной разработки) - формировать технические задания на разработку нового функционала программного обеспечения - тестировать функционал программного обеспечения в команде - осуществлять техническую поддержку используемого в компании программного обеспечения   ​​​​​Давайте обсудим как ваш опыт может быть полезен в нашей компании, а условия в компании - вам.Откликайтесь на вакансию - с наиболее релевантными кандидатами мы свяжемся в течение недели.",,,,https://hh.ru/vacancy/134532682?query=C%23+%D1%80%D0%B0%D0%B7%D1%80%D0%B0%D0%B1%D0%BE%D1%82%D1%87%D0%B8%D0%BA&hhtmFrom=vacancy_search_list
Старший C#-разработчик,Ozon Tech,Москва,Не указана,,,,"Мы разрабатываем систему управления складом — WMS. WMS автоматизирует все складские операции, от приёма машин с товаром до сбора заказов, упаковки их в посылки и передачи их в доставку. Наши склады работают 24/7, системой WMS пользуются тысячи сотрудников, и от того, насколько стабильно и быстро она работает, напрямую зависит счастье наших покупателей и поставщиков. WMS постоянно развивается, и у нас очень много задач. Поэтому мы усиливаем наше подразделение и ищем хороших разработчиков, которые смогут разобраться в новой предметной области и большой системе, и будут вместе с нам делать самую лучшую WMS. Наш стeк C#, PostgreSQL, .NET, gRPC, K8s, Kafka и др. Нам важно  Хорошее знание C# (.NET Core) и опыт работы с ним от 4-х лет. Опыт использования реляционных баз данных. Опыт написания тестируемого кода и юнит-тестов к нему. Хорошее знание PostgreSQL. Знание паттернов микросервисной архитектуры. Опыт работы с gRPC, K8s, Prometheus, Grafana. Опыт работы с брокерами сообщений Kafka, RabbitMQ, Nats. Опыт разработки высоконагруженных Real-Time систем с нагрузками от 10к RPS.  Вы будете  Заниматься разработкой новых и поддержкой существующих сложных, высоконагруженных, работающих 24/7, систем, обеспечивающих бесперебойную работу складской и логистической инфраструктуры Ozon.",,,,https://hh.ru/vacancy/128517479?query=C%23+%D1%80%D0%B0%D0%B7%D1%80%D0%B0%D0%B1%D0%BE%D1%82%D1%87%D0%B8%D0%BA&hhtmFrom=vacancy_search_list
Backend-разработчик,Ventra,Москва,Не указана,,,,"Открыта позиция Backend-разработчика для креативного агентства и дочерней структуры корпорации Samsung. Чем предстоит заниматься:  Проектированием и разработкой новых сервисов. Написанием интеграционных обменов с внутренними сервисами компании. Разработкой и согласованием решений с frontend разработчиками. Взаимодействием с аналитиками, проектированием технических решений. Декомпозицией и оценкой задач. Подготовкой технической документации.  Мы ожидаем:  Опыт работы на аналогичной должности от 5 лет. Опыт работы с сервисами, данными и API. Английский язык уровня Intermediate (В1). Усидчивость, дисциплинированность, умение работать в сжатые сроки.  Мы предлагаем:  Гибкое начало рабочего дня. Офисный формат работы на испытательном сроке, а после его успешного прохождения, переход на гибридных формат. ДМС после испытательного срока. Компенсацию питания. Компенсацию мобильной связи. Комфортный офис недалеко от центра.",,"Проектированием и разработкой новых сервисов. Написанием интеграционных обменов с внутренними сервисами компании. Разработкой и согласованием решений с frontend разработчиками. Взаимодействием с аналитиками, проектированием технических решений. Декомпозицией и оценкой задач. Подготовкой технической документации.  Мы ожидаем:  Опыт работы на аналогичной должности от 5 лет. Опыт работы с сервисами, данными и API. Английский язык уровня Intermediate (В1). Усидчивость, дисциплинированность, умение работать в сжатые сроки.  Мы предлагаем:  Гибкое начало рабочего дня. Офисный формат работы на испытательном сроке, а после его успешного прохождения, переход на гибридных формат. ДМС после испытательного срока. Компенсацию питания. Компенсацию мобильной связи. Комфортный офис недалеко от центра.",,https://hh.ru/vacancy/134208082?query=C%23+%D1%80%D0%B0%D0%B7%D1%80%D0%B0%D0%B1%D0%BE%D1%82%D1%87%D0%B8%D0%BA&hhtmFrom=vacancy_search_list
C#/.NET - старший разработчик (Senior),ЦРТ | Группа компаний,Санкт-Петербург,Не указана,,,,"ЦРТ - российская аккредитованная продуктовая IT-компания. Являемся лидерами в разработке систем для распознавания и синтеза речи, идентификации личности по голосу и изображению. Наши продукты внедрены в крупных корпорациях по всей России. 75+ стран присутствия продукта на стороне клиента. Ключевые задачи:   Архитектура хранения: Участие в проектировании и оптимизация слоев хранения и аналитической обработки данных с фокусом на производительность и масштабируемость;   Работа с геоданными: Обработка пространственных данных как одного из ключевых типов данных;   Оптимизация БД: Настройка схем данных, индексов, стратегий партиционирования, архивации и ротации данных;   Аналитические модели: Участие в построении витрин данных, кубов и моделей для анализа временных рядов, геопространственных выборок и детекции аномалий;   Выбор технологий: Внедрение СУБД и движков под разные сценарии (OLTP, OLAP, Time-Series, Geospatial, Real-time);   Перформанс: Диагностика и устранение узких мест производительности на всех уровнях пайплайна;   SLA и стоимость: Реализация ETL/ELT-процессов с учетом жестких требований к задержкам, пропускной способности и оптимизации облачных расходов.   Что для нас важно:   Имеете коммерческий опыт разработки на .NET Core / .NET 5+ от 5 лет;   Глубоко понимаете работу Garbage Collector, умеете писать low-alloc код и контролировать память;   Свободно работаете с EF Core, Dapper, ADO.NET — понимаете, когда и какой инструмент выбрать;   Умеете отлаживать IO-bound операции, профилировать и оптимизировать C#-код на уровне асинхронности и работы с ресурсами;   Владеете практиками Observability (метрики, логи, трассировка) для диагностики состояния сервисов;   Имеете большой практический опыт с реляционными СУБД (PostgreSQL / MS SQL / аналоги) на уровне внутренней механики производительности: планы выполнения, буферизация, блокировки, MVCC;   Хорошо понимаете пространственные расширения (PostGIS / Spatialite / аналоги): индексы (GIST, SP-GIST), операторы, оптимизацию геозапросов;   Разбираетесь в OLTP и OLAP-паттернах и умеете выбирать технологию под конкретную нагрузку;   Kafka — работа с потоками как с источниками данных;   Linux (администрирование, деплой, диагностика production).   Будет плюсом:   Временные ряды, поиск аномалий, распределённые аналитические движки (ClickHouse / Trino / Presto).  Условия:  Работа на переднем крае технологий совместно с научной командой; Возможность влиять на архитектуру и развитие системы; Оформление по ТК, ""белая"" заработная плата; ДМС с 1 недели работы; Работу в аккредитованной IT-компании с полагающимися льготами; Гибкое начало рабочего дня; Корпоративный спорт; Благотворительные и эко-активности; Компенсацию обучения; Все необходимое для работы, комфортный офис и корпоративную технику.",,,,https://hh.ru/vacancy/134744500?query=C%23+%D1%80%D0%B0%D0%B7%D1%80%D0%B0%D0%B1%D0%BE%D1%82%D1%87%D0%B8%D0%BA&hhtmFrom=vacancy_search_list
Fullstack разработчик (.NET C#/Angular),ООО Лоция,"Москва, р-н Тверской",Не указана,,,,"Чем предстоит заниматься:  разработкой backend и frontend части приложения; кодом ревью; планированием и оценкой трудозатрат по задачам разработки; дизайн решениями в рамках своей деятельности по запросам на изменение на основании ТЗ; документированием кода.  Чего мы ждем от тебя:  опыт fullstack разработчика от 3 лет; уверенное владение C#, ASP.NET Core, .NET 8 и выше; понимание принципов и опыт практического применения шаблонов ООП, SOLID; понимание REST архитектуры; понимание принципов декомпозиции сервисов; понимание спецификации OpenApi 3.0; понимание принципов чистой архитектуры и их связи с DDD; уверенное владение TypeScript, JavaScript, CSS и HTML5; опыт разработки масштабируемых приложений на Angular 16+; глубокое понимание state management с использованием NGXS; знание принципов адаптивного дизайна и кросс-браузерной верстки.",,"разработкой backend и frontend части приложения; кодом ревью; планированием и оценкой трудозатрат по задачам разработки; дизайн решениями в рамках своей деятельности по запросам на изменение на основании ТЗ; документированием кода.  Чего мы ждем от тебя:  опыт fullstack разработчика от 3 лет; уверенное владение C#, ASP.NET Core, .NET 8 и выше; понимание принципов и опыт практического применения шаблонов ООП, SOLID; понимание REST архитектуры; понимание принципов декомпозиции сервисов; понимание спецификации OpenApi 3.0; понимание принципов чистой архитектуры и их связи с DDD; уверенное владение TypeScript, JavaScript, CSS и HTML5; опыт разработки масштабируемых приложений на Angular 16+; глубокое понимание state management с использованием NGXS; знание принципов адаптивного дизайна и кросс-браузерной верстки.",,https://hh.ru/vacancy/132814454?query=C%23+%D1%80%D0%B0%D0%B7%D1%80%D0%B0%D0%B1%D0%BE%D1%82%D1%87%D0%B8%D0%BA&hhtmFrom=vacancy_search_list
.NET Разработчик,Т-Банк. ИТ. Разработка,"Красноярск, р-н Советский",Не указана,,,,".NET стремительно набирает популярность в Т-Банке: по количеству разработчиков C# сейчас на втором месте (200+ человек), хотя еще пару лет назад было всего несколько команд. Экосистема компании довольно обширна, и разработка любого сервиса, даже внутреннего — челлендж.Наш стек: .NET 6+, ASP.NET Core, PostgreSQL/MongoDB, Kafka, ClickHouse, Docker, Kubernetes, Gitlab. Работаем по методологии Scrum / Kanban Вам предстоит  Принимать участие в разработке сервисов, помогающих экосистеме Т-Банка развиваться: платформа для удаленной работы сотрудников (TWork), Телефония, Биометрия, Т-Бизнес, Путешествия, Т-Инвестиции, Т-Страхование и другие проекты Участвовать в полном цикле разработки проекта: Design -> Develop -> Test (Unit / Integration / Api) -> Deploy -> Support  Что мы ожидаем от вас  Опыт коммерческой разработки Web-приложений на платформе .NET от 4 лет Хорошее знание основ платформы .NET (Memory Management, async/await) Опыт работы с базами данных (в основном используем PostgreSQL + Entity Framework Core, иногда встречается Dapper) Понимание и опыт работы с одним из брокеров сообщений (RabbitMQ, Kafka, и.т.п) Опыт написания шагов для сборки/тестирования/деплоя своих приложений с одной из CI/CD систем (TeamCity, Github Actions, Gitlab, Drone и т.п.) Умение писать легко поддерживаемый код и покрывать его Unit/Integration/Api-тестами Умение общаться с аналитиками и реализовывать их пожелания без ущерба для архитектуры проекта  Дополнительным плюсом будет  Опыт работы с микросервисной архитектурой Опыт работы с NoSQL базами данных (MongoDB, Redis, Elasticsearch и т.п.) Опыт работы с Docker/Docker Compose (собрать/запустить свое приложение в контейнере) Опыт работы с Kubernetes  Мы предлагаем  Гибридный режим работы: можно работать в уютном офисе или дома Платформу обучения и развития «Т-Банк Апгрейд». Курсы, тренинги, вебинары и базы знаний. Поддержку менторов и наставников, помощь в поиске точек роста и карьерном развитии Линейку льготных тарифов на продукты Т-Банка Заботу о здоровье. Оформим полис ДМС со стоматологией и страховку от несчастных случаев. Предложим льготное страхование вашим близким Частичную компенсацию затрат на спорт по окончании испытательного срока Компенсацию обедов и транспорта в дни посещения офиса Сервисы для поддержки сотрудника по психологическим, юридическим и финансовым вопросам Три дополнительных дня отпуска в год Достойную зарплату — обсудим ее на собеседовании",,,,https://hh.ru/vacancy/131557086?query=C%23+%D1%80%D0%B0%D0%B7%D1%80%D0%B0%D0%B1%D0%BE%D1%82%D1%87%D0%B8%D0%BA&hhtmFrom=vacancy_search_list
Младший .NET разработчик,КРОК,"Москва, р-н Лефортово",Не указана,,,,"КРОК — одна из ведущих ИТ-компаний России, предоставляет комплексные решения для бизнеса. Департамент внутренней автоматизации — ИТ-бизнес-партнёр КРОК. Мы автоматизируем внутренние процессы компании, внедряем и дорабатываем готовые решения, а также разрабатываем собственные продукты. Мы в поисках Младшего разработчика .NET в команду разработки решений по управлению проектами для развития внутренних продуктов. Наши ожидания:   опыт написания приложений на платформе .NET;   базовые знания по C# и SQL/NoSQL;   опыт работы с EF Core и LINQ;   умение разрабатывать REST API;   понимание алгоритмов и структур данных;   знание Git на базовом уровне;   понимание взаимодействия backend и frontend;   знание паттернов проектирования и умение рассказать об их применении.   Будет плюсом:   опыт работы на аналогичном технологическом стеке;   опыт работы с Unit-тестами;   опыт работы с Code review (умение работать с чужим кодом, объективно критиковать и воспринимать чужую критику).   Ваши задачи:   разработка нового функционала на C# / .NET;   поддержка и стабилизация существующего функционала;   работа с базами данных MS SQL;   взаимодействие с frontend-частью приложения;   участие в проработке решений;   участие в развитии внутренних систем автоматизации;   проектирование разработки интеграции с многочисленными внешними системами по протоколам REST, MQ.   Мы предлагаем:   широкий стек технологий и проектов, возможность гибко строить свой карьерный трек;   зарплату, соответствующую опыту и навыкам, прозрачную систему мотивации;   работу в компании с аккредитацией в Минцифре;   поддержку профессионального развития – курсы и тренинги от корпоративного университета, внешнее обучение за счет компании;   возможность делиться экспертизой – выступать на внешних и внутренних митапах и конференциях, писать в техноблоги, участвовать в студенческих образовательных программах от brainz by CROC;   well-being-программы – расширенный пакет ДМС со стоматологией и психологом, телемедицина 24/7, hotline CROC (внутренняя система консультирования и оперативной помощи по вопросам здоровья);   спорт – сезонные спортивные программы, компенсация фитнеса, современный спортзал для занятий в офисе, беговой клуб, приложение Croc Sport, командные соревнования по популярным видам спорта;   яркая корпоративная жизнь – более 100 программ в год (совместные путешествия, праздники, тимбилдинги, клуб путешественников, случайный кофе);   комфортный офис с компенсацией питания в CROC Cafe, экосистемой сервисов, парковкой, корпоративным транспортом от метро.   Данное описание вакансии не является офертой",,,,https://hh.ru/vacancy/133787674?query=C%23+%D1%80%D0%B0%D0%B7%D1%80%D0%B0%D0%B1%D0%BE%D1%82%D1%87%D0%B8%D0%BA&hhtmFrom=vacancy_search_list
C# разработчик,"САТЕЛ, Группа компаний",Нижний Новгород,Не указана,,,,"САТЕЛ - Одна из ведущих российских IT-компаний, работающая на рынке системной интеграции, информационных и коммуникационных технологий.Для долгого и продуктивного сотрудничества ищем в команду С# разработчика. Небольшая суть работы для понимания: Разработка и поддержка модулей телефонии (VoIP) Ожидания от кандидата:  C#; ASP.NET; .NET Core, Entity Framework; Опыт написания или поддержки консольных, серверных приложений; Rest API; SQL (MySQL и PostgreSQL); Linux; Git; Jira; Знание сетевых протоколов.  Софты:  Не бояться чужого кода; Коммуникабельность.  Условия работы:  Офисный формат работы; Оформление официальное, IT-компания аккредитованная, ЗП белая; Интересные задачи, возможность влиять на архитектуру решения; Комфортные условия. Предоставим гибкий график. Адекватное руководство и минимум бюрократии; Корпоративное обучение. Возможность обучаться как внутри компании, так и на внешних семинарах и конференциях.  Дополнительные инструкции: Собеседование проводим в 2 этапа: Интервью с HR (до 20 минут); Очное техническое интервью (до 1, 5 часов).",,,,https://hh.ru/vacancy/134654935?query=C%23+%D1%80%D0%B0%D0%B7%D1%80%D0%B0%D0%B1%D0%BE%D1%82%D1%87%D0%B8%D0%BA&hhtmFrom=vacancy_search_list
"Разработчик-C#, Интеграция логистических провайдеров CIS",Ozon Tech,Москва,Не указана,,,,"Привет! Мы - команда интеграции логистических провайдеров CIS, работаем с заказами, которые доставляются из РФ в другие страны. Участвуем в процессах, начиная с оформления заказа и до его доставки до конечного покупателя, занимаемся передачей данных между провайдерами и большим количеством систем отвечающих за логистику Ozon (информация о заказах, отслеживание отправлений, документооборот, генерация отчетов и многое другое). Наш стек С#, PostgreSQL, Kafka, Redis, gRPC, Docker, Prometheus, Grafana. Вы будете:  Разрабатывать и поддерживать микросервисную архитектуру; Интегрироваться с большим количеством разных систем в синхронном и асинхронном виде; Проводить код-ревью; Участвовать в планировании и оценке задач, а также технических синках; Повышать качество и стабильность кода.  Мы предлагаем:  Динамичный и быстроразвивающийся бизнес, ресурсы, возможность вместе создать лучший продукт на рынке e-commerce; Свободу действий в принятии решений; Достойный уровень заработной платы; Профессиональную команду, которой мы гордимся; Возможность развиваться вместе с нашим бизнесом.  Нам важно:  Хорошее знание платформы .Net, ООП, алгоритмов и структур данных; Опыт коммерческой разработки на С# от 3х лет; Опыт написания тестируемого кода и юнит-тестов к нему; Знание паттернов микросервисной архитектуры; Знание реляционных баз данных (мы используем PostgreSQL); Опыт работы с gRPC, K8s, Prometheus, Grafana; Опыт работы с брокерами сообщений Kafka (или RabbitMQ).",,,,https://hh.ru/vacancy/133860447?query=C%23+%D1%80%D0%B0%D0%B7%D1%80%D0%B0%D0%B1%D0%BE%D1%82%D1%87%D0%B8%D0%BA&hhtmFrom=vacancy_search_list
"Старший C#-разработчик, Система управления складом (WMS)",Ozon Tech,Москва,Не указана,,,,"Мы разрабатываем систему управления складом — WMS. WMS автоматизирует все складские операции, от приёма машин с товаром до сбора заказов, упаковки их в посылки и передачи их в доставку. Наши склады работают 24/7, системой WMS пользуются тысячи сотрудников, и от того, насколько стабильно и быстро она работает, напрямую зависит счастье наших покупателей и поставщиков. WMS постоянно развивается, и у нас очень много задач. Поэтому мы усиливаем наше подразделение и ищем хороших разработчиков, которые смогут разобраться в новой предметной области и большой системе, и будут вместе с нам делать самую лучшую WMS. Наш стeк C#, PostgreSQL, .NET, gRPC, K8s, Kafka и др. Нам важно  Хорошее знание C# (.NET Core) и опыт работы с ним от 4-х лет. Опыт использования реляционных баз данных. Опыт написания тестируемого кода и юнит-тестов к нему. Хорошее знание PostgreSQL. Знание паттернов микросервисной архитектуры. Опыт работы с gRPC, K8s, Prometheus, Grafana. Опыт работы с брокерами сообщений Kafka, RabbitMQ, Nats. Опыт разработки высоконагруженных Real-Time систем с нагрузками от 10к RPS.  Вы будете  Заниматься разработкой новых и поддержкой существующих сложных, высоконагруженных, работающих 24/7, систем, обеспечивающих бесперебойную работу складской и логистической инфраструктуры Ozon.",,,,https://hh.ru/vacancy/134743316?query=C%23+%D1%80%D0%B0%D0%B7%D1%80%D0%B0%D0%B1%D0%BE%D1%82%D1%87%D0%B8%D0%BA&hhtmFrom=vacancy_search_list
Программист-разработчик (Junior),ООО ГНК-Инвест,"Ижевск, р-н Первомайский",Не указана,,,,"Обязанности: Программирование алгоритмов в среде ELMA на C# Самостоятельная аналитика поставленных задач Разработка SQL запросов Администрирование ELMA Техническая поддержка пользователей Ведение документации и отчётности по выполненным задачам Сбор и корректировки данных с помощью Excel Формирование шаблонов для документов в Word Требования: Hard: Знания C#, .NET, .NET Framework Базовое понимание ООП Соблюдение общепринятых стандартов по стилям написания исходного кода Знание основных команд GIT Умение работать с реляционными базами данных SQL Базовые знания Word, Excel Soft: Системное мышление Быстрая обучаемость Социально-коммуникативные навыки Умение эффективно решать возникшие проблемы и поставленные задачи Дополнительные преимущества: Опыт командной разработки Умение находить узкие места в алгоритмах и писать отказоустойчивый код Понимание как устроены бизнес-системы ELMA, Directum и т.п. Опыт работы с программами КриптоАРМ, КриптоПРО, понимание сертификатов Мы используем (стек технологий) C#, .NET, .NET Core, .NET Framework, Selenium, Aspose, MS SQL, ELMA3, Redmine, BookStack, GitLab, 1С. Условия: 8-часовой рабочий день (8.30-17.30) Офис в центре города Возможность профессионального роста, обучения Дружный коллектив Широкий спектр разнообразных задач, нет узкой специализации; Динамичная рабочая среда, участие в интересных проектах; Возможность приобрести ценный опыт разработки и внедрения информационных систем; Возможность участия в реальном проекте в разных ролях (аналитик, разработчик, обучение, техподдержка, тестировщик)","Hard: Знания C#, .NET, .NET Framework Базовое понимание ООП Соблюдение общепринятых стандартов по стилям написания исходного кода Знание основных команд GIT Умение работать с реляционными базами данных SQL Базовые знания Word, Excel Soft: Системное мышление Быстрая обучаемость Социально-коммуникативные навыки Умение эффективно решать возникшие проблемы и поставленные задачи Дополнительные преимущества: Опыт командной разработки Умение находить узкие места в алгоритмах и писать отказоустойчивый код Понимание как устроены бизнес-системы ELMA, Directum и т.п. Опыт работы с программами КриптоАРМ, КриптоПРО, понимание сертификатов Мы используем (стек технологий) C#, .NET, .NET Core, .NET Framework, Selenium, Aspose, MS SQL, ELMA3, Redmine, BookStack, GitLab, 1С. Условия: 8-часовой рабочий день (8.30-17.30) Офис в центре города Возможность профессионального роста, обучения Дружный коллектив Широкий спектр разнообразных задач, нет узкой специализации; Динамичная рабочая среда, участие в интересных проектах; Возможность приобрести ценный опыт разработки и внедрения информационных систем; Возможность участия в реальном проекте в разных ролях (аналитик, разработчик, обучение, техподдержка, тестировщик)","Программирование алгоритмов в среде ELMA на C# Самостоятельная аналитика поставленных задач Разработка SQL запросов Администрирование ELMA Техническая поддержка пользователей Ведение документации и отчётности по выполненным задачам Сбор и корректировки данных с помощью Excel Формирование шаблонов для документов в Word Требования: Hard: Знания C#, .NET, .NET Framework Базовое понимание ООП Соблюдение общепринятых стандартов по стилям написания исходного кода Знание основных команд GIT Умение работать с реляционными базами данных SQL Базовые знания Word, Excel Soft: Системное мышление Быстрая обучаемость Социально-коммуникативные навыки Умение эффективно решать возникшие проблемы и поставленные задачи Дополнительные преимущества: Опыт командной разработки Умение находить узкие места в алгоритмах и писать отказоустойчивый код Понимание как устроены бизнес-системы ELMA, Directum и т.п. Опыт работы с программами КриптоАРМ, КриптоПРО, понимание сертификатов Мы используем (стек технологий) C#, .NET, .NET Core, .NET Framework, Selenium, Aspose, MS SQL, ELMA3, Redmine, BookStack, GitLab, 1С. Условия: 8-часовой рабочий день (8.30-17.30) Офис в центре города Возможность профессионального роста, обучения Дружный коллектив Широкий спектр разнообразных задач, нет узкой специализации; Динамичная рабочая среда, участие в интересных проектах; Возможность приобрести ценный опыт разработки и внедрения информационных систем; Возможность участия в реальном проекте в разных ролях (аналитик, разработчик, обучение, техподдержка, тестировщик)",,https://hh.ru/vacancy/134087607?query=C%23+%D1%80%D0%B0%D0%B7%D1%80%D0%B0%D0%B1%D0%BE%D1%82%D1%87%D0%B8%D0%BA&hhtmFrom=vacancy_search_list
Ведущий разработчик АБС,ББР Банк,Химки,Не указана,,,,"ББР банк - это средний по размерам российский банк с широким спектром предоставляемых услуг. Банк занимает достойное место на рынке финансовых услуг благодаря:• взвешенной стратегии развития;• человеческим и профессиональным качествам своих Работников;• постоянству в отношениях с Клиентами;• своевременному использованию новых технологий бизнеса. Обязанности:  Разработка, внедрение и сопровождение модулей для АБС Банка (СУБД MS SQL); Разработка интеграционных решений для взаимодействия АБС Банка с внешними системами; Поддержка и развитие функциональности в разработках Банка; Оказание консультативной помощи подразделениям Банка по возможностям работы модулей АБС Банка.  Требования:  Высшее техническое образование; Опыт работы в роли Разработчика от 2х лет; Опыт участия в автоматизации бизнес-процессов организации; Знание и опыт разработки на C#, T-SQL, VBS, VBA; Опыт работы с MS SQL Server, с созданием SQL-запросов, процедур и функций, T-SQL; Опыт работы с PostgreSQL приветствуется; Знание основ бухгалтерского учета, банковской деятельности и отчетности в Банке будет являться преимуществом.  Условия:  Офисный/гибридный формат работы по адресу: ул.Панфилова, 21 строение 1; График работы: понедельник-четверг с 9:00 до 18:00, пятница с 9:00 до 16:45; Корпоративный трансфер до офиса от м.Планерная, а также м.Беломорская/МЦД-3 ""Химки""; ДМС после испытательного срока; Внутреннее и внешнее обучение; Корпоративные мероприятия для сотрудников и их детей.    Присоединяйся к нашей команде и стань частью захватывающего мира финансовых технологий вместе с ББР банком!","Высшее техническое образование; Опыт работы в роли Разработчика от 2х лет; Опыт участия в автоматизации бизнес-процессов организации; Знание и опыт разработки на C#, T-SQL, VBS, VBA; Опыт работы с MS SQL Server, с созданием SQL-запросов, процедур и функций, T-SQL; Опыт работы с PostgreSQL приветствуется; Знание основ бухгалтерского учета, банковской деятельности и отчетности в Банке будет являться преимуществом.  Условия:  Офисный/гибридный формат работы по адресу: ул.Панфилова, 21 строение 1; График работы: понедельник-четверг с 9:00 до 18:00, пятница с 9:00 до 16:45; Корпоративный трансфер до офиса от м.Планерная, а также м.Беломорская/МЦД-3 ""Химки""; ДМС после испытательного срока; Внутреннее и внешнее обучение; Корпоративные мероприятия для сотрудников и их детей.    Присоединяйся к нашей команде и стань частью захватывающего мира финансовых технологий вместе с ББР банком!","Разработка, внедрение и сопровождение модулей для АБС Банка (СУБД MS SQL); Разработка интеграционных решений для взаимодействия АБС Банка с внешними системами; Поддержка и развитие функциональности в разработках Банка; Оказание консультативной помощи подразделениям Банка по возможностям работы модулей АБС Банка.  Требования:  Высшее техническое образование; Опыт работы в роли Разработчика от 2х лет; Опыт участия в автоматизации бизнес-процессов организации; Знание и опыт разработки на C#, T-SQL, VBS, VBA; Опыт работы с MS SQL Server, с созданием SQL-запросов, процедур и функций, T-SQL; Опыт работы с PostgreSQL приветствуется; Знание основ бухгалтерского учета, банковской деятельности и отчетности в Банке будет являться преимуществом.  Условия:  Офисный/гибридный формат работы по адресу: ул.Панфилова, 21 строение 1; График работы: понедельник-четверг с 9:00 до 18:00, пятница с 9:00 до 16:45; Корпоративный трансфер до офиса от м.Планерная, а также м.Беломорская/МЦД-3 ""Химки""; ДМС после испытательного срока; Внутреннее и внешнее обучение; Корпоративные мероприятия для сотрудников и их детей.    Присоединяйся к нашей команде и стань частью захватывающего мира финансовых технологий вместе с ББР банком!",,https://hh.ru/vacancy/134784608?query=C%23+%D1%80%D0%B0%D0%B7%D1%80%D0%B0%D0%B1%D0%BE%D1%82%D1%87%D0%B8%D0%BA&hhtmFrom=vacancy_search_list
Разработчик Java/C#,ЮНИСТРИМ БАНК,Москва,Не указана,,,,"В нашей команде Вам предстоит заниматься развитием сервисов платежной системы. Внедрение нового стека технологий и оптимизация существующего продукта. Мы взяли на себя амбициозную цель переработать продукт в новых реалиях. Обязанности:  Миграция проектов на новый стек в высоконагруженное микросервисное окружение с использованием Java 21+, Kafka, Redis Cluster, RabbitMQ, Kuber и т.д. участвовать в поиске, анализе и выработке архитектурных решений проводить code-review для постоянного совершенствования участвовать в развитии технических и технологических процессов в команде и компании Развивать и улучшать имеющуюся на текущий момент систему на основании уже личного опыта и собственных предложений Проектирование и реализация нового функционала  Требования:  Опыт коммерческой разработки на C# / .NET и развития сложных backend-систем с многослойной бизнес-логикой; Опыт коммерческой разработки на JAVA и развития сложных backend-систем с многослойной бизнес-логикой; Опыт проектирования архитектуры сервисов, декомпозиции систем и принятия технических решений по их развитию; Уверенный опыт разработки интеграционных решений (REST API, асинхронные взаимодействия, обмен данными), работы с контрактами и схемами обмена (XML, XSD, JSON), понимание версионирования и совместимости сервисов;опыт оптимизации производительности сервисов и обработки данных; Понимание принципов построения масштабируемых и устойчивых систем глубокое понимание ООП, SOLID и архитектурных паттернов; Уверенный опыт работы с реляционными БД и оптимизацией SQL-запросов; Опыт разработки и развертывания сервисов в облачных средах, понимание принципов работы облачной инфраструктуры; Опыт работы с GitLab и понимание принципов CI/CD.  Условия:  Интересные задачи и проекты; Оформление по ТК РФ; Официальная заработная плата (уровень оплаты труда, обсуждается с успешным кандидатом на собеседовании); Возможность удаленной работы; График работы 5/2 пн-чт с 09.30 до 18.15 пятница 09.30-17.00.","Опыт коммерческой разработки на C# / .NET и развития сложных backend-систем с многослойной бизнес-логикой; Опыт коммерческой разработки на JAVA и развития сложных backend-систем с многослойной бизнес-логикой; Опыт проектирования архитектуры сервисов, декомпозиции систем и принятия технических решений по их развитию; Уверенный опыт разработки интеграционных решений (REST API, асинхронные взаимодействия, обмен данными), работы с контрактами и схемами обмена (XML, XSD, JSON), понимание версионирования и совместимости сервисов;опыт оптимизации производительности сервисов и обработки данных; Понимание принципов построения масштабируемых и устойчивых систем глубокое понимание ООП, SOLID и архитектурных паттернов; Уверенный опыт работы с реляционными БД и оптимизацией SQL-запросов; Опыт разработки и развертывания сервисов в облачных средах, понимание принципов работы облачной инфраструктуры; Опыт работы с GitLab и понимание принципов CI/CD.  Условия:  Интересные задачи и проекты; Оформление по ТК РФ; Официальная заработная плата (уровень оплаты труда, обсуждается с успешным кандидатом на собеседовании); Возможность удаленной работы; График работы 5/2 пн-чт с 09.30 до 18.15 пятница 09.30-17.00.","Миграция проектов на новый стек в высоконагруженное микросервисное окружение с использованием Java 21+, Kafka, Redis Cluster, RabbitMQ, Kuber и т.д. участвовать в поиске, анализе и выработке архитектурных решений проводить code-review для постоянного совершенствования участвовать в развитии технических и технологических процессов в команде и компании Развивать и улучшать имеющуюся на текущий момент систему на основании уже личного опыта и собственных предложений Проектирование и реализация нового функционала  Требования:  Опыт коммерческой разработки на C# / .NET и развития сложных backend-систем с многослойной бизнес-логикой; Опыт коммерческой разработки на JAVA и развития сложных backend-систем с многослойной бизнес-логикой; Опыт проектирования архитектуры сервисов, декомпозиции систем и принятия технических решений по их развитию; Уверенный опыт разработки интеграционных решений (REST API, асинхронные взаимодействия, обмен данными), работы с контрактами и схемами обмена (XML, XSD, JSON), понимание версионирования и совместимости сервисов;опыт оптимизации производительности сервисов и обработки данных; Понимание принципов построения масштабируемых и устойчивых систем глубокое понимание ООП, SOLID и архитектурных паттернов; Уверенный опыт работы с реляционными БД и оптимизацией SQL-запросов; Опыт разработки и развертывания сервисов в облачных средах, понимание принципов работы облачной инфраструктуры; Опыт работы с GitLab и понимание принципов CI/CD.  Условия:  Интересные задачи и проекты; Оформление по ТК РФ; Официальная заработная плата (уровень оплаты труда, обсуждается с успешным кандидатом на собеседовании); Возможность удаленной работы; График работы 5/2 пн-чт с 09.30 до 18.15 пятница 09.30-17.00.",,https://hh.ru/vacancy/133777994?query=C%23+%D1%80%D0%B0%D0%B7%D1%80%D0%B0%D0%B1%D0%BE%D1%82%D1%87%D0%B8%D0%BA&hhtmFrom=vacancy_search_list
C#/.NET-разработчик,Setl Tech,Казань,Не указана,,,,"Наш проект — программно-аппаратный комплекс для технического надзора на строительной площадке. В его основе стоит AR-платформа собственной разработки, которая переносит проектную документацию прямо в физическое пространство объекта. Специалист работает с BIM моделями там, где они нужны больше всего - на месте, в реальном времени. Мы предлагаем:   Команда профессионалов с глубокой экспертизой в AEC   Наши задачи далеки от типовой веб-разработки. Мы работаем с BIM, пространственными данными и внутренними процессами строительной отрасли   Возможность работать над перспективным проектом, который будет использоваться на самых современных и амбициозных строительных объектах.   Гибкий график работы (плавающее начало и окончание рабочего дня)   Офис с комфортной рабочей атмосферой   Развитая корпоративная культура, регулярные корпоративные мероприятия   Чем предстоит заниматься:  Реализовывать API для управления документами, версиями и процессами согласования. Разрабатывать бизнес-логику платформы в рамках сложившейся архитектуры. Работать с хранением и обработкой чертежей и BIM-моделей.  Основные требования:  Владение C# и платформой .NET Опыт работы с ASP.NET/.NET 6 Опыт работы с REST api Опыт работы с оркестраторами процессов (Camunda, Apache Airflow). Опыт работы с СУБД PostgreSQL Опыт работы с системами управления версиями Понимание принципов ООП и паттернов проектирования","Владение C# и платформой .NET Опыт работы с ASP.NET/.NET 6 Опыт работы с REST api Опыт работы с оркестраторами процессов (Camunda, Apache Airflow). Опыт работы с СУБД PostgreSQL Опыт работы с системами управления версиями Понимание принципов ООП и паттернов проектирования","Реализовывать API для управления документами, версиями и процессами согласования. Разрабатывать бизнес-логику платформы в рамках сложившейся архитектуры. Работать с хранением и обработкой чертежей и BIM-моделей.  Основные требования:  Владение C# и платформой .NET Опыт работы с ASP.NET/.NET 6 Опыт работы с REST api Опыт работы с оркестраторами процессов (Camunda, Apache Airflow). Опыт работы с СУБД PostgreSQL Опыт работы с системами управления версиями Понимание принципов ООП и паттернов проектирования",,https://hh.ru/vacancy/134667611?query=C%23+%D1%80%D0%B0%D0%B7%D1%80%D0%B0%D0%B1%D0%BE%D1%82%D1%87%D0%B8%D0%BA&hhtmFrom=vacancy_search_list
C#/. NET-разработчик,ООО КИТТ,Москва,Не указана,,,,"КИТТ - аккредитованная продуктовая ИТ-компания. Уже более 10 лет мы разрабатываем и внедряем инновационные и надёжные решения в области промышленной автоматизации. Среди наших клиентов - крупные предприятия машиностроительной отрасли, государственные и частные компании. Профессионалы, которые горят идеей и желанием создавать промышленные интеллектуальные решения наша - главная ценность. Мы ищем ведущего разработчика в отдел разработки SCADA-систем, который неравнодушен к процессам разработки и успехам своих коллег, а также стремится активно вовлекаться в развитие и улучшение нашего текущего продукта. Стек технологий:  Современный стек на базе С#, .NET, WPF; Git, GitLab; GitLab CI/CD, JIRA.  Требования:  Опыт разработки на C# от 3 лет; Знание С#.  Чем предстоит заниматься:  Разработка SCADA-систем для управления производственными линиями; Взаимодействие с инженерами АСУ, тестировщиками, аналитиками и конструкторами; Участие в улучшении продукта и процессов разработки; У нас есть задачи и для сильных алгоритмистов.  Чтобы справляться с задачами необходимо:  Понимание принципов ООП, SOLID, основных паттернов проектирования; Отличное знание C#, XAML/WPF, много поточность и параллельное программирование; Опыт использования и хорошее понимание принципов .NET, WPF; Опыт разработки десктопных C# приложений с использованием WPF от 3-х лет; Интерес и желание улучшать процессы разработки и сам продукт.  Будет плюсом:  Опыт проектирования клиент-серверных приложений; Алгоритмическая подготовка (сортировки, графы, О(),…).  Вы наш человек в двух случаях:А) Умеете писать десктоп UI на XAML/WPF быстро, красиво, надежно,Б) Вы сильный алгоритмист, со знанием c#. От нас:  Работа в аккредитованной ИТ компании; Удаленный формат работы с гибким началом рабочего дня.; Оформление по ТК РФ с первого дня + премии по результатам работы; Дружный коллектив, комфортная рабочая атмосфера и отсутствие бюрократии! Возможность профессионального и карьерного роста.","ведущего разработчика в отдел разработки SCADA-систем, который неравнодушен к процессам разработки и успехам своих коллег, а также стремится активно вовлекаться в развитие и улучшение нашего текущего продукта. Стек технологий:  Современный стек на базе С#, .NET, WPF; Git, GitLab; GitLab CI/CD, JIRA.  Требования:  Опыт разработки на C# от 3 лет; Знание С#.  Чем предстоит заниматься:  Разработка SCADA-систем для управления производственными линиями; Взаимодействие с инженерами АСУ, тестировщиками, аналитиками и конструкторами; Участие в улучшении продукта и процессов разработки; У нас есть задачи и для сильных алгоритмистов.  Чтобы справляться с задачами необходимо:  Понимание принципов ООП, SOLID, основных паттернов проектирования; Отличное знание C#, XAML/WPF, много поточность и параллельное программирование; Опыт использования и хорошее понимание принципов .NET, WPF; Опыт разработки десктопных C# приложений с использованием WPF от 3-х лет; Интерес и желание улучшать процессы разработки и сам продукт.  Будет плюсом:  Опыт проектирования клиент-серверных приложений; Алгоритмическая подготовка (сортировки, графы, О(),…).  Вы наш человек в двух случаях:А) Умеете писать десктоп UI на XAML/WPF быстро, красиво, надежно,Б) Вы сильный алгоритмист, со знанием c#. От нас:  Работа в аккредитованной ИТ компании; Удаленный формат работы с гибким началом рабочего дня.; Оформление по ТК РФ с первого дня + премии по результатам работы; Дружный коллектив, комфортная рабочая атмосфера и отсутствие бюрократии! Возможность профессионального и карьерного роста.","Разработка SCADA-систем для управления производственными линиями; Взаимодействие с инженерами АСУ, тестировщиками, аналитиками и конструкторами; Участие в улучшении продукта и процессов разработки; У нас есть задачи и для сильных алгоритмистов.  Чтобы справляться с задачами необходимо:  Понимание принципов ООП, SOLID, основных паттернов проектирования; Отличное знание C#, XAML/WPF, много поточность и параллельное программирование; Опыт использования и хорошее понимание принципов .NET, WPF; Опыт разработки десктопных C# приложений с использованием WPF от 3-х лет; Интерес и желание улучшать процессы разработки и сам продукт.  Будет плюсом:  Опыт проектирования клиент-серверных приложений; Алгоритмическая подготовка (сортировки, графы, О(),…).  Вы наш человек в двух случаях:А) Умеете писать десктоп UI на XAML/WPF быстро, красиво, надежно,Б) Вы сильный алгоритмист, со знанием c#. От нас:  Работа в аккредитованной ИТ компании; Удаленный формат работы с гибким началом рабочего дня.; Оформление по ТК РФ с первого дня + премии по результатам работы; Дружный коллектив, комфортная рабочая атмосфера и отсутствие бюрократии! Возможность профессионального и карьерного роста.",,https://hh.ru/vacancy/134650356?query=C%23+%D1%80%D0%B0%D0%B7%D1%80%D0%B0%D0%B1%D0%BE%D1%82%D1%87%D0%B8%D0%BA&hhtmFrom=vacancy_search_list
Лидер команды backend (C# / .NET 8+),ПАО Ростелеком,Москва,Не указана,,,,"РТ - ВТ – системный интегратор, специализирующийся на проектировании, создании, внедрении, сопровождении и развитии ключевых государственных информационных систем для решения задач цифровизации в рамках федеральных проектов, в том числе в периметре критической информационной инфраструктуры.Входит в группу компаний ПАО «Ростелеком». Каждый проект – создание уникальной информационной системы, являющейся частью цифрового контура страны. Работа в РТ - ВТ — это возможность получить профессиональный опыт в федеральных проектах, внести неповторимый вклад в развитие цифровизации страны и стать высококлассным специалистом и экспертом своего дела! Чем предстоит заниматься:  Определять архитектуру, технологический стек и стандарты разработки бэкенда на платформе .NET 10 (C#); Ставить задачи, контролировать сроки, проводить код-ревью, планировать спринты, участвовать в найме и онбординге разработчиков; Создавать масштабируемые, высокопроизводительные и отказоустойчивые сервисы с использованием Entity Framework Core 10 (настройка контекстов, миграции, оптимизация запросов, управление транзакциями); Внедрять практики тестирования (юнит/интеграционные тесты, xUnit/NUnit), настройка CI/CD пайплайнов (GitHub Actions, GitLab CI, Azure DevOps); Проектировать RESTful API, gRPC, очереди сообщений (RabbitMQ, Azure Service Bus) и событийно-ориентированную архитектуру; Анализировать и устранять узкие места в работе с БД (EF Core: отслеживание сгенерированного SQL, индексы, асинхронные операции, кэширование); Взаимодействовать с DevOps, фронтендом, аналитиками и продуктовой командой для выработки решений; Подготавливать ADR (Architectural Decision Records), схемы взаимодействия сервисов, инструкции по развёртыванию.  Что мы ждём от Вас:  Руководство бэкенд-командой от 2 лет (планирование, контроль, код-ревью, менторство); Коммерческий опыт работы с C# / .NET 8+, понимание внутреннего устройства CLR, асинхронного программирования (Task, async/await, TPL); Уверенное владение EF Core 8/10 (Настройка связей, стратегии загрузки, компенсация сложных запросов через SQL); Опыт с PostgreSQL написание оптимизированных запросов, знание индексов, планов выполнения; Опыт построения микросервисной или модульной монолитной архитектуры; Опыт написания автотестов, мокирование, интеграционное тестирование с реальной БД; Продвинутое использование Git; Проактивность, умение аргументировать технические решения, разрешать конфликты, декомпозировать задачи и управлять рисками.  Что мы предлагаем:  Официальное оформление, уникальная среда и команда профессионалов, которая создает продукты для миллионов людей, бизнеса и страны; Пятидневная рабочая неделя с 09:00 до 18:00 в гибридном формате; Стабильный и прозрачный доход с первого месяца; ДМС со стоматологией, компенсация обучения и спорта; Корпоративное обучение: внутренние митапы, участие в конференциях, доступ к корпоративным библиотекам технической и бизнес литературы; Экспертный рост, понимание своей карьерной траектории в рамках единой команды.","от Вас:  Руководство бэкенд-командой от 2 лет (планирование, контроль, код-ревью, менторство); Коммерческий опыт работы с C# / .NET 8+, понимание внутреннего устройства CLR, асинхронного программирования (Task, async/await, TPL); Уверенное владение EF Core 8/10 (Настройка связей, стратегии загрузки, компенсация сложных запросов через SQL); Опыт с PostgreSQL написание оптимизированных запросов, знание индексов, планов выполнения; Опыт построения микросервисной или модульной монолитной архитектуры; Опыт написания автотестов, мокирование, интеграционное тестирование с реальной БД; Продвинутое использование Git; Проактивность, умение аргументировать технические решения, разрешать конфликты, декомпозировать задачи и управлять рисками.  Что мы предлагаем:  Официальное оформление, уникальная среда и команда профессионалов, которая создает продукты для миллионов людей, бизнеса и страны; Пятидневная рабочая неделя с 09:00 до 18:00 в гибридном формате; Стабильный и прозрачный доход с первого месяца; ДМС со стоматологией, компенсация обучения и спорта; Корпоративное обучение: внутренние митапы, участие в конференциях, доступ к корпоративным библиотекам технической и бизнес литературы; Экспертный рост, понимание своей карьерной траектории в рамках единой команды.","Определять архитектуру, технологический стек и стандарты разработки бэкенда на платформе .NET 10 (C#); Ставить задачи, контролировать сроки, проводить код-ревью, планировать спринты, участвовать в найме и онбординге разработчиков; Создавать масштабируемые, высокопроизводительные и отказоустойчивые сервисы с использованием Entity Framework Core 10 (настройка контекстов, миграции, оптимизация запросов, управление транзакциями); Внедрять практики тестирования (юнит/интеграционные тесты, xUnit/NUnit), настройка CI/CD пайплайнов (GitHub Actions, GitLab CI, Azure DevOps); Проектировать RESTful API, gRPC, очереди сообщений (RabbitMQ, Azure Service Bus) и событийно-ориентированную архитектуру; Анализировать и устранять узкие места в работе с БД (EF Core: отслеживание сгенерированного SQL, индексы, асинхронные операции, кэширование); Взаимодействовать с DevOps, фронтендом, аналитиками и продуктовой командой для выработки решений; Подготавливать ADR (Architectural Decision Records), схемы взаимодействия сервисов, инструкции по развёртыванию.  Что мы ждём от Вас:  Руководство бэкенд-командой от 2 лет (планирование, контроль, код-ревью, менторство); Коммерческий опыт работы с C# / .NET 8+, понимание внутреннего устройства CLR, асинхронного программирования (Task, async/await, TPL); Уверенное владение EF Core 8/10 (Настройка связей, стратегии загрузки, компенсация сложных запросов через SQL); Опыт с PostgreSQL написание оптимизированных запросов, знание индексов, планов выполнения; Опыт построения микросервисной или модульной монолитной архитектуры; Опыт написания автотестов, мокирование, интеграционное тестирование с реальной БД; Продвинутое использование Git; Проактивность, умение аргументировать технические решения, разрешать конфликты, декомпозировать задачи и управлять рисками.  Что мы предлагаем:  Официальное оформление, уникальная среда и команда профессионалов, которая создает продукты для миллионов людей, бизнеса и страны; Пятидневная рабочая неделя с 09:00 до 18:00 в гибридном формате; Стабильный и прозрачный доход с первого месяца; ДМС со стоматологией, компенсация обучения и спорта; Корпоративное обучение: внутренние митапы, участие в конференциях, доступ к корпоративным библиотекам технической и бизнес литературы; Экспертный рост, понимание своей карьерной траектории в рамках единой команды.",,https://hh.ru/vacancy/134161706?query=C%23+%D1%80%D0%B0%D0%B7%D1%80%D0%B0%D0%B1%D0%BE%D1%82%D1%87%D0%B8%D0%BA&hhtmFrom=vacancy_search_list
Разработчик 1С / Датареон,ООО Белый Код,"Тула, р-н Советский",Не указана,,,,"Привет! Мы — «Белый код», технологичная команда, которая проектирует и развивает интеграционные решения для крупных компаний.Мы создаём умные инструменты автоматизации, объединяем разные системы и помогаем бизнесу работать быстрее, точнее и эффективнее. Сейчас мы ищем разработчика, которому интересно развиваться в области интеграций и работать с современными платформами обмена данными.   Чем предстоит заниматься:  Разрабатывать и развивать корпоративные решения; Автоматизировать бизнес-процессы в средних и крупных компаниях; Интегрировать системы (ERP, CRM, MES, WMS, MDM и др.); Оптимизировать архитектуру и повышать стабильность обменов данными; Работать в команде, где используется GitLab, код-ревью и автоматизированное тестирование.    Что мы ждём:  Опыт разработки от 3 лет; Понимание архитектуры корпоративных систем и принципов интеграции (REST, SOAP, обмены); Аккуратность в коде и умение документировать решения; Желание расти и осваивать новые технологии.  Знание конкретных интеграционных инструментов не требуется — мы научим!Обучение проходит в рабочее время, на официальных курсах от вендора, с поддержкой наставника. Что предлагаем:  Участие в интересных проектах с крупными и известными компаниями; Возможность влиять на архитектуру решений и предлагать свои идеи; Белая зарплата (оклад + премия по выполненным работам), регулярная индексация; Оформление по ТК РФ, аккредитация как IT-компании (льготы, IT-ипотека, отсрочка от армии); Внутреннее обучение, сертификация, развитие за счёт компании; Современный офис рядом с Центральным парком г. Тула; Дружеская атмосфера, взаимопомощь, корпоративные мероприятия и подарки; Рассмотрим людей с особенностями здоровья.    Окончательный уровень дохода обсуждается по итогам собеседования. РАБОТА В ОФИСЕ!","разработчика, которому интересно развиваться в области интеграций и работать с современными платформами обмена данными.   Чем предстоит заниматься:  Разрабатывать и развивать корпоративные решения; Автоматизировать бизнес-процессы в средних и крупных компаниях; Интегрировать системы (ERP, CRM, MES, WMS, MDM и др.); Оптимизировать архитектуру и повышать стабильность обменов данными; Работать в команде, где используется GitLab, код-ревью и автоматизированное тестирование.    Что мы ждём:  Опыт разработки от 3 лет; Понимание архитектуры корпоративных систем и принципов интеграции (REST, SOAP, обмены); Аккуратность в коде и умение документировать решения; Желание расти и осваивать новые технологии.  Знание конкретных интеграционных инструментов не требуется — мы научим!Обучение проходит в рабочее время, на официальных курсах от вендора, с поддержкой наставника. Что предлагаем:  Участие в интересных проектах с крупными и известными компаниями; Возможность влиять на архитектуру решений и предлагать свои идеи; Белая зарплата (оклад + премия по выполненным работам), регулярная индексация; Оформление по ТК РФ, аккредитация как IT-компании (льготы, IT-ипотека, отсрочка от армии); Внутреннее обучение, сертификация, развитие за счёт компании; Современный офис рядом с Центральным парком г. Тула; Дружеская атмосфера, взаимопомощь, корпоративные мероприятия и подарки; Рассмотрим людей с особенностями здоровья.    Окончательный уровень дохода обсуждается по итогам собеседования. РАБОТА В ОФИСЕ!","Разрабатывать и развивать корпоративные решения; Автоматизировать бизнес-процессы в средних и крупных компаниях; Интегрировать системы (ERP, CRM, MES, WMS, MDM и др.); Оптимизировать архитектуру и повышать стабильность обменов данными; Работать в команде, где используется GitLab, код-ревью и автоматизированное тестирование.    Что мы ждём:  Опыт разработки от 3 лет; Понимание архитектуры корпоративных систем и принципов интеграции (REST, SOAP, обмены); Аккуратность в коде и умение документировать решения; Желание расти и осваивать новые технологии.  Знание конкретных интеграционных инструментов не требуется — мы научим!Обучение проходит в рабочее время, на официальных курсах от вендора, с поддержкой наставника. Что предлагаем:  Участие в интересных проектах с крупными и известными компаниями; Возможность влиять на архитектуру решений и предлагать свои идеи; Белая зарплата (оклад + премия по выполненным работам), регулярная индексация; Оформление по ТК РФ, аккредитация как IT-компании (льготы, IT-ипотека, отсрочка от армии); Внутреннее обучение, сертификация, развитие за счёт компании; Современный офис рядом с Центральным парком г. Тула; Дружеская атмосфера, взаимопомощь, корпоративные мероприятия и подарки; Рассмотрим людей с особенностями здоровья.    Окончательный уровень дохода обсуждается по итогам собеседования. РАБОТА В ОФИСЕ!",,https://hh.ru/vacancy/134757213?query=C%23+%D1%80%D0%B0%D0%B7%D1%80%D0%B0%D0%B1%D0%BE%D1%82%D1%87%D0%B8%D0%BA&hhtmFrom=vacancy_search_list
Бэкенд-разработчик на Golang,NVI Solutions LLC,Москва,Не указана,,,,"🏢 О нас:Аккредитованная IT компания, занимаемся разработкой и внедрением программных продуктов по видеоаналитике. Сегодня решения компании используют крупнейшие производственные площадки, банки, нефтедобывающие компании и IT- интеграторы.Мы делаем видеокамеры ""умными"", в реальном времени оповещаем сотрудников об опасностях, предотвращаем инциденты на производстве и повышаем культуру безопасности.Основной стек команды: ✔️распознающее ядро в проде на С++ (основные библиотеки: TensorRT, OpenCV, OneTBB);✔️обертка ядра в продукт на Go и С#. 🧑‍💻 Обязанности:   Разработка и поддержка микросервисов на языке Golang;   Разработка API и интеграция сервисов между собой;   Участие в проектировании высоконагруженной и распределенной системы видеоаналитики;   ✅ Требования:   Опыт работы с Linux: от 1 года;   Опыт работы с Golang: от 1 года;   Знание docker;   Опыт работы с gRPC и брокерами сообщений;   Опыт работы с реляционными базами данных (например, postgres);   Понимание классического процесса разработки: git, тестирование, кодстайл, документация, деплой;   Профильное образование.   Будет плюсом:+Опыт работы с языками C++, C# или Python;+Умение настраивать Gitlab CI;+Понимание принципов построения архитектуры распределенных и высоконагруженных систем;​​​​​​​​​​​​​​​​​​​​​   🤝​​​​​​​ ​​​​​​​Условия:  Очная работа или гибрид, новый уютный офис на Тульской; ДМС (уровень Бизнес) со стоматологией - после испытательного срока; Возможность развития и роста; Аккредитованная ИТ-компания, резидент Сколково; Мощная молодая команда, почти все с физтеха (МФТИ); Все вилки можно двигать для сильных кандидатов + годовые бонусы; Много работы, сильный движ, будет интересно; Чай/кофе и снеки/перекусы в офисе; Работа с крупными надежными заказчиками - Газпром нефть, Лукойл, НЛМК.  *необходимо быть готовым после отклика заполнить анкету","Опыт работы с Linux: от 1 года;   Опыт работы с Golang: от 1 года;   Знание docker;   Опыт работы с gRPC и брокерами сообщений;   Опыт работы с реляционными базами данных (например, postgres);   Понимание классического процесса разработки: git, тестирование, кодстайл, документация, деплой;   Профильное образование.   Будет плюсом:+Опыт работы с языками C++, C# или Python;+Умение настраивать Gitlab CI;+Понимание принципов построения архитектуры распределенных и высоконагруженных систем;​​​​​​​​​​​​​​​​​​​​​   🤝​​​​​​​ ​​​​​​​Условия:  Очная работа или гибрид, новый уютный офис на Тульской; ДМС (уровень Бизнес) со стоматологией - после испытательного срока; Возможность развития и роста; Аккредитованная ИТ-компания, резидент Сколково; Мощная молодая команда, почти все с физтеха (МФТИ); Все вилки можно двигать для сильных кандидатов + годовые бонусы; Много работы, сильный движ, будет интересно; Чай/кофе и снеки/перекусы в офисе; Работа с крупными надежными заказчиками - Газпром нефть, Лукойл, НЛМК.  *необходимо быть готовым после отклика заполнить анкету","Разработка и поддержка микросервисов на языке Golang;   Разработка API и интеграция сервисов между собой;   Участие в проектировании высоконагруженной и распределенной системы видеоаналитики;   ✅ Требования:   Опыт работы с Linux: от 1 года;   Опыт работы с Golang: от 1 года;   Знание docker;   Опыт работы с gRPC и брокерами сообщений;   Опыт работы с реляционными базами данных (например, postgres);   Понимание классического процесса разработки: git, тестирование, кодстайл, документация, деплой;   Профильное образование.   Будет плюсом:+Опыт работы с языками C++, C# или Python;+Умение настраивать Gitlab CI;+Понимание принципов построения архитектуры распределенных и высоконагруженных систем;​​​​​​​​​​​​​​​​​​​​​   🤝​​​​​​​ ​​​​​​​Условия:  Очная работа или гибрид, новый уютный офис на Тульской; ДМС (уровень Бизнес) со стоматологией - после испытательного срока; Возможность развития и роста; Аккредитованная ИТ-компания, резидент Сколково; Мощная молодая команда, почти все с физтеха (МФТИ); Все вилки можно двигать для сильных кандидатов + годовые бонусы; Много работы, сильный движ, будет интересно; Чай/кофе и снеки/перекусы в офисе; Работа с крупными надежными заказчиками - Газпром нефть, Лукойл, НЛМК.  *необходимо быть готовым после отклика заполнить анкету",,https://hh.ru/vacancy/134578520?query=C%23+%D1%80%D0%B0%D0%B7%D1%80%D0%B0%D0%B1%D0%BE%D1%82%D1%87%D0%B8%D0%BA&hhtmFrom=vacancy_search_list
Fullstack-разработчик,АО Сбербанк АСТ,Москва,Не указана,,,,"Обязанности:  Поддержка и развитие ядра Универсальной торговой платформы Поддержка и развитие функционала системы настройки бизнес-процессов Изучение и внедрение новых технологий Рефакторинг устаревших решений  Мы ожидаем:   HTML/CSS/JavaScript/JQeuery/Vue.js (приоритет) Ajax / Axios C# .Net.Framework (базовые навыки) ООП, основы программирования на .NET (базовые навыки) MS SQL, T-SQL  XML, Json SVN/Git  Будет плюсом:  PostgreSQL Опыт работы с криптографическими библиотеками (подписание документов, проверка подписи)  Мы предлагаем:  ​​​Стабильная работа в аккредитованной ИТ - компании. Соблюдение всех льгот и гарантий, предусмотренных ТК РФ. Достойная заработная плата: ежемесячный оклад + премия по результатам работы. Корпоративное обучение. Возможность карьерного и профессионального роста. Подключение к бесплатной подписке СберПрайм + для сотрудников со множеством привелегий от Сбера. Подключение к программе ДМС и льготное страхование для семьи. Поддержка сотрудников в трудных жизненных ситуациях. Компенсация путевок для детей сотрудников. Новогодние подарки и подразделения для детей. График работы: понедельник - четверг с 9:00 до 18:00, пятница с 9:00 до 17:00. Отличный коллектив, где важно мнение каждого члена команды.",,"Поддержка и развитие ядра Универсальной торговой платформы Поддержка и развитие функционала системы настройки бизнес-процессов Изучение и внедрение новых технологий Рефакторинг устаревших решений  Мы ожидаем:   HTML/CSS/JavaScript/JQeuery/Vue.js (приоритет) Ajax / Axios C# .Net.Framework (базовые навыки) ООП, основы программирования на .NET (базовые навыки) MS SQL, T-SQL  XML, Json SVN/Git  Будет плюсом:  PostgreSQL Опыт работы с криптографическими библиотеками (подписание документов, проверка подписи)  Мы предлагаем:  ​​​Стабильная работа в аккредитованной ИТ - компании. Соблюдение всех льгот и гарантий, предусмотренных ТК РФ. Достойная заработная плата: ежемесячный оклад + премия по результатам работы. Корпоративное обучение. Возможность карьерного и профессионального роста. Подключение к бесплатной подписке СберПрайм + для сотрудников со множеством привелегий от Сбера. Подключение к программе ДМС и льготное страхование для семьи. Поддержка сотрудников в трудных жизненных ситуациях. Компенсация путевок для детей сотрудников. Новогодние подарки и подразделения для детей. График работы: понедельник - четверг с 9:00 до 18:00, пятница с 9:00 до 17:00. Отличный коллектив, где важно мнение каждого члена команды.",,https://hh.ru/vacancy/134693481?query=C%23+%D1%80%D0%B0%D0%B7%D1%80%D0%B0%D0%B1%D0%BE%D1%82%D1%87%D0%B8%D0%BA&hhtmFrom=vacancy_search_list
Разработчик C#/. NET,ООО Синьор Софт,Рязань,Не указана,,,,"Senior Soft – аккредитованная IT-компания, которая выводит бизнес на новый уровень автоматизации!Мы работаем с лидерами рынка: средним и крупным бизнесом, а также гигантами авиационной, нефтегазовой, машиностроительной, финансовой и торговой отраслей. Почему мы? Мы на рынке уже более 10 лет и гарантируем стабильность не только нашим клиентам, но и каждому сотруднику. У нас дружная и амбициозная команда, где ценят твой вклад и поддерживают твой рост. Направления: FinTech, Ритейл, Телеком. Проект представляет собой разработку и развитие высоконагруженного финансового продукта (биржи, депозитария и платёжной системы), построенного на основе микросервисной архитектуры. Разработка и поддержка высоконагруженных финансовых систем, включая СУР СПФИ, ТКС Сапфир, Своп-рейтс. Основные направления работы:   Развитие, доработка и оптимизация высоконагруженных финансовых систем.   Выполнение разработки и модификации back-end части систем на платформе .NET.   Проектирование и разработка микросервисной архитектуры.   Оптимизация запросов и работа с большими объёмами данных для обеспечения высокой производительности.   Проектирование и разработка финансовых приложений с учетом требований безопасности.   Участие во всем жизненном цикле разработки — от проектирования до реализации и поддержки.   Требования к кандидату:   Опыт коммерческой разработки на C# (.NET / .NET Core) от 3 лет.   Опыт работы с ASP.NET от 3 лет.   Опыт работы с Entity Framework Core от 3 лет.   Понимание и практический опыт работы с микросервисной архитектурой.   Опыт разработки крупных высоконагруженных систем.   Опыт разработки и проектирования финансовых приложений.   Понимание архитектуры и технологий безопасности в корпоративных приложениях.   Дополнительные требования и навыки:   Опыт работы с PostgreSQL.   Опыт работы с Docker.   Уверенное владение инструментами разработки: VS Code, GitHub.   Опыт работы с системами управления проектами и документацией: Jira, Confluence.   Навыки оптимизации запросов к базам данных.   Готовность к долгосрочному сотрудничеству.   Будет плюсом: Angular, React.   Технологический стек:   Язык и платформа: C#, .NET / .NET Core, ASP.NET   ORM: Entity Framework Core   Базы данных: PostgreSQL   Контейнеризация: Docker   Системы контроля версий: GitHub   Инструменты разработки: Visual Studio Code   Управление проектами и документация: Jira, Confluence   Архитектура: Микросервисы   Что мы предлагаем:   Полностью удалённый формат работы.   Оформление по ИП/СЗ.   Участие в значимых проектах с высокой социальной и бизнес-ценностью.   Поддержка и стабильность от компании, работающей на рынке более 10 лет.","к кандидату:   Опыт коммерческой разработки на C# (.NET / .NET Core) от 3 лет.   Опыт работы с ASP.NET от 3 лет.   Опыт работы с Entity Framework Core от 3 лет.   Понимание и практический опыт работы с микросервисной архитектурой.   Опыт разработки крупных высоконагруженных систем.   Опыт разработки и проектирования финансовых приложений.   Понимание архитектуры и технологий безопасности в корпоративных приложениях.   Дополнительные требования и навыки:   Опыт работы с PostgreSQL.   Опыт работы с Docker.   Уверенное владение инструментами разработки: VS Code, GitHub.   Опыт работы с системами управления проектами и документацией: Jira, Confluence.   Навыки оптимизации запросов к базам данных.   Готовность к долгосрочному сотрудничеству.   Будет плюсом: Angular, React.   Технологический стек:   Язык и платформа: C#, .NET / .NET Core, ASP.NET   ORM: Entity Framework Core   Базы данных: PostgreSQL   Контейнеризация: Docker   Системы контроля версий: GitHub   Инструменты разработки: Visual Studio Code   Управление проектами и документация: Jira, Confluence   Архитектура: Микросервисы   Что мы предлагаем:   Полностью удалённый формат работы.   Оформление по ИП/СЗ.   Участие в значимых проектах с высокой социальной и бизнес-ценностью.   Поддержка и стабильность от компании, работающей на рынке более 10 лет.",,,https://hh.ru/vacancy/133568137?query=C%23+%D1%80%D0%B0%D0%B7%D1%80%D0%B0%D0%B1%D0%BE%D1%82%D1%87%D0%B8%D0%BA&hhtmFrom=vacancy_search_list
Junior/Middle-C# разработчик,АО АЛТЭКС-СОФТ,"Королёв, микрорайон Юбилейный, Лесная улица, 16",Не указана,,,,"Обязанности:  Написание backend кода коллективная разработка, code-review внутри команды документирование работы во внутреннем трекере.  Требования:  опыт работы на платформе .NET Framework, .NET Core (C#, ASP Net), Entity Framework Core хорошее знание ANSI SQL понимание архитектуры REST, Web API умение и/или желание использовать современные подходы к разработке (Agile, DDD, TDD) опыт работы с Git, JIRA, Confluence, Jenkins.  Приветствуется:  наличие портфолио, работающих web-приложений при указании личного вклада в разработку опыт разработки высоконагруженных web-приложений начальные навыки администрирования с linux-системам знание основ контейнеризации (Docker, OpenShift).  Условия:   компания из Реестра ИТ, оформление отсрочки от призыва   конкурентная и «белая» зарплата   полная занятость 5/2  возможен гибридный график работы (удаленно-офис) обучение и повышение квалификации за счет компании компенсация аренды жилья для иногородних компенсация занятий спортом.","опыт работы на платформе .NET Framework, .NET Core (C#, ASP Net), Entity Framework Core хорошее знание ANSI SQL понимание архитектуры REST, Web API умение и/или желание использовать современные подходы к разработке (Agile, DDD, TDD) опыт работы с Git, JIRA, Confluence, Jenkins.  Приветствуется:  наличие портфолио, работающих web-приложений при указании личного вклада в разработку опыт разработки высоконагруженных web-приложений начальные навыки администрирования с linux-системам знание основ контейнеризации (Docker, OpenShift).  Условия:   компания из Реестра ИТ, оформление отсрочки от призыва   конкурентная и «белая» зарплата   полная занятость 5/2  возможен гибридный график работы (удаленно-офис) обучение и повышение квалификации за счет компании компенсация аренды жилья для иногородних компенсация занятий спортом.","Написание backend кода коллективная разработка, code-review внутри команды документирование работы во внутреннем трекере.  Требования:  опыт работы на платформе .NET Framework, .NET Core (C#, ASP Net), Entity Framework Core хорошее знание ANSI SQL понимание архитектуры REST, Web API умение и/или желание использовать современные подходы к разработке (Agile, DDD, TDD) опыт работы с Git, JIRA, Confluence, Jenkins.  Приветствуется:  наличие портфолио, работающих web-приложений при указании личного вклада в разработку опыт разработки высоконагруженных web-приложений начальные навыки администрирования с linux-системам знание основ контейнеризации (Docker, OpenShift).  Условия:   компания из Реестра ИТ, оформление отсрочки от призыва   конкурентная и «белая» зарплата   полная занятость 5/2  возможен гибридный график работы (удаленно-офис) обучение и повышение квалификации за счет компании компенсация аренды жилья для иногородних компенсация занятий спортом.",,https://hh.ru/vacancy/132575054?query=C%23+%D1%80%D0%B0%D0%B7%D1%80%D0%B0%D0%B1%D0%BE%D1%82%D1%87%D0%B8%D0%BA&hhtmFrom=vacancy_search_list
C#/.NET-разработчик,ООО НТЦ Вулкан,Москва,Не указана,,,,"НТЦ «Вулкан» - российская аккредитованная IT-компания. Наши проекты связаны с оказанием сервисных ИТ/ИБ-услуг, разработкой прикладного ПО, созданием VR/AR-приложений, заказной разработкой электроники, анализом защищенности embedded-устройств. Наши клиенты – крупные коммерческие компании (Сбербанк, Лукойл, Мегафон и другие), а также государственные структуры. Задачи:  Развитие существующего проекта (десктопного кросс-платформенного клиента);  Участие в выработке архитектурных решений.  Требования:   Знание основ программирования: ООП: инкапсуляция, наследование, полиморфизм, абстракция.  Принципы SOLID.  Знание и применение основных паттернов проектирования: (MVVM, MVC, Singleton, Factory, Observer, Strategy, Decorator и др.).  Опыт разработки Desktop-приложений: WinForms, WPF, .NET MAUI, AvaloniaUI.  Опыт разработки серверных приложений: ASP.NET(Core) для веб-API или веб-приложений.  Будет плюсом: • Опыт кроссплатформенных Desktop-приложений (WPF или AvaloniaUI 11+).• Знание БД SQL/NoSQL (PostgreSQL, SQLite, MongoDB, Elasticsearch, Redis) и ORM (Entity Framework).• Знание механизмов передачи сообщений (Apache Kafka, RabbitMQ).• Понимание REST API.• Опыт работы с Git.","Знание основ программирования: ООП: инкапсуляция, наследование, полиморфизм, абстракция.  Принципы SOLID.  Знание и применение основных паттернов проектирования: (MVVM, MVC, Singleton, Factory, Observer, Strategy, Decorator и др.).  Опыт разработки Desktop-приложений: WinForms, WPF, .NET MAUI, AvaloniaUI.  Опыт разработки серверных приложений: ASP.NET(Core) для веб-API или веб-приложений.  Будет плюсом: • Опыт кроссплатформенных Desktop-приложений (WPF или AvaloniaUI 11+).• Знание БД SQL/NoSQL (PostgreSQL, SQLite, MongoDB, Elasticsearch, Redis) и ORM (Entity Framework).• Знание механизмов передачи сообщений (Apache Kafka, RabbitMQ).• Понимание REST API.• Опыт работы с Git.",,,https://hh.ru/vacancy/134599906?query=C%23+%D1%80%D0%B0%D0%B7%D1%80%D0%B0%D0%B1%D0%BE%D1%82%D1%87%D0%B8%D0%BA&hhtmFrom=vacancy_search_list
.Net разработчик (Senior),ООО Норд Клан,Москва,Не указана,,,,"Nord Clan— компания по разработке ПО на заказ. Мы создаем высоконагруженные интеграционные проекты, системы дистанционного обслуживания для финтеха, производства и медицины — как полностью своей командой, так и в рамках партнерства с крупными интеграторами. Мы создаем собственные продукты на основе машинного зрения и нейросетей. Входим в ТОП-3 игроков рынка искусственного интеллекта России (рейтинг Рунета, 2025). Наша платформа на основе машинного зрения и нейросетей ML Sense — лучшее отраслевое решение для промышленности (конкурс “Лидеры цифровизации”, 2025), лучший инновационный продукт (конкурс Smart 500, 2025). Нам доверяют Wildberries, Яндекс, Росатом, HeadHunter, Самолёт плюс, СберТех, Северсталь, Инвитро, ЦИАН, Банки.ру, Dostaевский и другие лидеры рынка. Входим в реестр аккредитованных МинЦифры организаций, осуществляющих деятельность в области информационных технологий. У нас два офиса: в Санкт-Петербурге и Ульяновске, и удаленные сотрудники почти во всех уголках России. В команду разработки мы ищем опытного .NET разработчика (уровень Senior). Проживание в Москве или Московской области обязательно!   Требования:  стек C#, .Net Core, .Net Framework, MS SQL, Kafka, PostgreSQL; опыт работы с MS SQL Server (T-SQL) или другими СУБД; понимание принципов CI/CD; опыт работы с системами контроля версий (git); опыт разработки Web Api (RESTful, применение IoC контейнеров в работе); понимание архитектуры и технологий безопасности в корпоративных приложениях; опыт оптимизации запросов, работы с большими объемами данных; опыт разработки крупных высоконагруженных систем; опыт разработки и проектирования интернет-банков, знание банковских предметных областей; опыт работы с микросервисной архитектурой.  Что мы предлагаем:  амбициозные задачи и проекты, клиенты — лидеры отрасли; полностью «белая» компания, оформление по ТК; достойный уровень заработной платы (фиксированный оклад + премия): ориентируемся на ожидания кандидатов; льготы и преимущества аккредитованной МинЦифры ИТ-организации (льготная IT-ипотека, отсрочка), бонусы работодателя (льготы в рамках зп-проектов, специальные предложения от компании и партнеров); работа 5/2, “гибкие” начало дня (с 8:00 до 11:00) и время обеда; отзывчивый коллектив, адекватное руководство; открытая корпоративная культура, где ты сможешь влиять на процессы, принимать решения и реализовывать свои опыт и потенциал.  При отклике оставьте, пожалуйста, свой ник в телеграм, так нашему эйчару будет легче связаться с вами Благодарим за внимание к вакансии и рады ответить на ваши вопросы!","опытного .NET разработчика (уровень Senior). Проживание в Москве или Московской области обязательно!   Требования:  стек C#, .Net Core, .Net Framework, MS SQL, Kafka, PostgreSQL; опыт работы с MS SQL Server (T-SQL) или другими СУБД; понимание принципов CI/CD; опыт работы с системами контроля версий (git); опыт разработки Web Api (RESTful, применение IoC контейнеров в работе); понимание архитектуры и технологий безопасности в корпоративных приложениях; опыт оптимизации запросов, работы с большими объемами данных; опыт разработки крупных высоконагруженных систем; опыт разработки и проектирования интернет-банков, знание банковских предметных областей; опыт работы с микросервисной архитектурой.  Что мы предлагаем:  амбициозные задачи и проекты, клиенты — лидеры отрасли; полностью «белая» компания, оформление по ТК; достойный уровень заработной платы (фиксированный оклад + премия): ориентируемся на ожидания кандидатов; льготы и преимущества аккредитованной МинЦифры ИТ-организации (льготная IT-ипотека, отсрочка), бонусы работодателя (льготы в рамках зп-проектов, специальные предложения от компании и партнеров); работа 5/2, “гибкие” начало дня (с 8:00 до 11:00) и время обеда; отзывчивый коллектив, адекватное руководство; открытая корпоративная культура, где ты сможешь влиять на процессы, принимать решения и реализовывать свои опыт и потенциал.  При отклике оставьте, пожалуйста, свой ник в телеграм, так нашему эйчару будет легче связаться с вами Благодарим за внимание к вакансии и рады ответить на ваши вопросы!",,,https://hh.ru/vacancy/134028419?query=C%23+%D1%80%D0%B0%D0%B7%D1%80%D0%B0%D0%B1%D0%BE%D1%82%D1%87%D0%B8%D0%BA&hhtmFrom=vacancy_search_list
Fullstack‑разработчик (C#),Демлинк,Москва,Не указана,,,,"О проекте Вы будете работать над развитием платформы Corteos — многофункционального решения для интеграции с поставщиками услуг (ГДС, авиакомпании, отели и т. д.). Впереди — серия разнонаправленных интеграционных проектов, которые потребуют гибкости, глубоких технических знаний и умения работать в команде. Что нужно делать (должностные обязанности):   вести разработку для платформы Corteos;   писать контроллеры, реализовывать бизнес‑логику, проектировать модели данных и переносимые представления;   создавать модульные расширения для платформы;   интегрировать модули с внешними поставщиками услуг (глобальные дистрибутивные системы, авиакомпании, сети отелей и т. п.);   обеспечивать корректную работу с ролевой моделью, локализацией, логированием и правами доступа;   взаимодействовать с командой через Bitbucket Server, оформлять понятные Pull Request’ы;   участвовать в обсуждении технических решений и планировании задач.   Мы ждём, что вы: Обязательно:   владеете языком программирования C#;   имеете опыт работы с ASP.NET MVC и Razor/cshtml;   знаете JavaScript;   умеете работать с REST API;   владеете Git;   знакомы с принципами CI/CD;   работали с PostgreSQL;   понимаете принципы организации ролей, прав доступа и пользовательских контекстов;   умеете читать существующий код и расширять его без нарушения работы базовой платформы;   уверенно работаете в VSCode;   имеете опыт работы с Битрикс24;   желательно — умеете работать с операционными системами Debian и/или Arch.   Будет плюсом:   опыт работы с Python;   опыт работы с Java.   Мы предлагаем:   Официальное оформление по ТК РФ (ГПХ или СЗ тоже рассматриваем); Поддержка и наставничество на всем пути входа в должность; Крутая и амбициозная команда ИТ, у которых можно всегда научиться новым знаниям; Мотивация обсуждается индивидуально с финальнам кандидатом (полностью белый доход); Стабильность и развитие (мы на рынке почти 35 лет);  Присылайте резюме или ссылку на GitHub/портфолио через hh.ru. В отклике укажите, с какими версиями .NET работали последний год и какой проект был самым сложным технически.",,"(должностные обязанности):   вести разработку для платформы Corteos;   писать контроллеры, реализовывать бизнес‑логику, проектировать модели данных и переносимые представления;   создавать модульные расширения для платформы;   интегрировать модули с внешними поставщиками услуг (глобальные дистрибутивные системы, авиакомпании, сети отелей и т. п.);   обеспечивать корректную работу с ролевой моделью, локализацией, логированием и правами доступа;   взаимодействовать с командой через Bitbucket Server, оформлять понятные Pull Request’ы;   участвовать в обсуждении технических решений и планировании задач.   Мы ждём, что вы: Обязательно:   владеете языком программирования C#;   имеете опыт работы с ASP.NET MVC и Razor/cshtml;   знаете JavaScript;   умеете работать с REST API;   владеете Git;   знакомы с принципами CI/CD;   работали с PostgreSQL;   понимаете принципы организации ролей, прав доступа и пользовательских контекстов;   умеете читать существующий код и расширять его без нарушения работы базовой платформы;   уверенно работаете в VSCode;   имеете опыт работы с Битрикс24;   желательно — умеете работать с операционными системами Debian и/или Arch.   Будет плюсом:   опыт работы с Python;   опыт работы с Java.   Мы предлагаем:   Официальное оформление по ТК РФ (ГПХ или СЗ тоже рассматриваем); Поддержка и наставничество на всем пути входа в должность; Крутая и амбициозная команда ИТ, у которых можно всегда научиться новым знаниям; Мотивация обсуждается индивидуально с финальнам кандидатом (полностью белый доход); Стабильность и развитие (мы на рынке почти 35 лет);  Присылайте резюме или ссылку на GitHub/портфолио через hh.ru. В отклике укажите, с какими версиями .NET работали последний год и какой проект был самым сложным технически.",,https://hh.ru/vacancy/134585041?query=C%23+%D1%80%D0%B0%D0%B7%D1%80%D0%B0%D0%B1%D0%BE%D1%82%D1%87%D0%B8%D0%BA&hhtmFrom=vacancy_search_list
C# (.Net-разработчик),ООО ИЦ АЙ-ТЕКО,Москва,Не указана,,,,"КОМПАНИЯ «АЙ-ТЕКО» - ведущий российский системный интегратор и поставщик информационных технологий для корпоративных заказчиков. Активно действует на рынке IT России с 1997 года, входит в ТОП-400 крупнейших российских компаний, ТОП-10 крупнейших IT-компаний России. В связи с активным развитием проектов в компании открыта вакансия C# (.Net-разработчик).   Требования:  Опыт работы 6 лет со стеком технологий: C#, .Net Core, .NetFramework, MS SQL, Kafka, Redis, Rabbit MQ, Camunda, PostgreSQL; Опыт работы с MS SQL Server (T-SQL) или другими СУБД; Понимание принципов CI/CD; Опыт работы с системами контроля версий (git); Опыт разработки Web Api (RESTful, применение IoC контейнеров вработе); Понимание архитектуры и технологий безопасности вкорпоративных приложениях; Опыт оптимизации запросов, работы с большими объемамиданных; Опыт разработки крупных высоконагруженных систем; Опыт разработки и проектирования интернеов, знаниебанковских предметных областей; Опыт работы с микросервисной архитектурой.  Условия:  Работу в стабильной компании, ""белую"" заработную плату; Оформление в соответствии с ТК РФ с первого дня работы; Расширенный социальный пакет: ДМС (включая стоматологию), корпоративные скидки на посещение фитнес-клубов, футбольная и волейбольная секции; Профессиональное обучение и развитие; Яркая и насыщенная корпоративная жизнь;  Снабжаем всей необходимой современной техникой: мощный ноут привезут прямо в день оформления.   ✅ ОТКЛИКАЙСЯ =) ЖДУ КОГДА ВМЕСТЕ ПОРАДУЕМСЯ ТВОЕМУ ОФФЕРУ)","Опыт работы 6 лет со стеком технологий: C#, .Net Core, .NetFramework, MS SQL, Kafka, Redis, Rabbit MQ, Camunda, PostgreSQL; Опыт работы с MS SQL Server (T-SQL) или другими СУБД; Понимание принципов CI/CD; Опыт работы с системами контроля версий (git); Опыт разработки Web Api (RESTful, применение IoC контейнеров вработе); Понимание архитектуры и технологий безопасности вкорпоративных приложениях; Опыт оптимизации запросов, работы с большими объемамиданных; Опыт разработки крупных высоконагруженных систем; Опыт разработки и проектирования интернеов, знаниебанковских предметных областей; Опыт работы с микросервисной архитектурой.  Условия:  Работу в стабильной компании, ""белую"" заработную плату; Оформление в соответствии с ТК РФ с первого дня работы; Расширенный социальный пакет: ДМС (включая стоматологию), корпоративные скидки на посещение фитнес-клубов, футбольная и волейбольная секции; Профессиональное обучение и развитие; Яркая и насыщенная корпоративная жизнь;  Снабжаем всей необходимой современной техникой: мощный ноут привезут прямо в день оформления.   ✅ ОТКЛИКАЙСЯ =) ЖДУ КОГДА ВМЕСТЕ ПОРАДУЕМСЯ ТВОЕМУ ОФФЕРУ)",,,https://hh.ru/vacancy/134578962?query=C%23+%D1%80%D0%B0%D0%B7%D1%80%D0%B0%D0%B1%D0%BE%D1%82%D1%87%D0%B8%D0%BA&hhtmFrom=vacancy_search_list
"Fullstack Разработчик C#, Angular",ООО ИндаСофт,"Иннополис, Университетская улица, 7",Не указана,,,,"«ИндаСофт»— аккредитованная IT-компания с 30-летним опытом. Мы разрабатываем и внедряем автоматизированные системы оперативного управления производством (MES), которые решают задачи диспетчерского управления, производственного учёта, управления качеством, согласования балансов и поиска потерь, учёта энергоресурсов, диагностики и прогнозирования состояния оборудования, моделирования и оптимизации производственных и технологических процессов.Профессиональная команда разработки ищет middle-разработчика C# для работы над масштабным проектом компании. Обратите внимание: вакансия предполагает работу в офисе в г. Иннополис.   Обязанности:  Разработка серверной части ПО на технологическом стеке .Net (C#); Разработка клиентской части (HTML, CSS, JS, TypeScript, Angular от 12ой версии). Участие в проектах по внедрению ИИ ; Четкое соблюдение процесса разработки; Проектирование технической решений по согласованию с руководителем; Написание unit-тестов по решаемым задачам; Проведение CodeReview и работа с Git Flow; Уточнение требований и оценка поставленных задач; Консультирование специалистов технической поддержки по вопросам реализации функционала.  Требования:  Стремление писать качественный код и постоянно обучаться; Опыт программирования от 3-х лет на .NET Core (C#); Опыт frontend-разработки (JS, HTML, CSS) от 2 лет; Понимание принципов ООП и современных подходов к разработке; Желателен опыт работы с SQL от 2 лет (PSQL); Также желательно общее представление об агентских ИИ-системах и практика автоматизации задач с использованием ИИ.  Условия: Мы предлагаем стабильную и перспективную работу в компании, сотрудничающей с крупнейшими предприятиями России. Работаем строго по ТК РФ.  Рассматриваем кандидатов в команду отдела разработки ПО; График 5/2; с 9-00 до 18-00, обеденный перерыв, формат работы - офисный; На время испытательного срока предоставляется компенсация аренды квартиры в Иннополисе; Техническое собеседование с руководителем; Оклад обсуждается с успешным кандидатом; Официальное трудоустройство (белая заработная плата, оплачиваемые отпуска, больничные); После прохождения испытательного срока оформление полиса ДМС, компенсация оплаты абонемента в фитнес-клуб, подключение к системе скидок PrimeZone;   Офис расположен по адресу: Республика Татарстан, г. Иннополис, ул. Университетская, дом 7.","Стремление писать качественный код и постоянно обучаться; Опыт программирования от 3-х лет на .NET Core (C#); Опыт frontend-разработки (JS, HTML, CSS) от 2 лет; Понимание принципов ООП и современных подходов к разработке; Желателен опыт работы с SQL от 2 лет (PSQL); Также желательно общее представление об агентских ИИ-системах и практика автоматизации задач с использованием ИИ.  Условия: Мы предлагаем стабильную и перспективную работу в компании, сотрудничающей с крупнейшими предприятиями России. Работаем строго по ТК РФ.  Рассматриваем кандидатов в команду отдела разработки ПО; График 5/2; с 9-00 до 18-00, обеденный перерыв, формат работы - офисный; На время испытательного срока предоставляется компенсация аренды квартиры в Иннополисе; Техническое собеседование с руководителем; Оклад обсуждается с успешным кандидатом; Официальное трудоустройство (белая заработная плата, оплачиваемые отпуска, больничные); После прохождения испытательного срока оформление полиса ДМС, компенсация оплаты абонемента в фитнес-клуб, подключение к системе скидок PrimeZone;   Офис расположен по адресу: Республика Татарстан, г. Иннополис, ул. Университетская, дом 7.","Разработка серверной части ПО на технологическом стеке .Net (C#); Разработка клиентской части (HTML, CSS, JS, TypeScript, Angular от 12ой версии). Участие в проектах по внедрению ИИ ; Четкое соблюдение процесса разработки; Проектирование технической решений по согласованию с руководителем; Написание unit-тестов по решаемым задачам; Проведение CodeReview и работа с Git Flow; Уточнение требований и оценка поставленных задач; Консультирование специалистов технической поддержки по вопросам реализации функционала.  Требования:  Стремление писать качественный код и постоянно обучаться; Опыт программирования от 3-х лет на .NET Core (C#); Опыт frontend-разработки (JS, HTML, CSS) от 2 лет; Понимание принципов ООП и современных подходов к разработке; Желателен опыт работы с SQL от 2 лет (PSQL); Также желательно общее представление об агентских ИИ-системах и практика автоматизации задач с использованием ИИ.  Условия: Мы предлагаем стабильную и перспективную работу в компании, сотрудничающей с крупнейшими предприятиями России. Работаем строго по ТК РФ.  Рассматриваем кандидатов в команду отдела разработки ПО; График 5/2; с 9-00 до 18-00, обеденный перерыв, формат работы - офисный; На время испытательного срока предоставляется компенсация аренды квартиры в Иннополисе; Техническое собеседование с руководителем; Оклад обсуждается с успешным кандидатом; Официальное трудоустройство (белая заработная плата, оплачиваемые отпуска, больничные); После прохождения испытательного срока оформление полиса ДМС, компенсация оплаты абонемента в фитнес-клуб, подключение к системе скидок PrimeZone;   Офис расположен по адресу: Республика Татарстан, г. Иннополис, ул. Университетская, дом 7.",,https://hh.ru/vacancy/134619755?query=C%23+%D1%80%D0%B0%D0%B7%D1%80%D0%B0%D0%B1%D0%BE%D1%82%D1%87%D0%B8%D0%BA&hhtmFrom=vacancy_search_list
"Старший разработчик С#, PaaS, Языковая платформа",Ozon Tech,"Москва, р-н Пресненский",Не указана,,,,"Привет! Это команда языковой платформы C# Мы создаём и поддерживаем инфраструктурные компоненты, которые обеспечивают высочайшую эффективность, надёжность и скорость разработки для всех .NET-сервисов Ozon. Наша ключевая цель — создавать лучшую в индустрии платформу для .NET-разработки, которая позволяет тысячам разработчиков быстро создавать и масштабировать высоконагруженные сервисы. Мы напрямую влияем на ключевые бизнес-метрики, такие как стоимость владения сервисами, время вывода новых продуктов на рынок и отказоустойчивость всей экосистемы. Наша уникальность — это глубокая экспертиза в рантайме .NET и разработка собственных высокопроизводительных решений, которые работают в масштабах всей компании. Наш стек   .NET 10   gRPC   PostgreSQL   Redis(Valkey)   Warden   Databus      Вы будете   Улучшать опыт .NET-разработчиков, создавая и внедряя новые инструменты и практики.   Оптимизировать настройки рантайма .NET для снижения общего потребления ресурсов и повышения производительности сервисов.   Разрабатывать и внедрять новые платформенные фичи, такие как автоматические таймауты, retry, circuit breaker и loadshedding.   Дорабатывать и поддерживать платформенные клиенты для баз данных (Pg, Redis, Clickhouse, Cassandra) и инфраструктурных компонентов.   Создавать и обеспечивать распространение внутренних релизов .NET-платформы.   Участвовать в исправлении багов в базовых библиотеках (npgsql, grpc-dotnet) и contribute back в open source.   Примеры задач   Оптимизация работы ThreadPool для снижения потребления CPU на сервисах.   Разработка инструментов для анализа производительности, например, сервиса анализа .nettrace профилей.   Разработка единых стандартов и настроек для таймаутов HTTP, gRPC и ресурсных клиентов.   Создание собственных высокопроизводительных реализаций клиентов, например, для etcd.   Нам важно   Опыт разработки на C# и глубокое понимание работы .NET.   Понимание принципов работы сетевых протоколов (gRPC, HTTP).   Опыт работы с высоконагруженными и распределёнными системами.   Умение анализировать и оптимизировать производительность приложений.   Способность самостоятельно разбираться в сложных системах и находить точки для улучшения.   Будет плюсом   Опыт contribute в open-source проекты, особенно в базовые библиотеки .NET.   Понимание внутреннего устройства .NET Runtime.   Опыт разработки инфраструктурных библиотек или платформенных компонентов.",,,,https://hh.ru/vacancy/133296650?query=C%23+%D1%80%D0%B0%D0%B7%D1%80%D0%B0%D0%B1%D0%BE%D1%82%D1%87%D0%B8%D0%BA&hhtmFrom=vacancy_search_list
Разработчик ПО для Smart Card,ООО Модум,Зеленоград,Не указана,,,,"Инженер-программист (Разработчик ПО для Smart Card) Команда разработчиков встраиваемого ПО аккредитованной IT- компании ООО «МОДУМ» ведет набор программистов. Вас ждет большое количество интересных проектов, играющих важную роль в сфере обеспечения информационной безопасности и развития информационных технологий. Мы ждём специалистов, желающих проявить себя и надолго стать частью дружного, постоянно растущего и развивающегося коллектива! Наши условия:   Работа в современном офисе в центре Зеленограде (15 минут до станции Крюково); Комфортабельное рабочее место с современным компьютером; Работа в команде; Помощь отзывчивых коллег; Возможности для карьерного роста; Гибкое начало рабочего дня; Работа только в офисе (нет удалённого формата работы).  С нашей стороны гарантируем:  Зарплата от 250 т.р. в полном соответствии с ТК РФ (в зависимости от уровня квалификации, определяется индивидуально); Стабильные выплаты зарплаты 2 раза в месяц; Полное соблюдение ТК РФ и оформление с первого дня работы; Оформление полиса ДМС в лучших клиниках Зеленограда и Москвы по окончании испытательного срока; Премии по результатам работы; Компенсация занятий фитнесом по окончании испытательного срока.  Задачи, которые предстоит решать:  Разработка и сопровождение операционных систем для Smart Card на языках С, ассемблер с использованием средств разработки Keil, Eclipse; Разработка вспомогательных приложений на языках С, С++, С# с использованием средств Microsoft Visual Studio; Первичное тестирование разработанных продуктов; Формирование документации по разрабатываемым проектам.  Требования к кандидату:  Наличие профильного высшего образования; Уверенное знание стандартов: ISO/IEC 7816, Global Platform, ETSI 3GPP TS. Уверенное знание спецификации Java Card Platform v.3.04 или v.2.2.2; Обязательный опыт работы в области Smart Card от 5 лет; Опыт программирования низкоуровневого ПО для микроконтроллеров на языках С, ассемблер от 5 лет: Аккуратность, умение писать хорошо понимаемый и оформленный код; Умение работать с проектами, разрабатываемыми другими людьми; Понимание принципов архитектур микропроцессоров и/или микроконтроллеров; Опыт работы с использованием системы контроля версий (GIT); Знание и понимание принципов работы систем управления проектами (Jira); Знание английского на уровне, необходимом для чтения технических спецификаций, стандартов и документации.  Дополнительная информация: Решение о приеме на работу принимается по итогам собеседования и выполнения тестовых задач на проверку соответствия вышеперечисленных требованиям. Место работы: г. Зеленоград, Георгиевский просп. д.5 Контактное лицо: Гудыма Ольга Давидовна 8(916) 569-45-37  ​​​​​","специалистов, желающих проявить себя и надолго стать частью дружного, постоянно растущего и развивающегося коллектива! Наши условия:   Работа в современном офисе в центре Зеленограде (15 минут до станции Крюково); Комфортабельное рабочее место с современным компьютером; Работа в команде; Помощь отзывчивых коллег; Возможности для карьерного роста; Гибкое начало рабочего дня; Работа только в офисе (нет удалённого формата работы).  С нашей стороны гарантируем:  Зарплата от 250 т.р. в полном соответствии с ТК РФ (в зависимости от уровня квалификации, определяется индивидуально); Стабильные выплаты зарплаты 2 раза в месяц; Полное соблюдение ТК РФ и оформление с первого дня работы; Оформление полиса ДМС в лучших клиниках Зеленограда и Москвы по окончании испытательного срока; Премии по результатам работы; Компенсация занятий фитнесом по окончании испытательного срока.  Задачи, которые предстоит решать:  Разработка и сопровождение операционных систем для Smart Card на языках С, ассемблер с использованием средств разработки Keil, Eclipse; Разработка вспомогательных приложений на языках С, С++, С# с использованием средств Microsoft Visual Studio; Первичное тестирование разработанных продуктов; Формирование документации по разрабатываемым проектам.  Требования к кандидату:  Наличие профильного высшего образования; Уверенное знание стандартов: ISO/IEC 7816, Global Platform, ETSI 3GPP TS. Уверенное знание спецификации Java Card Platform v.3.04 или v.2.2.2; Обязательный опыт работы в области Smart Card от 5 лет; Опыт программирования низкоуровневого ПО для микроконтроллеров на языках С, ассемблер от 5 лет: Аккуратность, умение писать хорошо понимаемый и оформленный код; Умение работать с проектами, разрабатываемыми другими людьми; Понимание принципов архитектур микропроцессоров и/или микроконтроллеров; Опыт работы с использованием системы контроля версий (GIT); Знание и понимание принципов работы систем управления проектами (Jira); Знание английского на уровне, необходимом для чтения технических спецификаций, стандартов и документации.  Дополнительная информация: Решение о приеме на работу принимается по итогам собеседования и выполнения тестовых задач на проверку соответствия вышеперечисленных требованиям. Место работы: г. Зеленоград, Георгиевский просп. д.5 Контактное лицо: Гудыма Ольга Давидовна 8(916) 569-45-37  ​​​​​",,,https://hh.ru/vacancy/133243481?query=C%23+%D1%80%D0%B0%D0%B7%D1%80%D0%B0%D0%B1%D0%BE%D1%82%D1%87%D0%B8%D0%BA&hhtmFrom=vacancy_search_list
C#/.NET-разработчик Senior,"ЗащитаИнфоТранс, ФГУП",Москва,Не указана,,,,"ФГУП ""ЗащитаИнфоТранс"" - аккредитованная государственная IT-компания, специализирующаяся на цифровизации и внедрении инноваций в транспортной отрасли, эксперт в области защиты информации и обеспечения транспортной безопасности.С 1996 года успешно реализовано более 180 масштабных проектов по разработке информационных систем для всей транспортной отрасли. Задачи:   Разработка ПО;   Проведение код-ревью;   Реализация взаимодействия c сервисами по HTTP и работа с очередями;   Работа с данными в формате XML/JSON;   Участие в разработке и согласовании API front-back;   Взаимодействие с аналитиками, проект-менеджерами и другими участниками рабочих групп.    Требования:  Опыт коммерческой разработки на .NET (Core/5/6/7/8) от 6 лет; Глубокое понимание платформы .NET и ASP.NET Core (Web API); Понимание принципов RESTful API; Знание баз данных PostgreSQL. Проектирование схемы и индексов, написание и оптимизация сложных запросов. Опыт работы с другими БД приветствуется; Опыт работы с ORM (Entity Framework Core / Dapper); Опыт работы с системами контроля версий (Git); Знание паттернов проектирования, принципов SOLID; Практический опыт работы с Docker; Опыт с очередями сообщений; Практический опыт работы с аутентификацией и авторизацией.  Условия:  Официальное оформление в аккредитованной IT компании в соответствии с ТК РФ (оплата больничных и отпусков); Выплаты социального характера (при вступлении в брак, при рождении ребенка, ко дню рождения и т.д.); Возможность дополнительного обучения за счет компании и карьерного роста; Уютный офис с зонами отдыха и кухней, комфортное рабочее место, офис находится в пешей доступности от метро Тульская на территории Даниловской Мануфактуры.","Опыт коммерческой разработки на .NET (Core/5/6/7/8) от 6 лет; Глубокое понимание платформы .NET и ASP.NET Core (Web API); Понимание принципов RESTful API; Знание баз данных PostgreSQL. Проектирование схемы и индексов, написание и оптимизация сложных запросов. Опыт работы с другими БД приветствуется; Опыт работы с ORM (Entity Framework Core / Dapper); Опыт работы с системами контроля версий (Git); Знание паттернов проектирования, принципов SOLID; Практический опыт работы с Docker; Опыт с очередями сообщений; Практический опыт работы с аутентификацией и авторизацией.  Условия:  Официальное оформление в аккредитованной IT компании в соответствии с ТК РФ (оплата больничных и отпусков); Выплаты социального характера (при вступлении в брак, при рождении ребенка, ко дню рождения и т.д.); Возможность дополнительного обучения за счет компании и карьерного роста; Уютный офис с зонами отдыха и кухней, комфортное рабочее место, офис находится в пешей доступности от метро Тульская на территории Даниловской Мануфактуры.",,,https://hh.ru/vacancy/134606766?query=C%23+%D1%80%D0%B0%D0%B7%D1%80%D0%B0%D0%B1%D0%BE%D1%82%D1%87%D0%B8%D0%BA&hhtmFrom=vacancy_search_list
Backend разработчик (.NET C#),ООО Лоция,Москва,Не указана,,,,"Чем предстоит заниматься:  разработкой backend части приложения; кодом ревью; организацией и проведением технологической экспертизы по заявкам на доработку ПО в рамках текущей и проектной деятельности; дизайн решениями в рамках своей деятельности по запросам на изменение на основании ТЗ.  Чего мы ждем от тебя:  опыт в .NET-разработке от 5 лет; опыт работы с .NET 6 и выше; понимание принципов SOLID, KISS, YAGNI, DRY; понимание принципов синхронной и асинхронной интеграции между компонентами системы; глубокое понимание REST архитектуры; опыт проектирования высоконагруженных приложений в микросервисной архитектуре; глубокое понимание архитектурных паттернов проектирования программных продуктов; опыт работы с Git; опыт работы с БД (EFCore), опыт проектирования БД, T-SQL; опыт написания Unit-тестов; понимание и опыт использования/построения CI/CD процессов. навыки работы с брокерами сообщений (Kafka); понимание базовых концепций ИИ и машинного обучения (ML).",,"разработкой backend части приложения; кодом ревью; организацией и проведением технологической экспертизы по заявкам на доработку ПО в рамках текущей и проектной деятельности; дизайн решениями в рамках своей деятельности по запросам на изменение на основании ТЗ.  Чего мы ждем от тебя:  опыт в .NET-разработке от 5 лет; опыт работы с .NET 6 и выше; понимание принципов SOLID, KISS, YAGNI, DRY; понимание принципов синхронной и асинхронной интеграции между компонентами системы; глубокое понимание REST архитектуры; опыт проектирования высоконагруженных приложений в микросервисной архитектуре; глубокое понимание архитектурных паттернов проектирования программных продуктов; опыт работы с Git; опыт работы с БД (EFCore), опыт проектирования БД, T-SQL; опыт написания Unit-тестов; понимание и опыт использования/построения CI/CD процессов. навыки работы с брокерами сообщений (Kafka); понимание базовых концепций ИИ и машинного обучения (ML).",,https://hh.ru/vacancy/134599841?query=C%23+%D1%80%D0%B0%D0%B7%D1%80%D0%B0%D0%B1%D0%BE%D1%82%D1%87%D0%B8%D0%BA&hhtmFrom=vacancy_search_list
Разработчик BPMSoft,ПАО «Газпром нефть» ИТ,Санкт-Петербург,Не указана,,,,"Мы – команда «Газпромнефть – Цифровые решения», часть ИТ-функции «Газпром нефти». Команда, которая научила нейросети находить нефть, запустила первую в мире цифровую систему управления арктической логистикой и первой в мире заправила самолет по блокчейн. Мы переводим в «цифру» каждый этап работы современного нефтяника: от геологической разведки и бурения скважин до процесса переработки нефти и момента, когда она в виде топлива попадает в баки автомобиля, самолета или, например, становится битумом для строительства дорог. Активы «Газпром нефти» – это сотни петабайт данных, которые генерируют объекты компании в России и за рубежом. Нас вдохновляет идея развития цифрового будущего нефтегазовой отрасли и промышленности в целом.Мы стремимся к большему, и нам нужен разработчик BPMSoft! Обязанности:   Создание и развитие программных продуктов на платформе BPMSoft;   Работа в составе scrum-команды;   Анализ, проработка и детальное описание решения задачи;   Утверждение архитектуры с техническим лидером разработки   Анализ и контроль качества (стилистический и архитектурный) своего кода и кода коллег;   Внесение предложений по разработке продуктов: инженерных практик, инструментов разработки и прочее.   Требования:   Хорошие знания: JavaScript, C#, .NET Core, PostgeSQL;   Знания: Git, Jenkins, MVVM;   Анализ планов выполнения запросов и их оптимизация;   Умение работать в команде;   Опыт разработки крупных, масштабируемых решений;   Опыт работы в команде от 5 человек.   Условия:  Офисный формат работы (БЦ ""Невская Ратуша""); Работу в аккредитованной IT компании (вакансия открыта по территории РФ); Достойную твоего профессионального уровня заработную плату; Качественную программу ДМС со стоматологией с первого месяца работы, включая услуги телемедицины и возможность расширить перечень клиник, страхование жизни и здоровья, консультации психолога, льготные условия страхования для близких; Компенсацию стоимости спортивных абонементов: компания возмещает до 60% стоимости занятий любыми видами спорта; Поддержку опытного наставника с первого рабочего дня; Неограниченный доступ к порталу знаний компании, бесплатные корпоративные доступы к образовательным платформам, подписку на лучшие электронные библиотеки с подборками IT-литературы (и не только); Собственный Центр профессионального развития для совершенствования hard skills, внутренние IT-митапы по разным направлениям и уровням сложности; Индивидуальные и командные карьерные консультации; Современный «умный офис» с коворкинг-пространством, в котором есть всё для продуктивной работы и приятного отдыха в перерывах.  В «Газпром нефть» ты можешь:  Получить уникальный профессиональный опыт; Создавать смелые проекты с нуля и наблюдать за их влиянием на целую отрасль; Быть вместе с теми, кого вдохновляют сверхсложные задачи; Сочетать несколько ролей, быть частью нескольких команд или участвовать в кросс-функциональных командах; Использовать возможности компании-лидера для своей самореализации и убедиться, что любой профессиональный опыт важен; Быть среди тех, кто создает первую в России цифровую платформу для управления промышленной компанией нового поколения.","Хорошие знания: JavaScript, C#, .NET Core, PostgeSQL;   Знания: Git, Jenkins, MVVM;   Анализ планов выполнения запросов и их оптимизация;   Умение работать в команде;   Опыт разработки крупных, масштабируемых решений;   Опыт работы в команде от 5 человек.   Условия:  Офисный формат работы (БЦ ""Невская Ратуша""); Работу в аккредитованной IT компании (вакансия открыта по территории РФ); Достойную твоего профессионального уровня заработную плату; Качественную программу ДМС со стоматологией с первого месяца работы, включая услуги телемедицины и возможность расширить перечень клиник, страхование жизни и здоровья, консультации психолога, льготные условия страхования для близких; Компенсацию стоимости спортивных абонементов: компания возмещает до 60% стоимости занятий любыми видами спорта; Поддержку опытного наставника с первого рабочего дня; Неограниченный доступ к порталу знаний компании, бесплатные корпоративные доступы к образовательным платформам, подписку на лучшие электронные библиотеки с подборками IT-литературы (и не только); Собственный Центр профессионального развития для совершенствования hard skills, внутренние IT-митапы по разным направлениям и уровням сложности; Индивидуальные и командные карьерные консультации; Современный «умный офис» с коворкинг-пространством, в котором есть всё для продуктивной работы и приятного отдыха в перерывах.  В «Газпром нефть» ты можешь:  Получить уникальный профессиональный опыт; Создавать смелые проекты с нуля и наблюдать за их влиянием на целую отрасль; Быть вместе с теми, кого вдохновляют сверхсложные задачи; Сочетать несколько ролей, быть частью нескольких команд или участвовать в кросс-функциональных командах; Использовать возможности компании-лидера для своей самореализации и убедиться, что любой профессиональный опыт важен; Быть среди тех, кто создает первую в России цифровую платформу для управления промышленной компанией нового поколения.","Создание и развитие программных продуктов на платформе BPMSoft;   Работа в составе scrum-команды;   Анализ, проработка и детальное описание решения задачи;   Утверждение архитектуры с техническим лидером разработки   Анализ и контроль качества (стилистический и архитектурный) своего кода и кода коллег;   Внесение предложений по разработке продуктов: инженерных практик, инструментов разработки и прочее.   Требования:   Хорошие знания: JavaScript, C#, .NET Core, PostgeSQL;   Знания: Git, Jenkins, MVVM;   Анализ планов выполнения запросов и их оптимизация;   Умение работать в команде;   Опыт разработки крупных, масштабируемых решений;   Опыт работы в команде от 5 человек.   Условия:  Офисный формат работы (БЦ ""Невская Ратуша""); Работу в аккредитованной IT компании (вакансия открыта по территории РФ); Достойную твоего профессионального уровня заработную плату; Качественную программу ДМС со стоматологией с первого месяца работы, включая услуги телемедицины и возможность расширить перечень клиник, страхование жизни и здоровья, консультации психолога, льготные условия страхования для близких; Компенсацию стоимости спортивных абонементов: компания возмещает до 60% стоимости занятий любыми видами спорта; Поддержку опытного наставника с первого рабочего дня; Неограниченный доступ к порталу знаний компании, бесплатные корпоративные доступы к образовательным платформам, подписку на лучшие электронные библиотеки с подборками IT-литературы (и не только); Собственный Центр профессионального развития для совершенствования hard skills, внутренние IT-митапы по разным направлениям и уровням сложности; Индивидуальные и командные карьерные консультации; Современный «умный офис» с коворкинг-пространством, в котором есть всё для продуктивной работы и приятного отдыха в перерывах.  В «Газпром нефть» ты можешь:  Получить уникальный профессиональный опыт; Создавать смелые проекты с нуля и наблюдать за их влиянием на целую отрасль; Быть вместе с теми, кого вдохновляют сверхсложные задачи; Сочетать несколько ролей, быть частью нескольких команд или участвовать в кросс-функциональных командах; Использовать возможности компании-лидера для своей самореализации и убедиться, что любой профессиональный опыт важен; Быть среди тех, кто создает первую в России цифровую платформу для управления промышленной компанией нового поколения.",,https://hh.ru/vacancy/133775428?query=C%23+%D1%80%D0%B0%D0%B7%D1%80%D0%B0%D0%B1%D0%BE%D1%82%D1%87%D0%B8%D0%BA&hhtmFrom=vacancy_search_list
"Senior fullstack разработчик (Node.js, React.js)",Сбер. IT,Москва,Не указана,,,,"Мы – группа команд разработчиков и аналитиков широкой экспертизы (бизнес/системы/BI), развивающих платформу - конструктор функционала и модулей под необходимые бизнес-функции и продуктовую линейку инструментов управленческой отчетности для всех ключевых направлений Сбера. Автоматизируем бизнес-процессы через подключение микро модулей и схем платформы. Мы расширяем команду ввиду масштабирования нашей Платформы и ищем активных разработчиков, способных привнести свои знания и опыт на новые направления с хорошим техническим базисом и собственным взглядом на реализацию продукта.Обязанности * Прототипирование и MVP подпродуктов Frontend/Backend (Node.js/React); * Анализ существующих решений; * Создание стандартов/контрактов сервисов обмена данными; * Разработка новых frontend/backend модулей; * Декомпозиция и оценка задач; * Проведение Код-ревью; * Проверка и тестирование разработанного функционала; * Работа в JIRA/Confluence/Bitbucket.Требования  высшее техническое образование; опыт разработки WEB-приложений от 3 лет; опыт разработки PWA приложений; понимание принципов верстки (CSS, HTML); понимание принципов клиент-серверной архитектуры (API, REST, SOAP, GraphQL); понимание принципов работы приложений в kubernetes/openshift; знание backend-стека (Node.js, Express, Sequelize, PostgreSQL, ClickHouse); опыт работы с frontend-фреймворками (React); опыт использования UI компонент (Bootstrap, Material, Ant) опыт настройки Webpack, TypeScript, Jest, Selenium; знание алгоритмов; знание языка SQL, структур данных, OLAP Кубов; знание форматов (XML, JSON, SVG); понимание принципов ООП и паттернов разработки ПО; понимание методологий разработки ПО: Agile (Scram, Kanban).  Будет плюсом:  участие в реализации web-проектов с нуля; участие в разработке BI систем; понимание динамического формирования React компонент; понимание работы Cordova/PhoneGap/Ionic; публикация собственных компонент в npmjs; поверхностное знание любых прочих языков программирования (Java, Kotlin, Groovy, Swift, C#, Python, PHP). Условия  комфортный современный офис г. Москва, Кутузовский проспект 32кА, м. Кутузовская офисный режим работы на период испытательного срока, гибридный - после ИС ежегодный пересмотр зарплаты и годовая премия корпоративный спортзал и зоны отдыха более 400 образовательных программ СберУниверситета для профессионального и карьерного развития расширенный ДМС, льготное страхование для семьи и корпоративная пенсионная программа гибкий дисконт по ипотечному кредиту, равный 1/3 ключевой ставки ЦБ бесплатная подписка СберПрайм+, скидки на продукты компаний-партнеров вознаграждение за рекомендацию друзей в команду Сбера.","высшее техническое образование; опыт разработки WEB-приложений от 3 лет; опыт разработки PWA приложений; понимание принципов верстки (CSS, HTML); понимание принципов клиент-серверной архитектуры (API, REST, SOAP, GraphQL); понимание принципов работы приложений в kubernetes/openshift; знание backend-стека (Node.js, Express, Sequelize, PostgreSQL, ClickHouse); опыт работы с frontend-фреймворками (React); опыт использования UI компонент (Bootstrap, Material, Ant) опыт настройки Webpack, TypeScript, Jest, Selenium; знание алгоритмов; знание языка SQL, структур данных, OLAP Кубов; знание форматов (XML, JSON, SVG); понимание принципов ООП и паттернов разработки ПО; понимание методологий разработки ПО: Agile (Scram, Kanban).  Будет плюсом:  участие в реализации web-проектов с нуля; участие в разработке BI систем; понимание динамического формирования React компонент; понимание работы Cordova/PhoneGap/Ionic; публикация собственных компонент в npmjs; поверхностное знание любых прочих языков программирования (Java, Kotlin, Groovy, Swift, C#, Python, PHP). Условия  комфортный современный офис г. Москва, Кутузовский проспект 32кА, м. Кутузовская офисный режим работы на период испытательного срока, гибридный - после ИС ежегодный пересмотр зарплаты и годовая премия корпоративный спортзал и зоны отдыха более 400 образовательных программ СберУниверситета для профессионального и карьерного развития расширенный ДМС, льготное страхование для семьи и корпоративная пенсионная программа гибкий дисконт по ипотечному кредиту, равный 1/3 ключевой ставки ЦБ бесплатная подписка СберПрайм+, скидки на продукты компаний-партнеров вознаграждение за рекомендацию друзей в команду Сбера.","* Прототипирование и MVP подпродуктов Frontend/Backend (Node.js/React); * Анализ существующих решений; * Создание стандартов/контрактов сервисов обмена данными; * Разработка новых frontend/backend модулей; * Декомпозиция и оценка задач; * Проведение Код-ревью; * Проверка и тестирование разработанного функционала; * Работа в JIRA/Confluence/Bitbucket.Требования  высшее техническое образование; опыт разработки WEB-приложений от 3 лет; опыт разработки PWA приложений; понимание принципов верстки (CSS, HTML); понимание принципов клиент-серверной архитектуры (API, REST, SOAP, GraphQL); понимание принципов работы приложений в kubernetes/openshift; знание backend-стека (Node.js, Express, Sequelize, PostgreSQL, ClickHouse); опыт работы с frontend-фреймворками (React); опыт использования UI компонент (Bootstrap, Material, Ant) опыт настройки Webpack, TypeScript, Jest, Selenium; знание алгоритмов; знание языка SQL, структур данных, OLAP Кубов; знание форматов (XML, JSON, SVG); понимание принципов ООП и паттернов разработки ПО; понимание методологий разработки ПО: Agile (Scram, Kanban).  Будет плюсом:  участие в реализации web-проектов с нуля; участие в разработке BI систем; понимание динамического формирования React компонент; понимание работы Cordova/PhoneGap/Ionic; публикация собственных компонент в npmjs; поверхностное знание любых прочих языков программирования (Java, Kotlin, Groovy, Swift, C#, Python, PHP). Условия  комфортный современный офис г. Москва, Кутузовский проспект 32кА, м. Кутузовская офисный режим работы на период испытательного срока, гибридный - после ИС ежегодный пересмотр зарплаты и годовая премия корпоративный спортзал и зоны отдыха более 400 образовательных программ СберУниверситета для профессионального и карьерного развития расширенный ДМС, льготное страхование для семьи и корпоративная пенсионная программа гибкий дисконт по ипотечному кредиту, равный 1/3 ключевой ставки ЦБ бесплатная подписка СберПрайм+, скидки на продукты компаний-партнеров вознаграждение за рекомендацию друзей в команду Сбера.",,https://hh.ru/vacancy/134738257?query=C%23+%D1%80%D0%B0%D0%B7%D1%80%D0%B0%D0%B1%D0%BE%D1%82%D1%87%D0%B8%D0%BA&hhtmFrom=vacancy_search_list
Главный инженер-разработчик (low-code),АО Эксперт РА,Москва,Не указана,,,,"Мы приглашаем Главного инженера-разработчика (low-code) с сильными компетенциями в области проектирования и разработки прикладных решений на базе платформы ELMA 365.  В этой роли Вы будете заниматься проектированием и разработкой сложных кастомных BPM-продуктов, интегрировать их с прочими информационными системами, а также координировать деятельность других разработчиков ELMA. Что даст сотрудничество с нами:  Официальное трудоустройство: Полное соблюдение ТК РФ; Достойная компенсация: Конкурентная заработная плата, обсуждаемая по результатам собеседования. В Агентстве развита система грейдов и дополнительная финансовая мотивация; Расширенный ДМС: После испытательного срока – расширенный пакет ДМС (включая стоматологию, ежегодные чекапы, неотложную и плановую госпитализацию, лечение онкологических заболеваний); Поддержка в случае болезни: Доплата до 100%-ого заработка к больничному листу (14 дней в год); Отдых: Ежегодный оплачиваемый отпуск 28 дней + 3 дополнительно оплачиваемых дня; Профессиональное развитие: Возможности для профессионального развития, обучение за счет компании, участие в профильных конференциях и семинарах; Возможность карьерного роста; Работу над сложными BPM-продуктами с реальным бизнес-влиянием (автоматизация ключевых бизнес-процессов Агентства); Гибкий график: Гибридный график работы 5/2 (50% офис, 50% удаленно) с возможностью гибкого начала рабочего дня, либо удаленка; Комфортный офис в центре города (м. Таганская).  Мы ждем от кандидата:  Высшее образование (информационные технологии, бизнес-информатика или смежные области); Понимание жизненного цикла разработки программного обеспечения и основных принципов проектирования информационных систем; Понимание нотации BPMN и принципов процессного управления; Опыт разработки решений на платформе ELMA 365 (обязательно); Навыки разработки на TypeScript (обязательно); Навыки написания SQL-запросов; Понимание принципов работы REST, SOAP; Опыт разработки кастомных пользовательских интерфейсов и отчетов в ELMA; Опыт руководства группой разработчиков (до 3 человек) или выполнения роли технического лида; Умение проводить код-ревью, ставить технические задачи, контролировать качество решений; Опыт оценки трудоёмкости, управления техническим долгом; Навыки менторства и развития младших разработчиков.  Будет плюсом:  Опыт построения CI/CD пайплайнов в Gitlab для решений на базе ELMA 365; Опыт разработки решений на платформе ELMA 3; Навыки разработки на C#.  Откликайся и стань частью нашей команды!",,,,https://hh.ru/vacancy/132775212?query=C%23+%D1%80%D0%B0%D0%B7%D1%80%D0%B0%D0%B1%D0%BE%D1%82%D1%87%D0%B8%D0%BA&hhtmFrom=vacancy_search_list
Java разработчик (ученик),Aston,Ростов-на-Дону,Не указана,60000.0,60000.0,60000.0,"Вы хотите сменить профессию или начать карьеру в IT?Окончили ВУЗ и ищете перспективную работу?Прошли курсы, но не хватает опыта для трудоустройства?Лучшим стажерам гарантируем трудоустройство в международную аккредитованную IT компанию ASTON.Требования к кандидатам на бесплатное обучение:   Законченное высшее или среднее специальное (профильное) образование.   Базовые знания Java.   Знание что такое Git и как с ним работать.   Готовность пройти стажировку в компании ASTON.Как устроен путь в IT для вас:Ступени 1 и 2: Старт и погружение (ОНЛАЙН)   Формат: бесплатное онлайн-обучение в удобном для вас темпе. Мы предоставляем все материалы и доступ к платформе + 1 раз в неделю вечером занятие с преподавателем;   График: свободный. Вы можете совмещать обучение с текущей работой, учебой или другой занятостью. От вас требуется только желание и усердие.   Длительность: 3 месяца.   Цель: заложить прочный фундамент знаний.   Ступень 3: Стажировка в Лаборатории (ПОЛНАЯ ЗАНЯТОСТЬ)   Формат: полный рабочий день (с 9:00 до 18:00 по МСК).   Длительность: 3-4 месяца, до выхода на коммерческий проект.   Локация: для кандидатов из городов, где есть наш офис, — обязательное посещение офиса. Для кандидатов из других регионов — удаленный формат.   Финальный этап: Трудоустройство  После успешного прохождения стажировки вы получаете предложение о работе от компании ASTON с зарплатой от 60 000 RUB (сумма указана до вычета НДФЛ).  Почему ASTON это надежный старт в IT?   «Работодатель года» по версии Habr. Мы не просто обучаем, мы трудоустраиваем.   Опыт с 2007 года. Мы создаем цифровые продукты для топовых российских и иностранных компаний.   Обучаем с нуля. Наша принципиальная позиция — растить специалистов самостоятельно. Нам не важен ваш прошлый опыт, нам важны ваша мотивация и готовность учиться.   Расти в IT вместе с ASTON!","к кандидатам на бесплатное обучение:   Законченное высшее или среднее специальное (профильное) образование.   Базовые знания Java.   Знание что такое Git и как с ним работать.   Готовность пройти стажировку в компании ASTON.Как устроен путь в IT для вас:Ступени 1 и 2: Старт и погружение (ОНЛАЙН)   Формат: бесплатное онлайн-обучение в удобном для вас темпе. Мы предоставляем все материалы и доступ к платформе + 1 раз в неделю вечером занятие с преподавателем;   График: свободный. Вы можете совмещать обучение с текущей работой, учебой или другой занятостью. От вас требуется только желание и усердие.   Длительность: 3 месяца.   Цель: заложить прочный фундамент знаний.   Ступень 3: Стажировка в Лаборатории (ПОЛНАЯ ЗАНЯТОСТЬ)   Формат: полный рабочий день (с 9:00 до 18:00 по МСК).   Длительность: 3-4 месяца, до выхода на коммерческий проект.   Локация: для кандидатов из городов, где есть наш офис, — обязательное посещение офиса. Для кандидатов из других регионов — удаленный формат.   Финальный этап: Трудоустройство  После успешного прохождения стажировки вы получаете предложение о работе от компании ASTON с зарплатой от 60 000 RUB (сумма указана до вычета НДФЛ).  Почему ASTON это надежный старт в IT?   «Работодатель года» по версии Habr. Мы не просто обучаем, мы трудоустраиваем.   Опыт с 2007 года. Мы создаем цифровые продукты для топовых российских и иностранных компаний.   Обучаем с нуля. Наша принципиальная позиция — растить специалистов самостоятельно. Нам не важен ваш прошлый опыт, нам важны ваша мотивация и готовность учиться.   Расти в IT вместе с ASTON!",,,https://hh.ru/vacancy/134703737?query=C%23+%D1%80%D0%B0%D0%B7%D1%80%D0%B0%D0%B1%D0%BE%D1%82%D1%87%D0%B8%D0%BA&hhtmFrom=vacancy_search_list
.NET Разработчик (Senior),Т-Банк. ИТ. Разработка,"Казань, р-н Вахитовский",Не указана,,,,".NET стремительно набирает популярность в T-Банке: по количеству разработчиков C# сейчас на втором месте (200+ человек), хотя еще пару лет назад было всего несколько команд. Экосистема компании довольно обширна, и разработка любого сервиса, даже внутреннего — челлендж. Наш стек: .NET 6+, ASP.NET Core, PostgreSQL/MongoDB, Kafka, ClickHouse, Docker, Kubernetes, Gitlab. Работаем по методологии Scrum / KanbanВам предстоит  Принимать участие в разработке сервисов, помогающих экосистеме Т-Банк развиваться: платформа для удаленной работы сотрудников (TWork), Телефония, Биометрия, Т-Бизнес, Travel, Т-Инвестиции, Т-Страхование и другие проекты Участвовать в полном цикле разработки проекта: Design -> Develop -> Test (Unit / Integration / Api) -> Deploy -> Support  Что отмечают наши разработчики? У нас профессиональная и дружная команда: проводим внутренние митапы, книжные и DDD-клубы, постоянно обмениваемся опытом. Регулярно участвуем в крупнейших конференциях (DotNext и других). Коллеги из любой команды готовы прийти на помощь. У нас высокая культура разработки и минимум Legacy-кода, большинство приложений уже в Kubernetes. Даем свободу в аргументированном принятии решений и выборе технологий. Придерживаемся современного стиля руководства, когда руководитель заинтересован в профессиональном росте каждого из членов команды. Есть возможность развиваться: можно посещать конференции и обучаться за счет компании. Менторы из frontend-команды готовы обучить желающих стать fullstack-разработчиком (Angular). Можно попробовать себя в роли тимлида / техлида / архитектора / SRE / аналитика, и даже вернуться обратно в разработку. Чутко относимся к коллегам и не пытаемся сделать интровертов экстравертами. Что мы ожидаем от вас:  Опыт коммерческой разработки Web-приложений на платформе .NET от 5 лет Хорошее знание основ платформы .NET (Memory Management, async/await) Опыт работы с базами данных (в основном используем PostgreSQL + Entity Framework Core, иногда встречается Dapper) Понимание и опыт работы с одним из брокеров сообщений (RabbitMQ, Kafka, и.т.п) Опыт написания шагов для сборки/тестирования/деплоя своих приложений с одной из CI/CD систем (TeamCity, Github Actions, Gitlab, Drone и т.п.) Умение писать легко поддерживаемый код и покрывать его Unit/Integration/Api-тестами Умение общаться с аналитиками и реализовывать их пожелания без ущерба для архитектуры проекта  Дополнительным плюсом будет:  Опыт работы с микросервисной архитектурой Опыт работы с NoSQL базами данных (MongoDB, Redis, Elasticsearch и т.п.) Опыт работы с Docker/Docker Compose (собрать/запустить свое приложение в контейнере) Опыт работы с Kubernetes  Мы предлагаем:  Возможность работы в аккредитованной ИТ-компании Работу в офисе. График работы — гибридный  Платформу обучения и развития Т-Апгрейд. Курсы, тренинги, вебинары и базы знаний. Поддержка менторов и наставников, помощь в поиске точек роста и карьерном развитии  Заботу о здоровье. Оформим полис ДМС со стоматологией и страховку от несчастных случаев. Предложим льготное страхование вашим близким Компенсацию такси и 50% затрат на спорт от стоимости абонемента Компенсацию обедов. А если захотите перекусить, есть кухня с чаем, кофе и фруктами Достойную зарплату — обсудим ее на собеседовании",,,,https://hh.ru/vacancy/122590624?query=C%23+%D1%80%D0%B0%D0%B7%D1%80%D0%B0%D0%B1%D0%BE%D1%82%D1%87%D0%B8%D0%BA&hhtmFrom=vacancy_search_list
Разработчик BPMSoft,СберЛизинг,Курск,Не указана,,,,"СберЛизинг – лизинговая компания экосистемы Сбера, один из лидеров рынка России. Наша команда создаёт технологичные решения, постоянно улучшает свои навыки и развивается вместе с бизнесом страны. Вам предстоит работать в agile-команде «Партнёры», которая отвечает за развитие продуктов, направленных на обеспечение качественной работы с нашими партнерами: агентами, брокерами, поставщиками, участниками программ субсидирования. Уровень автоматизации в этих направлениях напрямую влияет на бизнес-результаты компании, а новые партнеры и субсидии появляются постоянно - это значит скучать или работать с абстрактной ценностью решений на данной позиции не придется! Ваша роль — ключевой разработчик в сильной кросс-функциональной команде. Ваша работа будет напрямую влиять на надежность и качество создаваемой системы. Мы ищем специалиста, который готов разрабатывать и проектировать надежные и эффективные технические решения. Технологический стек и окружение проекта:  Платформа: BPMSoft; C#, .net 8, JavaScript, T-SQL; Процессы и данные: UML, BPMN 2.0, IDEF1X; Интеграции: REST, SOAP; Безопасность API: OAuth, mTLS, JWT, Basic; Инструменты: Jira, Confluence, Miro, Postman, Fiddler; Базы данных: MsSQL.  Что мы предлагаем: · конкурентный доход (оклад, годовой бонус, ежегодный пересмотр заработной платы); · красивый современный офис рядом с метро ""Кутузовская"", гибридный формат работы; · три персональных дня в году на личные цели; · программу адаптации и систему наставничества; · интересные задачи и профессиональный рост; · гибкий дисконт по ипотечному кредиту, равный 1/3 ключевой ставки ЦБ; · дисконт-программы от компаний-партнеров Сбера (санаторно-курортные программы, такси, мобильная связь и многое другое); · корпоративные мероприятия в офисе и на выезде; · возможность получить бонус, рекомендовав друга на вакансию компании; · новогодние подарки для детей; · корпоративную пенсионную программу негосударственного пенсионного обеспечения (совместное накопление на пенсию средств сотрудника и работодателя); · материальную помощь при рождении детей и др. семейным обстоятельствам. Забота о здоровье: · ДМС с первого дня трудоустройства; · скидки по ДМС для родственников; · кэшбэк до 30% стоимости вашего фитнес-абонемента; · корпоративные тарифы в фитнес-центры; · полис выезжающих за рубеж; · консультация врачей в рамках телемедицины; Обучение: · обучение в учебном центре СберЛизинга и корпоративном университете Сбера; · дистанционное обучение на HR-платформе Пульс; · бесплатная электронная библиотека; · участие в конференциях. Что нужно делать:  Участвовать в проекте по внедрению системы на базе BPMSoft; Разрабатывать модули и конфигурации системы; Настраивать и разрабатывать интеграции с различными информационными системами (Rest, SOAP); Настраивать бизнес-процессы в системе.  Мы ждём, что ты имеешь:  Опыт работы на аналогичной должности от 3-х лет; Опыт разработки на проектах BPMSoft (или аналогов) не менее 3 лет; Опыт взаимодействия с платформой BPMSoft (версий 1.6 и выше); Знания СУБД MS SQL Server, PostgreSQL; Уверенное владение языками программирования: C#, JavaScript, SQL; Понимание нотации BPMN 2.0; Опыт разработки интеграций между системами через веб-сервисы; Навык работы в режиме многозадачности; Готовность работать с чужим кодом.  Современный стек технологий, команда профессионалов и много интересных задач. Демократичная и доброжелательная атмосфера. Работа на результат!","специалиста, который готов разрабатывать и проектировать надежные и эффективные технические решения. Технологический стек и окружение проекта:  Платформа: BPMSoft; C#, .net 8, JavaScript, T-SQL; Процессы и данные: UML, BPMN 2.0, IDEF1X; Интеграции: REST, SOAP; Безопасность API: OAuth, mTLS, JWT, Basic; Инструменты: Jira, Confluence, Miro, Postman, Fiddler; Базы данных: MsSQL.  Что мы предлагаем: · конкурентный доход (оклад, годовой бонус, ежегодный пересмотр заработной платы); · красивый современный офис рядом с метро ""Кутузовская"", гибридный формат работы; · три персональных дня в году на личные цели; · программу адаптации и систему наставничества; · интересные задачи и профессиональный рост; · гибкий дисконт по ипотечному кредиту, равный 1/3 ключевой ставки ЦБ; · дисконт-программы от компаний-партнеров Сбера (санаторно-курортные программы, такси, мобильная связь и многое другое); · корпоративные мероприятия в офисе и на выезде; · возможность получить бонус, рекомендовав друга на вакансию компании; · новогодние подарки для детей; · корпоративную пенсионную программу негосударственного пенсионного обеспечения (совместное накопление на пенсию средств сотрудника и работодателя); · материальную помощь при рождении детей и др. семейным обстоятельствам. Забота о здоровье: · ДМС с первого дня трудоустройства; · скидки по ДМС для родственников; · кэшбэк до 30% стоимости вашего фитнес-абонемента; · корпоративные тарифы в фитнес-центры; · полис выезжающих за рубеж; · консультация врачей в рамках телемедицины; Обучение: · обучение в учебном центре СберЛизинга и корпоративном университете Сбера; · дистанционное обучение на HR-платформе Пульс; · бесплатная электронная библиотека; · участие в конференциях. Что нужно делать:  Участвовать в проекте по внедрению системы на базе BPMSoft; Разрабатывать модули и конфигурации системы; Настраивать и разрабатывать интеграции с различными информационными системами (Rest, SOAP); Настраивать бизнес-процессы в системе.  Мы ждём, что ты имеешь:  Опыт работы на аналогичной должности от 3-х лет; Опыт разработки на проектах BPMSoft (или аналогов) не менее 3 лет; Опыт взаимодействия с платформой BPMSoft (версий 1.6 и выше); Знания СУБД MS SQL Server, PostgreSQL; Уверенное владение языками программирования: C#, JavaScript, SQL; Понимание нотации BPMN 2.0; Опыт разработки интеграций между системами через веб-сервисы; Навык работы в режиме многозадачности; Готовность работать с чужим кодом.  Современный стек технологий, команда профессионалов и много интересных задач. Демократичная и доброжелательная атмосфера. Работа на результат!","Участвовать в проекте по внедрению системы на базе BPMSoft; Разрабатывать модули и конфигурации системы; Настраивать и разрабатывать интеграции с различными информационными системами (Rest, SOAP); Настраивать бизнес-процессы в системе.  Мы ждём, что ты имеешь:  Опыт работы на аналогичной должности от 3-х лет; Опыт разработки на проектах BPMSoft (или аналогов) не менее 3 лет; Опыт взаимодействия с платформой BPMSoft (версий 1.6 и выше); Знания СУБД MS SQL Server, PostgreSQL; Уверенное владение языками программирования: C#, JavaScript, SQL; Понимание нотации BPMN 2.0; Опыт разработки интеграций между системами через веб-сервисы; Навык работы в режиме многозадачности; Готовность работать с чужим кодом.  Современный стек технологий, команда профессионалов и много интересных задач. Демократичная и доброжелательная атмосфера. Работа на результат!",,https://hh.ru/vacancy/134660406?query=C%23+%D1%80%D0%B0%D0%B7%D1%80%D0%B0%D0%B1%D0%BE%D1%82%D1%87%D0%B8%D0%BA&hhtmFrom=vacancy_search_list
Ведущий программист - разработчик С# платформы управления Wi‑Fi‑сетями,Мегаполис ИТ,Москва,Не указана,,,,"Мы разрабатываем современную платформу для централизованного управления публичными Wi‑Fi‑сетями. Ищем опытного разработчика на C#, который поможет создать надёжное и масштабируемое решение для управления сетевой инфраструктурой. Что предстоит делать: 1. Разрабатывать backend‑часть платформы управления Wi‑Fi‑сетями на C#.2. Реализовывать механизмы аутентификации и авторизации пользователей через:• OAuth 2.0;• SMS‑верификацию (интеграция с SMS‑шлюзами);• LDAP.3. Создавать API для взаимодействия с контроллерами Wi‑Fi и точками доступа.4. Реализовывать управление логическими сетями (VLAN, SSID, политики доступа) и сетями точек доступа через протокол RADIUS.5. Разрабатывать модули мониторинга и сбора метрик с Wi‑Fi‑оборудования (загрузка каналов, уровень сигнала, количество подключённых клиентов, статистика подключений).6. Проектировать и реализовывать схемы хранения данных в PostgreSQL (операционные данные) и ClickHouse (аналитика, логи, метрики).7. Разрабатывать механизмы интеграции с внешними системами (системы мониторинга, системы отчетности, системы по созданию заявок).8. Писать техническую документацию по разработанным модулям и API.9. Участвовать в code review и обеспечении качества кода. Требования к опыту и навыкам: Обязательные:1. Опыт коммерческой разработки на C# от 3 лет (включая работу с .NET/.NET Core).2. Опыт проектирования и работы с PostgreSQL и ClickHouse3. Написание модулей связи с устройствами различных моделей и назначения (примеры используемых протоколов - UDP, HTTP,,SNMP)4. Опыт работы с RESTful API, JSON, Swagger/OpenAPI.5. Навыки работы с системами контейнеризации и оркестрации (Docker, Kubernetes).6. Опыт работы с системой контроля версий Git.7. Умение читать и составлять техническую документацию. Будет плюсом:1. Знание сетевых протоколов и технологий (Wi‑Fi (802.11a/b/g/n/ac/ax), VLAN, TCP/IP, SNMP, NETCONF/YANG. и др)2. Понимание принципов работы протокола RADIUS и опыт интеграции с RADIUS‑серверами.3. Опыт разработки систем управления сетевым оборудованием (NMS, EMS).4. Знание принципов работы Wi‑Fi‑контроллеров и точек доступа (Cisco, Ruckus, Huawei, MikroTik и др.). Условия:  Работа в стабильной компании, выполняющей крупные государственные и коммерческие заказы. Оформление в соответствии с Трудовым кодексом РФ. Конкурентоспособная заработная плата (обсуждается индивидуально на собеседовании). Удаленный формат/гибрид и/или возможность работать из офиса в центре Москвы. ДМС Работать в опытной и неравнодушной команде. Бронь от военкомата, если для вас это важно. Интересные проекты в сфере информационных технологий и аппаратного обеспечения.","к опыту и навыкам: Обязательные:1. Опыт коммерческой разработки на C# от 3 лет (включая работу с .NET/.NET Core).2. Опыт проектирования и работы с PostgreSQL и ClickHouse3. Написание модулей связи с устройствами различных моделей и назначения (примеры используемых протоколов - UDP, HTTP,,SNMP)4. Опыт работы с RESTful API, JSON, Swagger/OpenAPI.5. Навыки работы с системами контейнеризации и оркестрации (Docker, Kubernetes).6. Опыт работы с системой контроля версий Git.7. Умение читать и составлять техническую документацию. Будет плюсом:1. Знание сетевых протоколов и технологий (Wi‑Fi (802.11a/b/g/n/ac/ax), VLAN, TCP/IP, SNMP, NETCONF/YANG. и др)2. Понимание принципов работы протокола RADIUS и опыт интеграции с RADIUS‑серверами.3. Опыт разработки систем управления сетевым оборудованием (NMS, EMS).4. Знание принципов работы Wi‑Fi‑контроллеров и точек доступа (Cisco, Ruckus, Huawei, MikroTik и др.). Условия:  Работа в стабильной компании, выполняющей крупные государственные и коммерческие заказы. Оформление в соответствии с Трудовым кодексом РФ. Конкурентоспособная заработная плата (обсуждается индивидуально на собеседовании). Удаленный формат/гибрид и/или возможность работать из офиса в центре Москвы. ДМС Работать в опытной и неравнодушной команде. Бронь от военкомата, если для вас это важно. Интересные проекты в сфере информационных технологий и аппаратного обеспечения.",,,https://hh.ru/vacancy/134555944?query=C%23+%D1%80%D0%B0%D0%B7%D1%80%D0%B0%D0%B1%D0%BE%D1%82%D1%87%D0%B8%D0%BA&hhtmFrom=vacancy_search_list
Senior Fullstack-разработчик (C# / React),ООО В Кадре,Москва,Не указана,,,,"Senior Fullstack-разработчик (C# / React) в проектный бенч / аутстафф О компании: ИТ-ИМПЛАНТ — аккредитованный системный интегратор с экспертизой в заказной разработке и внедрении индивидуальных ИТ-решений для бизнеса. Мы не просто пишем код — мы встраиваем наши команды в процессы клиентов, чтобы закрывать их самые сложные задачи. Сейчас мы расширяем штат и формируем бенч Senior Fullstack-разработчиков для работы на аутстафф-проектах наших заказчиков. Это значит, что вы будете в штате нашей компании, но работать над интересными задачами внешних бизнесов — от финтеха до промышленных предприятий. Чем предстоит заниматься:   Разработка и поддержка высоконагруженных веб-приложений на стеке C# (.NET Core) + React.   Участие в проектах разного уровня сложности (от стартапов до корпоративных решений) в разных доменах: финтех, промышленность и производство, госсектор, retail FMCG и т.д.   Проектирование и разработка RESTful API / gRPC-сервисов.   Работа с реляционными и NoSQL базами данных (PostgreSQL, MS SQL Server, MongoDB, Redis).   Интеграция с внешними системами через очереди сообщений (RabbitMQ, Kafka).   Написание модульных, интеграционных и E2E-тестов.   Участие в код-ревью, менторство младших разработчиков.   Мы ожидаем:   Опыт коммерческой разработки на C# (.NET Core / .NET 6+) от 5 лет.   Опыт коммерческой разработки на React (с TypeScript) от 3 лет.   Глубокое знание ASP.NET Core, Entity Framework Core, Dependency Injection.   Опыт проектирования и разработки микросервисной архитектуры.   Опыт работы с реляционными БД (PostgreSQL / MS SQL Server) — написание сложных запросов, оптимизация, проектирование схем.   Опыт работы с NoSQL (MongoDB, Redis).   Опыт работы с очередями сообщений (RabbitMQ, Kafka, Azure Service Bus).   Понимание принципов REST, gRPC, GraphQL.   Опыт работы с Docker / Docker-compose, понимание Kubernetes.   Понимание CI/CD процессов (GitLab CI / GitHub Actions / Azure DevOps).   Навыки написания тестов (xUnit, NUnit, Moq, Jest, React Testing Library).   Опыт работы с Git (GitFlow / Trunk-based).   Будет плюсом:   Опыт работы с облачными платформами (Azure / AWS / Yandex Cloud).   Опыт работы с SignalR / WebSockets для real-time приложений.   Опыт работы с Dapper / NHibernate.   Опыт настройки мониторинга (Prometheus / Grafana / ELK).   Опыт работы в продуктовых командах.   Навыки менторства и технического лидерства.   Мы предлагаем:   Прозрачный договор и удобный формат трудоустройства (ТК, договор с ИП/СЗ).   Удаленный формат работы (или гибрид в зависимости от проекта).   Конкурентная зарплата (обсуждается в процессе трудоустройства).   Работа с крупными брендами и проверенными заказчиками.   Возможность профессионального роста внутри агентства (мы закрываем проекты от Middle+ до Lead).   Проектная занятость от 3-х месяцев с возможностью продления или выхода на другой проект из нашего пула.   Как попасть в бенч:   Откликнитесь на вакансию.   Мы проведем собеседование (оценка навыков стека).   После подтверждения экспертизы вы попадаете в наш резерв и получаете доступ к проектам",,"Разработка и поддержка высоконагруженных веб-приложений на стеке C# (.NET Core) + React.   Участие в проектах разного уровня сложности (от стартапов до корпоративных решений) в разных доменах: финтех, промышленность и производство, госсектор, retail FMCG и т.д.   Проектирование и разработка RESTful API / gRPC-сервисов.   Работа с реляционными и NoSQL базами данных (PostgreSQL, MS SQL Server, MongoDB, Redis).   Интеграция с внешними системами через очереди сообщений (RabbitMQ, Kafka).   Написание модульных, интеграционных и E2E-тестов.   Участие в код-ревью, менторство младших разработчиков.   Мы ожидаем:   Опыт коммерческой разработки на C# (.NET Core / .NET 6+) от 5 лет.   Опыт коммерческой разработки на React (с TypeScript) от 3 лет.   Глубокое знание ASP.NET Core, Entity Framework Core, Dependency Injection.   Опыт проектирования и разработки микросервисной архитектуры.   Опыт работы с реляционными БД (PostgreSQL / MS SQL Server) — написание сложных запросов, оптимизация, проектирование схем.   Опыт работы с NoSQL (MongoDB, Redis).   Опыт работы с очередями сообщений (RabbitMQ, Kafka, Azure Service Bus).   Понимание принципов REST, gRPC, GraphQL.   Опыт работы с Docker / Docker-compose, понимание Kubernetes.   Понимание CI/CD процессов (GitLab CI / GitHub Actions / Azure DevOps).   Навыки написания тестов (xUnit, NUnit, Moq, Jest, React Testing Library).   Опыт работы с Git (GitFlow / Trunk-based).   Будет плюсом:   Опыт работы с облачными платформами (Azure / AWS / Yandex Cloud).   Опыт работы с SignalR / WebSockets для real-time приложений.   Опыт работы с Dapper / NHibernate.   Опыт настройки мониторинга (Prometheus / Grafana / ELK).   Опыт работы в продуктовых командах.   Навыки менторства и технического лидерства.   Мы предлагаем:   Прозрачный договор и удобный формат трудоустройства (ТК, договор с ИП/СЗ).   Удаленный формат работы (или гибрид в зависимости от проекта).   Конкурентная зарплата (обсуждается в процессе трудоустройства).   Работа с крупными брендами и проверенными заказчиками.   Возможность профессионального роста внутри агентства (мы закрываем проекты от Middle+ до Lead).   Проектная занятость от 3-х месяцев с возможностью продления или выхода на другой проект из нашего пула.   Как попасть в бенч:   Откликнитесь на вакансию.   Мы проведем собеседование (оценка навыков стека).   После подтверждения экспертизы вы попадаете в наш резерв и получаете доступ к проектам",,https://hh.ru/vacancy/134528282?query=C%23+%D1%80%D0%B0%D0%B7%D1%80%D0%B0%D0%B1%D0%BE%D1%82%D1%87%D0%B8%D0%BA&hhtmFrom=vacancy_search_list
Программист C#,ООО Веселый Водовоз,Санкт-Петербург,Не указана,,,,"Добрый день, уважаемый соискатель! Это компания «Веселый Водовоз» - и мы в поисках кандидата на вакансию Программист C#. Мы предлагаем:  Достойный уровень заработной платы 120.000 (оклад+ KPI); График 5/2 с 09:00-18:00, удаленная работа; Официальное оформление в соответствии с ТК РФ; Выплата заработной платы стабильно 2 раза в месяц без задержек; Корпоративы на праздники и подарки всем сотрудникам на дни рождения от компании; Скидки на продукцию компании.  Наши ожидания:   Опыт работы с C# от 2 лет;   Знание Nhibernate;   Знание SQL;   Опыт работы с Git;   Опыт работы с MySQL или MariaDB;   Опыт работы с Docker;   Понимание принципов ООП и SOLID;   Понимание MVVM.   Будет преимуществом:  Опыт работы с WPF; Опыт работы с RabbitMQ; Знание Английского языка (чтение технической документации).  Чем Вы будете заниматься:  Разработка десктоп приложения на C# (собственный проект, с обучением специфике); Техническая поддержка данного проекта; Ведение отчетности в трекере задач.  Если Вас заинтересовала вакансия – нажимайте кнопку «Откликнуться»! С Уважением, Веселый Водовоз!",,,,https://hh.ru/vacancy/134432325?query=C%23+%D1%80%D0%B0%D0%B7%D1%80%D0%B0%D0%B1%D0%BE%D1%82%D1%87%D0%B8%D0%BA&hhtmFrom=vacancy_search_list
Разработчик C#,ГКУ Инфогород,Москва,Не указана,,,,"Департамент информационных технологий Москвы создает и развивает цифровые проекты, которые делают столицу комфортнее, а жизнь горожан — удобнее и мобильнее. Для системы управления столицей технологии — это незаменимый инструмент, который применяется во всех отраслях экономики, городского хозяйства и социальной сферы. А для миллионов горожан — повседневный помощник, который позволяет получать сотни услуг и сервисов в удобном цифровом формате в режиме 24/7 Что нужно делать:  разрабатывать и поддерживать серверную логику и API в рамках сервис-ориентированной архитектуры с использованием .NET 10 проектировать и реализовать модули для бесшовной интеграции внешних сервисов работать с PostgreSQL: проектирование схем, написание оптимизированных SQL-запросов, миграции через DbUp интеграции с брокерами сообщений (Kafka / NATS) для асинхронного взаимодействия между сервисами настраивать кэширования в Redis/Dragonfly для повышения производительности интегрировать с сервисами федеративной авторизации (OAuth 2.0, OpenID Connect) через Keycloak / Zitadel писать чистый, тестируемый и поддерживаемый код на C# участвовать в код-ревью, планировании задач и улучшении процессов разработки использовать OneOf для обработки ошибок вместо исключений мониторить и диагностировать приложения с использованием OpenTelemetry  Какие знания и навыки нам важны:  опыт работы с брокерами сообщений (Kafka / NATS / RabbitMQ) опыт работы с Kubernetes опыт настройки CI/CD в GitLab опыт интеграции с Keycloak, Zitadel опыт внедрения OpenTelemetry опыт работы с Dapper  Что предлагаем:  Рыночную зарплату и премии Драйвовые задачи и ресурсы для их реализации Преимущества аккредитованной IT-компании Материальную помощь в случае важных событий в жизни Корпоративное обучение и доступ к онлайн-библиотеке Корпоративные тренировки и спортивные активности - бег, футбол, волейбол, баскетбол, теннис и другие Комьюнити по интересам Скидки от партнеров на ДМС, связь, развлечения, подарки, спорт и т.д.  Стань частью команды ДИТ Москвы и воплощай в жизнь цифровые проекты столицы!",,"разрабатывать и поддерживать серверную логику и API в рамках сервис-ориентированной архитектуры с использованием .NET 10 проектировать и реализовать модули для бесшовной интеграции внешних сервисов работать с PostgreSQL: проектирование схем, написание оптимизированных SQL-запросов, миграции через DbUp интеграции с брокерами сообщений (Kafka / NATS) для асинхронного взаимодействия между сервисами настраивать кэширования в Redis/Dragonfly для повышения производительности интегрировать с сервисами федеративной авторизации (OAuth 2.0, OpenID Connect) через Keycloak / Zitadel писать чистый, тестируемый и поддерживаемый код на C# участвовать в код-ревью, планировании задач и улучшении процессов разработки использовать OneOf для обработки ошибок вместо исключений мониторить и диагностировать приложения с использованием OpenTelemetry  Какие знания и навыки нам важны:  опыт работы с брокерами сообщений (Kafka / NATS / RabbitMQ) опыт работы с Kubernetes опыт настройки CI/CD в GitLab опыт интеграции с Keycloak, Zitadel опыт внедрения OpenTelemetry опыт работы с Dapper  Что предлагаем:  Рыночную зарплату и премии Драйвовые задачи и ресурсы для их реализации Преимущества аккредитованной IT-компании Материальную помощь в случае важных событий в жизни Корпоративное обучение и доступ к онлайн-библиотеке Корпоративные тренировки и спортивные активности - бег, футбол, волейбол, баскетбол, теннис и другие Комьюнити по интересам Скидки от партнеров на ДМС, связь, развлечения, подарки, спорт и т.д.  Стань частью команды ДИТ Москвы и воплощай в жизнь цифровые проекты столицы!",,https://hh.ru/vacancy/133253312?query=C%23+%D1%80%D0%B0%D0%B7%D1%80%D0%B0%D0%B1%D0%BE%D1%82%D1%87%D0%B8%D0%BA&hhtmFrom=vacancy_search_list
Senior C# / .NET Developer в офис производственной компании,Дартс рекрутинг сервисез,посёлок Шушары,Не указана,,,,"Нашему Заказчику, крупному российскому машиностроительному производству, в связи с запуском новой производственной площадки по выпуску грузовой техники на юге Санкт-Петербурга (Шушары) требуется: Senior C# / .NET Developer, в команду автоматизации систем управления конструкторско-технологической подготовки производства Если Вы готовы к профессиональным вызовам, хотите выстраивать рабочие процессы, а так же стремитесь к постоянному развитию - мы ждем Ваш отклик!   Чем предстоит заниматься:  Разрабатывать backend-сервисы на C#/.NET; Создавать и поддерживать API на ASP.NET Core WebAPI; Работать с PostgreSQL; Участвовать в code review; Выполнять рефакторинг и оптимизацию существующих решений; Работать с Git и процессами командной разработки; Взаимодействовать с аналитиками, архитекторами и другими разработчиками.    Что мы ожидаем:  Опыт коммерческой разработки на C#/.NET от 3 лет; Опыт работы с ASP.NET Core WebAPI; Хорошее знание SQL; Уверенное владение Entity Framework Core; Понимание SOLID, паттернов проектирования и clean architecture; Опыт работы с Git.  Будет плюсом  Опыт работы с Angular; Опыт интеграции корпоративных систем; Опыт работы с MES/ERP или промышленными системами.    Мы предлагаем:  ТК РФ; 5-ти дневная рабочая неделя; Работа в офисе, гибкое начало рабочего дня в промежутке с 8 до 10 утра; Корпоративная развозка от ближайших станций метро Шушары и Купчино; Столовая на территории завода; Добровольное медицинское страхование со стоматологией с первого рабочего дня; Возможность выстроить рабочие процессы в развивающейся компании и быть причастным к созданию нового продукта; Уровень заработной платы обсуждается с кандидатом после успешного прохождения интервью.",,"Разрабатывать backend-сервисы на C#/.NET; Создавать и поддерживать API на ASP.NET Core WebAPI; Работать с PostgreSQL; Участвовать в code review; Выполнять рефакторинг и оптимизацию существующих решений; Работать с Git и процессами командной разработки; Взаимодействовать с аналитиками, архитекторами и другими разработчиками.    Что мы ожидаем:  Опыт коммерческой разработки на C#/.NET от 3 лет; Опыт работы с ASP.NET Core WebAPI; Хорошее знание SQL; Уверенное владение Entity Framework Core; Понимание SOLID, паттернов проектирования и clean architecture; Опыт работы с Git.  Будет плюсом  Опыт работы с Angular; Опыт интеграции корпоративных систем; Опыт работы с MES/ERP или промышленными системами.    Мы предлагаем:  ТК РФ; 5-ти дневная рабочая неделя; Работа в офисе, гибкое начало рабочего дня в промежутке с 8 до 10 утра; Корпоративная развозка от ближайших станций метро Шушары и Купчино; Столовая на территории завода; Добровольное медицинское страхование со стоматологией с первого рабочего дня; Возможность выстроить рабочие процессы в развивающейся компании и быть причастным к созданию нового продукта; Уровень заработной платы обсуждается с кандидатом после успешного прохождения интервью.",,https://hh.ru/vacancy/134660851?query=C%23+%D1%80%D0%B0%D0%B7%D1%80%D0%B0%D0%B1%D0%BE%D1%82%D1%87%D0%B8%D0%BA&hhtmFrom=vacancy_search_list
Руководитель группы разработки C#,Ozon Tech,Москва,Не указана,,,,"Привет! Мы разрабатываем систему управления складом — WMS. WMS автоматизирует все складские операции, от приёма машин с товаром до сбора заказов, упаковки их в посылки и передачи их в доставку. Наши склады работают 24/7, системой WMS пользуются тысячи сотрудников, и от того, насколько стабильно и быстро она работает, напрямую зависит счастье наших покупателей и поставщиков. WMS постоянно развивается, и у нас очень много задач. Поэтому мы усиливаем наше подразделение и ищем опытного руководителя, который сможет быстро разобраться в новой предметной области и большой системе, соберёт команду сильных разработчиков и будет помогать нам делать самую лучшую WMS. Наш стeк C#, PostgreSQL, .NET, gRPC, K8s, Kafka и др. Вы будете  Организовывать работу команды разработки. Участвовать в проектировании и валидации архитектурных решений. Разбираться в специфике работы складских процессов обработки входящего потока товаров. Обеспечить стабильную доставку нового функционала. Активно включиться в поддержку существующего, сложного, высоконагруженного, работающего 24\7 процесса, который обеспечивает бесперебойную работу складской инфраструктуры Ozon.  Нам важно  Отличное знание C#, PostgreSQL, Kafka. Опыт продуктовой разработки и проектного управления (сроки, приоретизация, распределение ресурсов, работа с бизнес заказчиком). Опыт работы с микросервисной архитектурой. Опыт презентации (uml, bpmn, др.) и валидации решений (дизайн, код-ревью). Опыт управления командой (найм, онбординг, постановка задач и контроль, рост, работа с мотивацией).",,,,https://hh.ru/vacancy/133556731?query=C%23+%D1%80%D0%B0%D0%B7%D1%80%D0%B0%D0%B1%D0%BE%D1%82%D1%87%D0%B8%D0%BA&hhtmFrom=vacancy_search_list
Разработчик (технический UI/UX-дизайнер Unity / uGUI),ООО Гедокорп,"Тольятти, р-н Автозаводский",Не указана,,,,"О компании и продукте Мы разрабатываем промышленное ПО для диагностики трубопроводов. Наш продукт помогает инженерам работать с данными на объекте через мобильное приложение и веб-кабинет. Сейчас мы масштабируем команду и ищем технического дизайнера, который возьмёт на себя сборку интерфейсов в Unity и сделает взаимодействие пользователя с продуктом интуитивным и эффективным. Чем предстоит заниматься Мы ищем человека на стыке дизайна и разработки, который сможет не только нарисовать, но и «оживить» интерфейс в движке. Основные задачи:   сборка и настройка интерфейсов в Unity (uGUI): Canvas, RectTransform, Prefabs;   подготовка графических ассетов из Figma/Photoshop и их оптимизация для Unity;   написание простых C#-скриптов для UI-логики (открытие панелей, переключение состояний, привязка данных к элементам) — уровень Junior;   создание и поддержка библиотеки префабов и UI-компонентов;   проектирование пользовательских сценариев и экранов;   взаимодействие с разработчиками, аналитиками и UX-дизайнером для согласования технических решений;   базовая анимация интерфейсов (DOTween, Unity Animator);   работа с технической графикой: экспорт схем из AutoCAD, подготовка векторных элементов;   использование нейросетей для ускорения генерации ассетов и кода   Что мы ожидаем от кандидата ✅ Обязательные требования Опыт:   опыт работы техническим дизайнером / UI-интегратором / Unity-дизайнером / разработчиком от 0,5 года;   примеры собранных интерфейсов в Unity (скриншоты или видео)   Практические навыки:   уверенная работа с Unity UI (uGUI): префабы, канвасы, адаптивная вёрстка, спрайты, атласы;   базовые знания C#: умение написать скрипт для обработки UI-событий (Button.onClick, Toggle, Dropdown), привязать данные к Text/Image, работать с JSON;   базовое владение Figma или Adobe Photoshop;   базовое понимание принципов UI/UX: иерархия, контраст, навигация, доступность;   умение оптимизировать графику для мобильных платформ (атласы, компрессия, draw calls).   🌟 Будет большим плюсом   навыки работы в AutoCAD: чтение чертежей, экспорт элементов в вектор/растр для UI;   опыт создания векторной графики (Illustrator, Inkscape);   базовые навыки анимации интерфейсов: DOTween, Unity Animator, After Effects + Lottie;   опыт использования нейросетей в рабочем процессе (генерация иконок, текстур, прототипов, текстов, кода);   понимание принципов работы с адаптивным дизайном под разные разрешения экранов;   опыт участия в юзабилити-тестированиях или пользовательских интервью.   👤 Личные качества Мы ищем человека, который:   любит доводить задачи до конца и видит результат своей работы в продукте;   умеет задавать уточняющие вопросы и не боится технической документации;   способен аргументировать свои решения и принимать конструктивную критику;   комфортно работает в распределённой команде и асинхронной коммуникации;   стремится учиться: осваивает новые инструменты, следит за трендами в UI и Unity.   Условия   🏠 удалённая работа или гибрид (офис в Тольятти);   🕐 гибкий график, начало дня по согласованию;   💼 оформление по ТК / ГПХ / самозанятость;   💰 конкурентная заработная плата (обсуждается по итогам собеседования);   🛠 доступ к необходимым инструментам и лицензиям;   📈 возможность профессионального роста и участия в архитектуре продукта.","человека на стыке дизайна и разработки, который сможет не только нарисовать, но и «оживить» интерфейс в движке. Основные задачи:   сборка и настройка интерфейсов в Unity (uGUI): Canvas, RectTransform, Prefabs;   подготовка графических ассетов из Figma/Photoshop и их оптимизация для Unity;   написание простых C#-скриптов для UI-логики (открытие панелей, переключение состояний, привязка данных к элементам) — уровень Junior;   создание и поддержка библиотеки префабов и UI-компонентов;   проектирование пользовательских сценариев и экранов;   взаимодействие с разработчиками, аналитиками и UX-дизайнером для согласования технических решений;   базовая анимация интерфейсов (DOTween, Unity Animator);   работа с технической графикой: экспорт схем из AutoCAD, подготовка векторных элементов;   использование нейросетей для ускорения генерации ассетов и кода   Что мы ожидаем от кандидата ✅ Обязательные требования Опыт:   опыт работы техническим дизайнером / UI-интегратором / Unity-дизайнером / разработчиком от 0,5 года;   примеры собранных интерфейсов в Unity (скриншоты или видео)   Практические навыки:   уверенная работа с Unity UI (uGUI): префабы, канвасы, адаптивная вёрстка, спрайты, атласы;   базовые знания C#: умение написать скрипт для обработки UI-событий (Button.onClick, Toggle, Dropdown), привязать данные к Text/Image, работать с JSON;   базовое владение Figma или Adobe Photoshop;   базовое понимание принципов UI/UX: иерархия, контраст, навигация, доступность;   умение оптимизировать графику для мобильных платформ (атласы, компрессия, draw calls).   🌟 Будет большим плюсом   навыки работы в AutoCAD: чтение чертежей, экспорт элементов в вектор/растр для UI;   опыт создания векторной графики (Illustrator, Inkscape);   базовые навыки анимации интерфейсов: DOTween, Unity Animator, After Effects + Lottie;   опыт использования нейросетей в рабочем процессе (генерация иконок, текстур, прототипов, текстов, кода);   понимание принципов работы с адаптивным дизайном под разные разрешения экранов;   опыт участия в юзабилити-тестированиях или пользовательских интервью.   👤 Личные качества Мы ищем человека, который:   любит доводить задачи до конца и видит результат своей работы в продукте;   умеет задавать уточняющие вопросы и не боится технической документации;   способен аргументировать свои решения и принимать конструктивную критику;   комфортно работает в распределённой команде и асинхронной коммуникации;   стремится учиться: осваивает новые инструменты, следит за трендами в UI и Unity.   Условия   🏠 удалённая работа или гибрид (офис в Тольятти);   🕐 гибкий график, начало дня по согласованию;   💼 оформление по ТК / ГПХ / самозанятость;   💰 конкурентная заработная плата (обсуждается по итогам собеседования);   🛠 доступ к необходимым инструментам и лицензиям;   📈 возможность профессионального роста и участия в архитектуре продукта.","Мы ищем человека на стыке дизайна и разработки, который сможет не только нарисовать, но и «оживить» интерфейс в движке. Основные задачи:   сборка и настройка интерфейсов в Unity (uGUI): Canvas, RectTransform, Prefabs;   подготовка графических ассетов из Figma/Photoshop и их оптимизация для Unity;   написание простых C#-скриптов для UI-логики (открытие панелей, переключение состояний, привязка данных к элементам) — уровень Junior;   создание и поддержка библиотеки префабов и UI-компонентов;   проектирование пользовательских сценариев и экранов;   взаимодействие с разработчиками, аналитиками и UX-дизайнером для согласования технических решений;   базовая анимация интерфейсов (DOTween, Unity Animator);   работа с технической графикой: экспорт схем из AutoCAD, подготовка векторных элементов;   использование нейросетей для ускорения генерации ассетов и кода   Что мы ожидаем от кандидата ✅ Обязательные требования Опыт:   опыт работы техническим дизайнером / UI-интегратором / Unity-дизайнером / разработчиком от 0,5 года;   примеры собранных интерфейсов в Unity (скриншоты или видео)   Практические навыки:   уверенная работа с Unity UI (uGUI): префабы, канвасы, адаптивная вёрстка, спрайты, атласы;   базовые знания C#: умение написать скрипт для обработки UI-событий (Button.onClick, Toggle, Dropdown), привязать данные к Text/Image, работать с JSON;   базовое владение Figma или Adobe Photoshop;   базовое понимание принципов UI/UX: иерархия, контраст, навигация, доступность;   умение оптимизировать графику для мобильных платформ (атласы, компрессия, draw calls).   🌟 Будет большим плюсом   навыки работы в AutoCAD: чтение чертежей, экспорт элементов в вектор/растр для UI;   опыт создания векторной графики (Illustrator, Inkscape);   базовые навыки анимации интерфейсов: DOTween, Unity Animator, After Effects + Lottie;   опыт использования нейросетей в рабочем процессе (генерация иконок, текстур, прототипов, текстов, кода);   понимание принципов работы с адаптивным дизайном под разные разрешения экранов;   опыт участия в юзабилити-тестированиях или пользовательских интервью.   👤 Личные качества Мы ищем человека, который:   любит доводить задачи до конца и видит результат своей работы в продукте;   умеет задавать уточняющие вопросы и не боится технической документации;   способен аргументировать свои решения и принимать конструктивную критику;   комфортно работает в распределённой команде и асинхронной коммуникации;   стремится учиться: осваивает новые инструменты, следит за трендами в UI и Unity.   Условия   🏠 удалённая работа или гибрид (офис в Тольятти);   🕐 гибкий график, начало дня по согласованию;   💼 оформление по ТК / ГПХ / самозанятость;   💰 конкурентная заработная плата (обсуждается по итогам собеседования);   🛠 доступ к необходимым инструментам и лицензиям;   📈 возможность профессионального роста и участия в архитектуре продукта.",,https://hh.ru/vacancy/134711794?query=C%23+%D1%80%D0%B0%D0%B7%D1%80%D0%B0%D0%B1%D0%BE%D1%82%D1%87%D0%B8%D0%BA&hhtmFrom=vacancy_search_list
C#/.NET-разработчик (junior),ПАО ЧЕЛЯБИНВЕСТБАНК,"Челябинск, р-н Советский",Не указана,,,,"Обязанности:  Разработка и тестирование программного обеспечения Системы Город.  Требования:  Высшее техническое/ИТ образование: инженер-программист, инженер-математик; C#, .Net Framework, Windows Forms; Понимание принципов ООП; Знание шаблонов проектирования; Системы контроля версий Git/SVN; Опыт работы Microsoft Visual Studio/VS Code; Приветствуется, если есть какие-либо знания или навыки по некоторым из указанных технологий: PL/SQL(PG/SQL), С++; Приветствуется опыт в системах тестирования кода.  Условия:  Релокации нет, работа в г. Челябинск; График работы 5-дневная рабочая неделя, возможна периодическая дистанционная работа через полгода после трудоустройства; Сильная команда профессионалов; Программа наставничества; Социальный пакет:  - квартальные и годовые премии;- дополнительная премия после ежегодного отпуска;- ДМС (со стоматологией);- собственная медицинская служба с физиотерапевтическим лечением;- дополнительные оплачиваемые дни отпуска на свадьбу, рождение детей, 1 сентября, последний звонок (выпускной);- материальная поддержка сотрудников на вступление в первый брак; на период декретного отпуска, сотрудникам, ушедшим из банка на заслуженный отдых, родителям, имеющих детей-инвалидов, в сложных жизненных ситуациях.- корпоративные мероприятия ко дню Банка и другим праздникам;- подарки к праздникам сотрудникам и их детям;- компенсация за посещение спортивных и культурных мероприятиях (бассейн, спортзал, театр, кино);- частичная компенсация стоимости путевок в детские оздоровительные и спортивные лагеря;- поощрение лучших сотрудников.","Высшее техническое/ИТ образование: инженер-программист, инженер-математик; C#, .Net Framework, Windows Forms; Понимание принципов ООП; Знание шаблонов проектирования; Системы контроля версий Git/SVN; Опыт работы Microsoft Visual Studio/VS Code; Приветствуется, если есть какие-либо знания или навыки по некоторым из указанных технологий: PL/SQL(PG/SQL), С++; Приветствуется опыт в системах тестирования кода.  Условия:  Релокации нет, работа в г. Челябинск; График работы 5-дневная рабочая неделя, возможна периодическая дистанционная работа через полгода после трудоустройства; Сильная команда профессионалов; Программа наставничества; Социальный пакет:  - квартальные и годовые премии;- дополнительная премия после ежегодного отпуска;- ДМС (со стоматологией);- собственная медицинская служба с физиотерапевтическим лечением;- дополнительные оплачиваемые дни отпуска на свадьбу, рождение детей, 1 сентября, последний звонок (выпускной);- материальная поддержка сотрудников на вступление в первый брак; на период декретного отпуска, сотрудникам, ушедшим из банка на заслуженный отдых, родителям, имеющих детей-инвалидов, в сложных жизненных ситуациях.- корпоративные мероприятия ко дню Банка и другим праздникам;- подарки к праздникам сотрудникам и их детям;- компенсация за посещение спортивных и культурных мероприятиях (бассейн, спортзал, театр, кино);- частичная компенсация стоимости путевок в детские оздоровительные и спортивные лагеря;- поощрение лучших сотрудников.","Разработка и тестирование программного обеспечения Системы Город.  Требования:  Высшее техническое/ИТ образование: инженер-программист, инженер-математик; C#, .Net Framework, Windows Forms; Понимание принципов ООП; Знание шаблонов проектирования; Системы контроля версий Git/SVN; Опыт работы Microsoft Visual Studio/VS Code; Приветствуется, если есть какие-либо знания или навыки по некоторым из указанных технологий: PL/SQL(PG/SQL), С++; Приветствуется опыт в системах тестирования кода.  Условия:  Релокации нет, работа в г. Челябинск; График работы 5-дневная рабочая неделя, возможна периодическая дистанционная работа через полгода после трудоустройства; Сильная команда профессионалов; Программа наставничества; Социальный пакет:  - квартальные и годовые премии;- дополнительная премия после ежегодного отпуска;- ДМС (со стоматологией);- собственная медицинская служба с физиотерапевтическим лечением;- дополнительные оплачиваемые дни отпуска на свадьбу, рождение детей, 1 сентября, последний звонок (выпускной);- материальная поддержка сотрудников на вступление в первый брак; на период декретного отпуска, сотрудникам, ушедшим из банка на заслуженный отдых, родителям, имеющих детей-инвалидов, в сложных жизненных ситуациях.- корпоративные мероприятия ко дню Банка и другим праздникам;- подарки к праздникам сотрудникам и их детям;- компенсация за посещение спортивных и культурных мероприятиях (бассейн, спортзал, театр, кино);- частичная компенсация стоимости путевок в детские оздоровительные и спортивные лагеря;- поощрение лучших сотрудников.",,https://hh.ru/vacancy/128039127?query=C%23+%D1%80%D0%B0%D0%B7%D1%80%D0%B0%D0%B1%D0%BE%D1%82%D1%87%D0%B8%D0%BA&hhtmFrom=vacancy_search_list
"Старший разработчик C#, Возвраты продавца",Ozon Tech,Москва,Не указана,,,,"Привет, это команда разработки ""Возвраты продавца""!Мы занимаемся разработкой сервисов и UI возврата товара для продавца, настройками потока возвратов продавца и сопровождением возврата на всём его пути от точки возврата обратно до склада продавца. В команде на текущий момент 6 человек: 4 бекендера (включая тимлида), 1 фронтендер, 1 QA. Команда плотно взаимодействует с продактом домена и системным аналитиком. Ищем сотрудника на роль Старшего разработчика C#. Основной стек: микросервисы на .net 9-10, grpc, kafka, PostgreSQL, ClickHouse, k8s, Jaeger, Prometheus, Grafana, Graylog, Gitlab CI. Вам предстоит:  Написание синхронных и асинхронных интерфейсов взаимодействия с множеством микросервисов IT-семейства Ozon, а также с фронтендом seller.ozon.ru. Ппроработка технических требований. Взаимодействие со смежными командами.  Мы ожидаем:  Релевантный опыт от 5 лет в крупных компаниях с highload. Знания .NET, С#. Знания реляционных и нереляционных СУБД. Опыт работы с любым брокером/шиной данных. Опыт работы с микросервисной архитектурой, опыт проектирования.",,,,https://hh.ru/vacancy/134485685?query=C%23+%D1%80%D0%B0%D0%B7%D1%80%D0%B0%D0%B1%D0%BE%D1%82%D1%87%D0%B8%D0%BA&hhtmFrom=vacancy_search_list
Senior .NET Backend разработчик,АО ЭДС,"Ижевск, р-н Индустриальный",Не указана,,,,"Современная и высокотехнологичная компания, занимающаяся разработкой инновационной платформы для научных исследований, а также разработкой прикладного ПО, виртуальных тренажеров, созданием новых средств связи и исследованиями в области искусственного интеллекта, нейронных сетей и машинного обучения в поиске .NET Backend разработчика (Senior). Обязанности:  Проектирование и разработка приложения для работы с сетевыми протоколами TCP/UDP. Работа с базами данных: проектирование схем, написание и оптимизация запросов (PostgreSQL, MySQL). Проектирование и реализация RESTful API сервисов, а также сервисов gRPC на ASP.NET Core. Интеграция c внешними сервисами и сторонними API. Участие в полном цикле разработки: от идеи до развертывания. Написание Unit-тестов и интеграционных тестов.  Требования:  Уверенное владение C#, .NET Core / .NET 6+. Опыт разработки корпоративных информационных систем. Опыт работы с реляционными базами данных (PostgreSQL). Опыт работы с ORM (Entity Framework Core). Опыт работы с сетевыми протоколами TCP/UDP на низком уровне (Socket). Опыт разработки REST и gRPC сервисов. Понимание принципов authentication/authorization и опыт их реализации в ASP.NET Core приложениях. Опыт разработки многопоточных приложений (Classic multithreading, TPL). Понимание принципов SOLID, ООП, шаблонов проектирования. Опыт работы с системами контроля версий (Git). Понимание принципов построения архитектуры приложений.  Будет плюсом:  Опыт работы с RabbitMQ, Kafka. Опыт разработки под Linux на .NET Core / .NET 6+. Знание Docker.  Что мы предлагаем:   работа в аккредитованной IT компании;   оформление в соответствии с ТК РФ (белая ЗП, выплаты больничных и отпускных);   премия по результатам работы за месяц/год;   ДМС-получение услуг в соответствии со стажем работы в компании;   оплата такси до офиса и обратно (до 20 тыс. в месяц);   организованное питание (обед, ужин – все вместе 150 руб./день) на территории компании;   комфортные условия труда (современные ПК, два монитора, дооснащение по просьбе сотрудника);   дополнительные выплаты при важных событиях в жизни (рождение ребенка, свадьба и тд);   подарки к праздникам для детей;   путевки в детские лагеря;   компенсация затрат на переезд, материальная помощь при аренде жилья.","Уверенное владение C#, .NET Core / .NET 6+. Опыт разработки корпоративных информационных систем. Опыт работы с реляционными базами данных (PostgreSQL). Опыт работы с ORM (Entity Framework Core). Опыт работы с сетевыми протоколами TCP/UDP на низком уровне (Socket). Опыт разработки REST и gRPC сервисов. Понимание принципов authentication/authorization и опыт их реализации в ASP.NET Core приложениях. Опыт разработки многопоточных приложений (Classic multithreading, TPL). Понимание принципов SOLID, ООП, шаблонов проектирования. Опыт работы с системами контроля версий (Git). Понимание принципов построения архитектуры приложений.  Будет плюсом:  Опыт работы с RabbitMQ, Kafka. Опыт разработки под Linux на .NET Core / .NET 6+. Знание Docker.  Что мы предлагаем:   работа в аккредитованной IT компании;   оформление в соответствии с ТК РФ (белая ЗП, выплаты больничных и отпускных);   премия по результатам работы за месяц/год;   ДМС-получение услуг в соответствии со стажем работы в компании;   оплата такси до офиса и обратно (до 20 тыс. в месяц);   организованное питание (обед, ужин – все вместе 150 руб./день) на территории компании;   комфортные условия труда (современные ПК, два монитора, дооснащение по просьбе сотрудника);   дополнительные выплаты при важных событиях в жизни (рождение ребенка, свадьба и тд);   подарки к праздникам для детей;   путевки в детские лагеря;   компенсация затрат на переезд, материальная помощь при аренде жилья.","Проектирование и разработка приложения для работы с сетевыми протоколами TCP/UDP. Работа с базами данных: проектирование схем, написание и оптимизация запросов (PostgreSQL, MySQL). Проектирование и реализация RESTful API сервисов, а также сервисов gRPC на ASP.NET Core. Интеграция c внешними сервисами и сторонними API. Участие в полном цикле разработки: от идеи до развертывания. Написание Unit-тестов и интеграционных тестов.  Требования:  Уверенное владение C#, .NET Core / .NET 6+. Опыт разработки корпоративных информационных систем. Опыт работы с реляционными базами данных (PostgreSQL). Опыт работы с ORM (Entity Framework Core). Опыт работы с сетевыми протоколами TCP/UDP на низком уровне (Socket). Опыт разработки REST и gRPC сервисов. Понимание принципов authentication/authorization и опыт их реализации в ASP.NET Core приложениях. Опыт разработки многопоточных приложений (Classic multithreading, TPL). Понимание принципов SOLID, ООП, шаблонов проектирования. Опыт работы с системами контроля версий (Git). Понимание принципов построения архитектуры приложений.  Будет плюсом:  Опыт работы с RabbitMQ, Kafka. Опыт разработки под Linux на .NET Core / .NET 6+. Знание Docker.  Что мы предлагаем:   работа в аккредитованной IT компании;   оформление в соответствии с ТК РФ (белая ЗП, выплаты больничных и отпускных);   премия по результатам работы за месяц/год;   ДМС-получение услуг в соответствии со стажем работы в компании;   оплата такси до офиса и обратно (до 20 тыс. в месяц);   организованное питание (обед, ужин – все вместе 150 руб./день) на территории компании;   комфортные условия труда (современные ПК, два монитора, дооснащение по просьбе сотрудника);   дополнительные выплаты при важных событиях в жизни (рождение ребенка, свадьба и тд);   подарки к праздникам для детей;   путевки в детские лагеря;   компенсация затрат на переезд, материальная помощь при аренде жилья.",,https://hh.ru/vacancy/134635635?query=C%23+%D1%80%D0%B0%D0%B7%D1%80%D0%B0%D0%B1%D0%BE%D1%82%D1%87%D0%B8%D0%BA&hhtmFrom=vacancy_search_list
C#/.NET-разработчик,ИП Алексеев Александр Андреевич,Москва,Не указана,180000000.0,280000000.0,230000000.0,"Разработка и поддержка серверных приложений на C# / .NET 8 Проектирование и реализация REST API и интеграций с внешними сервисами Написание юнит- и интеграционных тестов Участие в код-ревью и проектных обсуждениях Работа с базами данных: написание и оптимизация запросов Анализ и устранение технического долга, рефакторинг legacy-кода  Требования:  Опыт коммерческой разработки на C# / .NET от 2 лет Уверенное знание ООП, SOLID, паттернов проектирования Опыт работы с Entity Framework Core или Dapper Знание SQL (PostgreSQL или MS SQL Server) Опыт работы с брокерами сообщений (RabbitMQ / Kafka) — желательно Понимание принципов микросервисной архитектуры Опыт работы с Git, CI/CD, Docker Умение читать и писать техническую документацию на английском языке  Условия:  Удалённая работа или гибридный формат (офис в Москве) Официальное оформление по ТК РФ Заработная плата от 180 000 до 280 000 ₽ на руки (обсуждается по итогам собеседования) Гибкий график работы ДМС после испытательного срока Оплата профессионального обучения и конференций Команда, практикующая Scrum, с регулярными ретроспективами и культурой код-ревью","Опыт коммерческой разработки на C# / .NET от 2 лет Уверенное знание ООП, SOLID, паттернов проектирования Опыт работы с Entity Framework Core или Dapper Знание SQL (PostgreSQL или MS SQL Server) Опыт работы с брокерами сообщений (RabbitMQ / Kafka) — желательно Понимание принципов микросервисной архитектуры Опыт работы с Git, CI/CD, Docker Умение читать и писать техническую документацию на английском языке  Условия:  Удалённая работа или гибридный формат (офис в Москве) Официальное оформление по ТК РФ Заработная плата от 180 000 до 280 000 ₽ на руки (обсуждается по итогам собеседования) Гибкий график работы ДМС после испытательного срока Оплата профессионального обучения и конференций Команда, практикующая Scrum, с регулярными ретроспективами и культурой код-ревью",,,https://hh.ru/vacancy/134362044?query=C%23+%D1%80%D0%B0%D0%B7%D1%80%D0%B0%D0%B1%D0%BE%D1%82%D1%87%D0%B8%D0%BA&hhtmFrom=vacancy_search_list
.NET разработчик,Т-Банк. ИТ. Разработка,Нижний Новгород,Не указана,,,,".NET стремительно набирает популярность в T-Банке: по количеству разработчиков C# сейчас на втором месте (200+ человек), хотя еще пару лет назад было всего несколько команд. Экосистема компании довольно обширна, и разработка любого сервиса, даже внутреннего — челлендж. Наш стек: .NET 6+, ASP.NET Core, PostgreSQL/MongoDB, Kafka, ClickHouse, Docker, Kubernetes, Gitlab. Работаем по методологии Scram / Kanban Вам предстоит:  Принимать участие в разработке сервисов, помогающих экосистеме, развиваться: платформа для удаленной работы сотрудников (TWork), Телефония, Биометрия, Т-Бизнес, Travel, Инвестиции, Страхование и другие проекты Участвовать в полном цикле разработки проекта: Design -> Develop -> Test (Unit / Integration / Api) -> Deploy -> Support    Что отмечают наши разработчики? У нас профессиональная и дружная команда: проводим внутренние митапы, книжные и DDD-клубы, постоянно обмениваемся опытом. Регулярно участвуем в крупнейших конференциях (DotNext и других). Коллеги из любой команды готовы прийти на помощь У нас высокая культура разработки и минимум Legacy-кода, большинство приложений уже в Kubernetes. Даем свободу в аргументированном принятии решений и выборе технологий. Придерживаемся современного стиля руководства, когда руководитель заинтересован в профессиональном росте каждого из членов команды Есть возможность развиваться: можно посещать конференции и обучаться за счет компании. Менторы из frontend-команды готовы обучить желающих стать fullstack-разработчиком (Angular). Можно попробовать себя в роли тимлида / техлида / архитектора / SRE / аналитика, и даже вернуться обратно в разработку Чутко относимся к коллегам и не пытаемся сделать интровертов экстравертами   Что мы ожидаем от вас?   Опыт коммерческой разработки Web-приложений на платформе .NET Хорошее знание основ платформы .NET (Memory Management, async/await) Опыт работы с базами данных (в основном используем PostgreSQL + Entity Framework Core, иногда встречается Dapper) Понимание и опыт работы с одним из брокеров сообщений (RabbitMQ, Kafka, и.т.п) Опыт написания шагов для сборки/тестирования/деплоя своих приложений с одной из CI/CD систем (TeamCity, Github Actions, Gitlab, Drone и т.п.) Умение писать легко поддерживаемый код и покрывать его Unit/Integration/Api-тестами Умение общаться с аналитиками и реализовывать их пожелания без ущерба для архитектуры проекта  Дополнительным плюсом будет:  Опыт работы с микросервисной архитектурой Опыт работы с NoSQL базами данных (MongoDB, Redis, Elasticsearch и т.п.) Опыт работы с Docker/Docker Compose (собрать/запустить свое приложение в контейнере) Опыт работы с Kubernetes    Мы предлагаем:  Возможность работы в аккредитованной ИТ-компании Работу в офисе. График работы — гибридный  Платформу обучения и развития Т-Апгрейд. Курсы, тренинги, вебинары и базы знаний. Поддержка менторов и наставников, помощь в поиске точек роста и карьерном развитии  Заботу о здоровье. Оформим полис ДМС со стоматологией и страховку от несчастных случаев. Предложим льготное страхование вашим близким Компенсацию такси и 50% затрат на спорт от стоимости абонемента Компенсацию обедов. А если захотите перекусить, есть кухня с чаем, кофе и фруктами Достойную зарплату — обсудим ее на собеседовании",,,,https://hh.ru/vacancy/134617262?query=C%23+%D1%80%D0%B0%D0%B7%D1%80%D0%B0%D0%B1%D0%BE%D1%82%D1%87%D0%B8%D0%BA&hhtmFrom=vacancy_search_list
.NET разработчик,ООО ТОП КЕЙС,Москва,Не указана,,,,"Привет! TOPCASE открывает двери для .NET разработчика ! Представьте мир, где ваш код не просто работает — он меняет жизнь к лучшему. Это место, где разработка софта — это искусство, а программный продукт помогает людям. Если вы готовы присоединиться к команде, где ценятся рост, учёба и инновации, не пропустите свой шанс. Встречайте новые горизонты в TOPCASE! Где мы действуем? Мы — кузница IT-решений в России, Беларуси и на Кипре, создающая как заказные программные продукты, так и воплощающая в жизнь свои стартапы для европейского рынка. Стек проекта: .NET 8.0, EFCore, MediatR, микросервисы, Redis, PostgreSQL, OpenSearch, Kafka,OpenShift, Kubernetes, Docker, Argo CD, Kustomize. Нам важно:   Опыт коммерческой разработки на C# от 3 лет.   Знание платформы .NET, async\await\lock\коллекции, DI, паттерны проектирования.   Опыт разработки REST\RPC сервисов.   Знание и понимание принципов работы SQL (нормализация, индексы, оптимизация, ORM, миграции) и noSQL баз данных.   Понимание принципов и опыт работы: контейнеризация, кеши, очереди.   Желание получать новый опыт и обучаться современным технологиям.   Будет плюсом:  Опыт работы с EFCore, gRPC, noSQL, Kubernetes, Kustomize. Опыт работы с highload проектами. Глубокое понимание многопоточности, опыт анализа и оптимизации производительности. Опыт проектирования распределенных/микросервисных систем. Опыт работы с ТЗ: анализ, проектирование, оценка. Опыт код-ревью, написания юнит, интеграционных и нагрузочных тестов.  Мы предлагаем:  Достойный уровень дохода, бонусы и премии. Мягкий график - старт работы варьируется с 9 до 10, работаем 5/2, в офисе с современной офисной техникой. Формат работы: офис, гибрид, удалённый. Официальное трудоустройство, соц.пакет и ДМС со стоматологией. Обеды за счет компании в более 20 известных кафе и ресторанов в центре Москвы, вкусный кофе и сладости в офисе. Работу в разновозрастном, разнополом, потрясающе дружном и профессиональном коллективе, где нет бюрократии и все на «ты». Возможность повышения квалификации – внешнее обучение, наставничество внутри компании, планирование карьерного роста.  Как мы будем знакомиться:  онлайн собеседование с HR (не более 30 минут). онлайн/очное собеседование с руководителем (не более 1 часа).",,,,https://hh.ru/vacancy/134616799?query=C%23+%D1%80%D0%B0%D0%B7%D1%80%D0%B0%D0%B1%D0%BE%D1%82%D1%87%D0%B8%D0%BA&hhtmFrom=vacancy_search_list
C#/.NET-разработчик со знанием Camunda,ИП Кеменова Мария Алексеевна,Санкт-Петербург,Не указана,,,,"ITкомпания ECMGroup.Pro объединяет высококвалифицированных специалистов, которые разрабатывают и внедряют передовые решения в области электронного документооборота. Нам доверяют крупнейшие компании, такие как Гознак, Магнит, Дикси, Внуково, МТС, ВТБ Факторинг, Красцветмет и многие другие. Наши проекты - одни из самых масштабных и интересных в сфере управления документами и процессами, в частности в безбумажном юридически значимом взаимодействии. То, что мы делаем, непосредственно влияет на эффективность как конкретных компаний, отделов, групп, обычных людей, так и на экономику в целом. Сейчас мы в поисках коллеги разработчика в крупный проект на аутстаф Стек технологий: .Net Core 8 и выше, Kafka, PostgreSQL, S3, Camunda, Git, XML\XSD\XSLT, Xunit. В задачи будет входить:  Разработка приложений на платформе .Net (С#, TypeScript); Разработка и проектирование новых решений; Модификация существующих решений и работа с чужим кодом; Проектирование баз данных; Разработка архитектуры системы; Участие в проектах внедрения высоконагруженных корпоративных информационных систем и интеграционных решений.    Мы ждём от тебя:   Высшее образование;   Опыт разработки приложений под .NET (C#, TypeScript) не менее 3 лет;   Опыт использования Camunda и Kafka;   Опыт проектирования баз данных и работы с PostgreSQL;   Умение писать качественный, поддерживаемый и тестируемый код;   Уверенное понимание хранилищ данных, опыт работы с SQL и NoSQL;   Понимание роли и необходимости unit-тестов, опыт их написания;   Умение оценивать объем разработки и декомпозировать задачи;   Опыт взаимодействия со смежными направлениями: тестирование, аналитика, DevOps.     Мы предлагаем:  Интересные проекты, приносящие реальную пользу не только заказчикам, но и окружающей среде (счет спасенных деревьев пошел на сотни тысяч); Работу с современными программными продуктами и технологиями; Взаимодействие с крупными интересными компаниями-заказчиками; Позитивную, профессиональную команду единомышленников; Удаленную работу.","от тебя:   Высшее образование;   Опыт разработки приложений под .NET (C#, TypeScript) не менее 3 лет;   Опыт использования Camunda и Kafka;   Опыт проектирования баз данных и работы с PostgreSQL;   Умение писать качественный, поддерживаемый и тестируемый код;   Уверенное понимание хранилищ данных, опыт работы с SQL и NoSQL;   Понимание роли и необходимости unit-тестов, опыт их написания;   Умение оценивать объем разработки и декомпозировать задачи;   Опыт взаимодействия со смежными направлениями: тестирование, аналитика, DevOps.     Мы предлагаем:  Интересные проекты, приносящие реальную пользу не только заказчикам, но и окружающей среде (счет спасенных деревьев пошел на сотни тысяч); Работу с современными программными продуктами и технологиями; Взаимодействие с крупными интересными компаниями-заказчиками; Позитивную, профессиональную команду единомышленников; Удаленную работу.",,,https://hh.ru/vacancy/134499375?query=C%23+%D1%80%D0%B0%D0%B7%D1%80%D0%B0%D0%B1%D0%BE%D1%82%D1%87%D0%B8%D0%BA&hhtmFrom=vacancy_search_list
Младший разработчик C# (Desktop/Backend),"АРМО, ГК",Москва,Не указана,,,,"Оформление в сертифицированную ИТ компанию. Прекрасная возможность вырасти до позиции опытного разработчика. В сопроводительном письме обязательно указывайте свои пожелания к заработной плате. Обязанности:  Развитие продукта: Реализация бизнес-логистики системы Timex (.NET Framework 4.7.2) согласно техническим спецификациям  Участие в миграции модулей системы на актуальный стек .NET 8+ (рефакторинг, адаптация архитектуры) Hardware-интеграция: Разработка SDK для взаимодействия с новым аппаратным обеспечением Покрытие кода тестами, отладка и устранение дефектов Строгое соблюдение регламентов разработки (Code Review, документация, трекинг задач).    Требования:  Коммерческая разработка на С# от 1 года (либо наличие сложных Pet-проектов/курсовых по Desktop-разработке) Уверенное знание С# и .NET Framework. Понимание отличий от .NET. Навыки работы с асинхронностью (asyns/await) и LINQ Desktop: Опыт работы с WinForms/WPF (Понимание жизненного цикла приложений, Data Binding) Уверенное владение SQL (написание запросов с JOIN, понимание индексов) и опыт работы с ORM Опыт работы с Git (понимание Git Flow) и системами баг-трекинга (Jira или аналоги).  Характер работы: - Работа строго в рамках утвержденных регламентов (SLA на задачи, Code Review Policy) - Ежедневные статус-митинги (синхронизация работ) - Работа под руководство наставника (Тимлида). Четкие KPI и план развития на испытательный срок. Условия:  Работа СТРОГО В ОФИСЕ. Работа с реальным ""железом"" (контроллеры, стенды). Удаленная отладка НЕВОЗМОЖНА. График 5/2, с 8.30-17.30 Оформление по ТК РФ; З.пл. по итогам собеседования (обсуждается индивидуально); З.пл. выплачивается 2 раза в месяц; Оформление в аккредитованную IT-компанию. Отпуска и больничные по ТК. График работы 5/2; с 8.30-17.30 ДМС поале испытательного срока, стабильность, отсутствие переработок (уходим вовремя). Место работы в шаговой доступности от м. Динамо, Петровский парк, ЦСКА.","Коммерческая разработка на С# от 1 года (либо наличие сложных Pet-проектов/курсовых по Desktop-разработке) Уверенное знание С# и .NET Framework. Понимание отличий от .NET. Навыки работы с асинхронностью (asyns/await) и LINQ Desktop: Опыт работы с WinForms/WPF (Понимание жизненного цикла приложений, Data Binding) Уверенное владение SQL (написание запросов с JOIN, понимание индексов) и опыт работы с ORM Опыт работы с Git (понимание Git Flow) и системами баг-трекинга (Jira или аналоги).  Характер работы: - Работа строго в рамках утвержденных регламентов (SLA на задачи, Code Review Policy) - Ежедневные статус-митинги (синхронизация работ) - Работа под руководство наставника (Тимлида). Четкие KPI и план развития на испытательный срок. Условия:  Работа СТРОГО В ОФИСЕ. Работа с реальным ""железом"" (контроллеры, стенды). Удаленная отладка НЕВОЗМОЖНА. График 5/2, с 8.30-17.30 Оформление по ТК РФ; З.пл. по итогам собеседования (обсуждается индивидуально); З.пл. выплачивается 2 раза в месяц; Оформление в аккредитованную IT-компанию. Отпуска и больничные по ТК. График работы 5/2; с 8.30-17.30 ДМС поале испытательного срока, стабильность, отсутствие переработок (уходим вовремя). Место работы в шаговой доступности от м. Динамо, Петровский парк, ЦСКА.","Развитие продукта: Реализация бизнес-логистики системы Timex (.NET Framework 4.7.2) согласно техническим спецификациям  Участие в миграции модулей системы на актуальный стек .NET 8+ (рефакторинг, адаптация архитектуры) Hardware-интеграция: Разработка SDK для взаимодействия с новым аппаратным обеспечением Покрытие кода тестами, отладка и устранение дефектов Строгое соблюдение регламентов разработки (Code Review, документация, трекинг задач).    Требования:  Коммерческая разработка на С# от 1 года (либо наличие сложных Pet-проектов/курсовых по Desktop-разработке) Уверенное знание С# и .NET Framework. Понимание отличий от .NET. Навыки работы с асинхронностью (asyns/await) и LINQ Desktop: Опыт работы с WinForms/WPF (Понимание жизненного цикла приложений, Data Binding) Уверенное владение SQL (написание запросов с JOIN, понимание индексов) и опыт работы с ORM Опыт работы с Git (понимание Git Flow) и системами баг-трекинга (Jira или аналоги).  Характер работы: - Работа строго в рамках утвержденных регламентов (SLA на задачи, Code Review Policy) - Ежедневные статус-митинги (синхронизация работ) - Работа под руководство наставника (Тимлида). Четкие KPI и план развития на испытательный срок. Условия:  Работа СТРОГО В ОФИСЕ. Работа с реальным ""железом"" (контроллеры, стенды). Удаленная отладка НЕВОЗМОЖНА. График 5/2, с 8.30-17.30 Оформление по ТК РФ; З.пл. по итогам собеседования (обсуждается индивидуально); З.пл. выплачивается 2 раза в месяц; Оформление в аккредитованную IT-компанию. Отпуска и больничные по ТК. График работы 5/2; с 8.30-17.30 ДМС поале испытательного срока, стабильность, отсутствие переработок (уходим вовремя). Место работы в шаговой доступности от м. Динамо, Петровский парк, ЦСКА.",,https://hh.ru/vacancy/134434159?query=C%23+%D1%80%D0%B0%D0%B7%D1%80%D0%B0%D0%B1%D0%BE%D1%82%D1%87%D0%B8%D0%BA&hhtmFrom=vacancy_search_list
Разработчик PHP (полного цикла / Fullstack),ООО Финтех-Маркет,Москва,Не указана,,,,"Мы — крупная финтех-группа, входящая в топ игроков рынка. Наша команда из 800+ человек пишет цифровые финансовые сервисы для финансовых компаний, кредитных кооперативов и collection. Присоединяйтесь к нам на позицию Разработчик PHP (полного цикла / Fullstack) и вместе мы сможем превратить будущее в реальность! Что вас ждет в IT Monsters:   Сильная команда: В окружении профессионалов вы получите возможность не просто развиваться, а делать это с максимальной отдачей. Мы ценим сотрудничество, взаимную поддержку и стремление к росту.   Конкурентные условия: Мы предлагаем достойное вознаграждение, которое не только соответствует рынку, но и может его превосходить, за ваш вклад в развитие наших проектов.   Увлекательные задачи: Ваши проекты будут касаться миллионов пользователей по всему миру. Каждый день вы будете решать уникальные задачи, способные изменить будущее финтеха.   Влияние на процессы: У нас вы сможете не только выполнять задачи, но и активно участвовать в формировании процессов, внося свой вклад в общий успех команды.   Гибкий график: Мы понимаем ценность баланса между работой и личной жизнью, поэтому предлагаем гибкий график и возможность работать в удаленном формате, гибрид или в офисе.   Социальная поддержка: Забота о наших сотрудниках проявляется в оплате отпусков и больничных, а также компенсации медицинских услуг и абонементов в спортивные залы.   Обязанности - Разработка и поддержка backend-функционала на PHP - Рефакторинг legacy-кода, миграция на современную модульную архитектуру - Оптимизация производительности, работа с кешированием и базами данных - Написание unit-тестов, поддержка качества кода Требования Обязательно:  Коммерческий опыт разработки на PHP (Laravel/Symfony/Yii2 и Pure PHP) Понимание архитектуры web-приложений: слои приложения, границы ответственности, сервисы, модули, интеграции, API. Знание основных архитектурных и прикладных паттернов: MVC, service layer, repository, DTO/value objects, dependency injection, queues/events там, где они уместны. Опыт проектирования и реализации REST API и интеграций с внешними сервисами.   Laravel — опыт работы с крупными проектами Понимание frontend-части web-приложений на уровне, достаточном для fullstack-задач: взаимодействие с API, состояние интерфейса, базовая клиентская логика, ограничения браузера. Умение самостоятельно декомпозировать задачи, оценивать риски, задавать правильные вопросы и доводить решение до production-состояния. Опыт использования AI coding tools / AI coding agents в разработке.  Будет плюсом:  Опыт работы в финтехе. Настройки мониторинга, логирования и диагностики production-проблем. Взаимодействия с Elasticsearch / OpenSearch. Работы с Go или C#  Работы с legacy-монолитами: умение читать, поддерживать, рефакторить и постепенно декомпозировать существующий код без попыток «переписать всё с нуля».  GitLab CI/CD Интеграции с 1С, AmoCRM, ESIA (Госуслуги), DaData","Обязательно:  Коммерческий опыт разработки на PHP (Laravel/Symfony/Yii2 и Pure PHP) Понимание архитектуры web-приложений: слои приложения, границы ответственности, сервисы, модули, интеграции, API. Знание основных архитектурных и прикладных паттернов: MVC, service layer, repository, DTO/value objects, dependency injection, queues/events там, где они уместны. Опыт проектирования и реализации REST API и интеграций с внешними сервисами.   Laravel — опыт работы с крупными проектами Понимание frontend-части web-приложений на уровне, достаточном для fullstack-задач: взаимодействие с API, состояние интерфейса, базовая клиентская логика, ограничения браузера. Умение самостоятельно декомпозировать задачи, оценивать риски, задавать правильные вопросы и доводить решение до production-состояния. Опыт использования AI coding tools / AI coding agents в разработке.  Будет плюсом:  Опыт работы в финтехе. Настройки мониторинга, логирования и диагностики production-проблем. Взаимодействия с Elasticsearch / OpenSearch. Работы с Go или C#  Работы с legacy-монолитами: умение читать, поддерживать, рефакторить и постепенно декомпозировать существующий код без попыток «переписать всё с нуля».  GitLab CI/CD Интеграции с 1С, AmoCRM, ESIA (Госуслуги), DaData","- Разработка и поддержка backend-функционала на PHP - Рефакторинг legacy-кода, миграция на современную модульную архитектуру - Оптимизация производительности, работа с кешированием и базами данных - Написание unit-тестов, поддержка качества кода Требования Обязательно:  Коммерческий опыт разработки на PHP (Laravel/Symfony/Yii2 и Pure PHP) Понимание архитектуры web-приложений: слои приложения, границы ответственности, сервисы, модули, интеграции, API. Знание основных архитектурных и прикладных паттернов: MVC, service layer, repository, DTO/value objects, dependency injection, queues/events там, где они уместны. Опыт проектирования и реализации REST API и интеграций с внешними сервисами.   Laravel — опыт работы с крупными проектами Понимание frontend-части web-приложений на уровне, достаточном для fullstack-задач: взаимодействие с API, состояние интерфейса, базовая клиентская логика, ограничения браузера. Умение самостоятельно декомпозировать задачи, оценивать риски, задавать правильные вопросы и доводить решение до production-состояния. Опыт использования AI coding tools / AI coding agents в разработке.  Будет плюсом:  Опыт работы в финтехе. Настройки мониторинга, логирования и диагностики production-проблем. Взаимодействия с Elasticsearch / OpenSearch. Работы с Go или C#  Работы с legacy-монолитами: умение читать, поддерживать, рефакторить и постепенно декомпозировать существующий код без попыток «переписать всё с нуля».  GitLab CI/CD Интеграции с 1С, AmoCRM, ESIA (Госуслуги), DaData",,https://hh.ru/vacancy/134646689?query=C%23+%D1%80%D0%B0%D0%B7%D1%80%D0%B0%D0%B1%D0%BE%D1%82%D1%87%D0%B8%D0%BA&hhtmFrom=vacancy_search_list
. NET Разработчик,Т-Банк. ИТ. Разработка,"Казань, р-н Вахитовский",Не указана,,,,".NET стремительно набирает популярность в T-Банке: по количеству разработчиков C# сейчас на втором месте (200+ человек), хотя еще пару лет назад было всего несколько команд. Экосистема компании довольно обширна, и разработка любого сервиса, даже внутреннего — челлендж. Наш стек: .NET 6+, ASP.NET Core, PostgreSQL/MongoDB, Kafka, ClickHouse, Docker, Kubernetes, Gitlab. Работаем по методологии Scrum / KanbanВам предстоит  Принимать участие в разработке сервисов, помогающих экосистеме Т-Банк развиваться: платформа для удаленной работы сотрудников (TWork), Телефония, Биометрия, Т-Бизнес, Travel, Т-Инвестиции, Т-Страхование и другие проекты Участвовать в полном цикле разработки проекта: Design -> Develop -> Test (Unit / Integration / Api) -> Deploy -> Support  Что отмечают наши разработчики? У нас профессиональная и дружная команда: проводим внутренние митапы, книжные и DDD-клубы, постоянно обмениваемся опытом. Регулярно участвуем в крупнейших конференциях (DotNext и других). Коллеги из любой команды готовы прийти на помощь. У нас высокая культура разработки и минимум Legacy-кода, большинство приложений уже в Kubernetes. Даем свободу в аргументированном принятии решений и выборе технологий. Придерживаемся современного стиля руководства, когда руководитель заинтересован в профессиональном росте каждого из членов команды. Есть возможность развиваться: можно посещать конференции и обучаться за счет компании. Менторы из frontend-команды готовы обучить желающих стать fullstack-разработчиком (Angular). Можно попробовать себя в роли тимлида / техлида / архитектора / SRE / аналитика, и даже вернуться обратно в разработку. Чутко относимся к коллегам и не пытаемся сделать интровертов экстравертами. Что мы ожидаем от вас:  Опыт коммерческой разработки Web-приложений на платформе .NET от 5 лет Хорошее знание основ платформы .NET (Memory Management, async/await) Опыт работы с базами данных (в основном используем PostgreSQL + Entity Framework Core, иногда встречается Dapper) Понимание и опыт работы с одним из брокеров сообщений (RabbitMQ, Kafka, и.т.п) Опыт написания шагов для сборки/тестирования/деплоя своих приложений с одной из CI/CD систем (TeamCity, Github Actions, Gitlab, Drone и т.п.) Умение писать легко поддерживаемый код и покрывать его Unit/Integration/Api-тестами Умение общаться с аналитиками и реализовывать их пожелания без ущерба для архитектуры проекта  Дополнительным плюсом будет:  Опыт работы с микросервисной архитектурой Опыт работы с NoSQL базами данных (MongoDB, Redis, Elasticsearch и т.п.) Опыт работы с Docker/Docker Compose (собрать/запустить свое приложение в контейнере) Опыт работы с Kubernetes  Мы предлагаем:  Возможность работы в аккредитованной ИТ-компании Работу в офисе. График работы — гибридный  Платформу обучения и развития Т-Апгрейд. Курсы, тренинги, вебинары и базы знаний. Поддержка менторов и наставников, помощь в поиске точек роста и карьерном развитии  Заботу о здоровье. Оформим полис ДМС со стоматологией и страховку от несчастных случаев. Предложим льготное страхование вашим близким Компенсацию такси и 50% затрат на спорт от стоимости абонемента Компенсацию обедов. А если захотите перекусить, есть кухня с чаем, кофе и фруктами Достойную зарплату — обсудим ее на собеседовании",,,,https://hh.ru/vacancy/131666858?query=C%23+%D1%80%D0%B0%D0%B7%D1%80%D0%B0%D0%B1%D0%BE%D1%82%D1%87%D0%B8%D0%BA&hhtmFrom=vacancy_search_list
"C#/.NET-разработчик (офис, Москва)",ООО ИЦ АЙ-ТЕКО,Москва,Не указана,,,,"КОМПАНИЯ «АЙ-ТЕКО» - ведущий российский системный интегратор и поставщик информационных технологий для корпоративных заказчиков. Активно действует на рынке IT России с 1997 года, входит в ТОП-400 крупнейших российских компаний, ТОП-10 крупнейших IT-компаний России. В связи с активным развитием проектов в компании открыта вакансия C#/.NET-разработчик (офис, Москва) Требования: Обязательно: Законченное высшее образование, есть оригинал диплома на руках;Военный билет для военнообязанных обязательно.  Требования: От 6 лет со стеком технологий: C#, .Net Core, .Net Framework, MS SQL,Kafka, PostgreSQLЗаконченное высшее образование (диплом на руках), военный билет для мужчик обязательно.· Опыт работы с MS SQL Server (T-SQL) или другими СУБД· Понимание принципов CI/CD Опыт работы с системамиконтроля версий (git)· Опыт разработки Web Api (RESTful, применение IoCконтейнеров в работе)· Понимание архитектуры и технологий безопасности вкорпоративных приложениях· Опыт оптимизации запросов, работы с большимиобъемами данных· Опыт разработки крупных высоконагруженных систем· Опыт разработки и проектирования интернет-банков,знание банковских предметных областей· Опыт работы с микросервисной архитектурой   МЫ ПРЕДЛАГАЕМ:  Работу в стабильной компании, ""белую"" заработную плату; Оформление в соответствии с ТК РФ с первого дня работы; Расширенный социальный пакет: ДМС (включая стоматологию), корпоративные скидки на посещение фитнес-клубов, футбольная и волейбольная секции; Профессиональное обучение и развитие; Яркая и насыщенная корпоративная жизнь;  Снабжаем всей необходимой современной техникой: мощный ноут привезут прямо в день оформления;   ✅ ОТКЛИКАЙСЯ =) ЖДУ КОГДА ВМЕСТЕ ПОРАДУЕМСЯ ТВОЕМУ ОФФЕРУ)","Обязательно: Законченное высшее образование, есть оригинал диплома на руках;Военный билет для военнообязанных обязательно.  Требования: От 6 лет со стеком технологий: C#, .Net Core, .Net Framework, MS SQL,Kafka, PostgreSQLЗаконченное высшее образование (диплом на руках), военный билет для мужчик обязательно.· Опыт работы с MS SQL Server (T-SQL) или другими СУБД· Понимание принципов CI/CD Опыт работы с системамиконтроля версий (git)· Опыт разработки Web Api (RESTful, применение IoCконтейнеров в работе)· Понимание архитектуры и технологий безопасности вкорпоративных приложениях· Опыт оптимизации запросов, работы с большимиобъемами данных· Опыт разработки крупных высоконагруженных систем· Опыт разработки и проектирования интернет-банков,знание банковских предметных областей· Опыт работы с микросервисной архитектурой   МЫ ПРЕДЛАГАЕМ:  Работу в стабильной компании, ""белую"" заработную плату; Оформление в соответствии с ТК РФ с первого дня работы; Расширенный социальный пакет: ДМС (включая стоматологию), корпоративные скидки на посещение фитнес-клубов, футбольная и волейбольная секции; Профессиональное обучение и развитие; Яркая и насыщенная корпоративная жизнь;  Снабжаем всей необходимой современной техникой: мощный ноут привезут прямо в день оформления;   ✅ ОТКЛИКАЙСЯ =) ЖДУ КОГДА ВМЕСТЕ ПОРАДУЕМСЯ ТВОЕМУ ОФФЕРУ)",,,https://hh.ru/vacancy/133744998?query=C%23+%D1%80%D0%B0%D0%B7%D1%80%D0%B0%D0%B1%D0%BE%D1%82%D1%87%D0%B8%D0%BA&hhtmFrom=vacancy_search_list
"Fullstack-разработчик (React, TypeScript, PostgreSQL, Supabase)",ООО Альянс строителей,Екатеринбург,Не указана,,,,"Обязанности:   анализ ошибок и локализация причин (frontend / backend / БД); - Документирование внесённых изменений. написание и поддержка функций и процедур PostgreSQL; поддержка и развитие функциональности на базе Supabase; исправление багов в React-компонентах, SQL-запросах и бизнес-логике; документирование внесённых изменений.  Требования:  уверенное знание HTML, CSS, TypeScript и React; опыт работы с PostgreSQL; уверенное написание и оптимизация SQL-запросов; понимание индексов, транзакций, оконных функций и CTE; опыт коммерческой backend-разработки (C#, Java, Go, Python, Node.js или аналогичные технологии). опыт разработки и поддержки Supabase Edge Functions (не обязательно, но приветствуется).  Условия:   трудоустройство по ТК РФ;     полная занятость;     возможность влиять на технические решения и развитие продукта;  возможность пересмотра роли и рост в компании при расширении команды.","уверенное знание HTML, CSS, TypeScript и React; опыт работы с PostgreSQL; уверенное написание и оптимизация SQL-запросов; понимание индексов, транзакций, оконных функций и CTE; опыт коммерческой backend-разработки (C#, Java, Go, Python, Node.js или аналогичные технологии). опыт разработки и поддержки Supabase Edge Functions (не обязательно, но приветствуется).  Условия:   трудоустройство по ТК РФ;     полная занятость;     возможность влиять на технические решения и развитие продукта;  возможность пересмотра роли и рост в компании при расширении команды.","анализ ошибок и локализация причин (frontend / backend / БД); - Документирование внесённых изменений. написание и поддержка функций и процедур PostgreSQL; поддержка и развитие функциональности на базе Supabase; исправление багов в React-компонентах, SQL-запросах и бизнес-логике; документирование внесённых изменений.  Требования:  уверенное знание HTML, CSS, TypeScript и React; опыт работы с PostgreSQL; уверенное написание и оптимизация SQL-запросов; понимание индексов, транзакций, оконных функций и CTE; опыт коммерческой backend-разработки (C#, Java, Go, Python, Node.js или аналогичные технологии). опыт разработки и поддержки Supabase Edge Functions (не обязательно, но приветствуется).  Условия:   трудоустройство по ТК РФ;     полная занятость;     возможность влиять на технические решения и развитие продукта;  возможность пересмотра роли и рост в компании при расширении команды.",,https://hh.ru/vacancy/134658583?query=C%23+%D1%80%D0%B0%D0%B7%D1%80%D0%B0%D0%B1%D0%BE%D1%82%D1%87%D0%B8%D0%BA&hhtmFrom=vacancy_search_list
Разработчик решений на платформе DirectumRX (ДЗО АЛРОСА ИТ),АЛРОСА.ИТ,Новосибирск,Не указана,,,,"Мы приглашаем на работу консультанта - аналитика технической поддержки решений на платформе DirectumRX в Центр компетенций ЕСМ систем. Что будет входить в ваши обязанности:   разработка (доработка) программных продуктов на платформе DirectumRX в рамках поддержки пользователей системы электронного хранилища документов АК «АЛРОСА» (ПАО); реализация запросов на изменение; анализ и оценка трудоемкости запросов; разработка, модифицирование объектов системы, консультирование пользователей, специалистов смежных направлений, взаимодействие с вендором, участие в проектах.   Мы предлагаем:  оформление в штат компании по ТК РФ, все условия трудоустройства прозрачные и честные; работа удаленно или в офисе, 50/50; уровень заработной платы зависит от ваших знаний и опыта, состоит из оклада и квартальных премий – обсуждается с успешными кандидатами; корпоративная программа ДМС (с стоматологией); возможность обучения за счет компании и карьерный рост; Комфортное рабочее место в центре города: Новосибирск  С Вашей стороны:  опыт разработки DirectumRX (C#); опыт модификации прикладных решений на платформе Sungero; опыт работы с git, сборка и публикация решений, отладка и рецензирование программного кода; реализация интеграций.  Ждем вашего отклика и желаем удачи на собеседовании! АЛРОСА – мировой лидер по добыче алмазов и единственная компания, которая объединяет полный цикл производства от поиска алмазных месторождений до огранки бриллиантов и продажи ювелирных изделий с ними. За более чем 65 лет своей истории мы преодолели огромный путь от одной геологической экспедиции до группы предприятий в разных городах России. Компания сочетает накопленную годами уникальную экспертизу и современные технологии, в том числе цифровые решения на производстве. Коллектив АЛРОСА – это более 30 тысяч профессионалов своего дела, каждому из которых мы предлагаем достойную оплату труда и соцпакет, возможности для развития и роста, уверенность в завтрашнем дне. АЛРОСА: Алмазный лидер. Стабильное будущее.",,"разработка (доработка) программных продуктов на платформе DirectumRX в рамках поддержки пользователей системы электронного хранилища документов АК «АЛРОСА» (ПАО); реализация запросов на изменение; анализ и оценка трудоемкости запросов; разработка, модифицирование объектов системы, консультирование пользователей, специалистов смежных направлений, взаимодействие с вендором, участие в проектах.   Мы предлагаем:  оформление в штат компании по ТК РФ, все условия трудоустройства прозрачные и честные; работа удаленно или в офисе, 50/50; уровень заработной платы зависит от ваших знаний и опыта, состоит из оклада и квартальных премий – обсуждается с успешными кандидатами; корпоративная программа ДМС (с стоматологией); возможность обучения за счет компании и карьерный рост; Комфортное рабочее место в центре города: Новосибирск  С Вашей стороны:  опыт разработки DirectumRX (C#); опыт модификации прикладных решений на платформе Sungero; опыт работы с git, сборка и публикация решений, отладка и рецензирование программного кода; реализация интеграций.  Ждем вашего отклика и желаем удачи на собеседовании! АЛРОСА – мировой лидер по добыче алмазов и единственная компания, которая объединяет полный цикл производства от поиска алмазных месторождений до огранки бриллиантов и продажи ювелирных изделий с ними. За более чем 65 лет своей истории мы преодолели огромный путь от одной геологической экспедиции до группы предприятий в разных городах России. Компания сочетает накопленную годами уникальную экспертизу и современные технологии, в том числе цифровые решения на производстве. Коллектив АЛРОСА – это более 30 тысяч профессионалов своего дела, каждому из которых мы предлагаем достойную оплату труда и соцпакет, возможности для развития и роста, уверенность в завтрашнем дне. АЛРОСА: Алмазный лидер. Стабильное будущее.",,https://hh.ru/vacancy/133792675?query=C%23+%D1%80%D0%B0%D0%B7%D1%80%D0%B0%D0%B1%D0%BE%D1%82%D1%87%D0%B8%D0%BA&hhtmFrom=vacancy_search_list
C#/.NET-разработчик,Т-Банк. ИТ. Разработка,Екатеринбург,Не указана,,,,".NET набирает популярность в Т‑Банке: еще недавно ею пользовались лишь несколько команд, а сейчас она на втором месте по количеству разработчиков. У нас профессиональная и дружная команда: мы проводим внутренние митапы, книжные и DDD-клубы, обмениваемся опытом. Регулярно участвуем в крупнейших конференциях: DotNext и других. Сейчас мы ищем разработчиков. Вот почему у нас хорошо: — Развиваем высокую культуру разработки и избавляемся от легаси-кода, большинство приложений уже в Kubernetes. — Даем свободу в аргументированном принятии решений и выборе технологий. — Помогаем расти: руководители заинтересованы в росте каждого. — Даем возможность развиваться: можно посещать конференции и обучаться за счет компании. — Предоставляем менторов: можно обратиться к ментору из фронтенд-команды и выучиться на фулстек-разработчика на Angular. Можно попробовать себя в роли тимлида, техлида, архитектора, SRE, аналитика и даже вернуться в разработку. — Чутко относимся к коллегам и не пытаемся сделать интровертов экстравертами. Мы используем .NET 6+, ASP.NET Core, PostgreSQL/MongoDB, Kafka, ClickHouse, Docker, Kubernetes и Gitlab. Работаем по Scrum и Kanban. Обязанности  Участвовать в разработке сервисов: платформы для удаленной работы сотрудников TWork, телефонии, биометрии, Т‑Бизнеса, Т‑Путешествий, Т‑Инвестиций, Т‑Страхования и других   Участвовать в полном цикле разработки проекта: Design → Develop → Test (Unit/Integration/API) → Deploy → Support  Требования  Есть опыт коммерческой разработки веб-приложений на платформе .NET от четырех лет Знаете принципы работы платформы .NET (Memory Management, async/await) Умеете работать с базами данных. В основном это PostgreSQL + Entity Framework Core, иногда встречается Dapper Есть опыт работы с одним из брокеров сообщений: RabbitMQ, Kafka или другими Умеете прописывать шаги для сборки, тестирования и деплоя своих приложений с одной из CI/CD-систем: TeamCity, Github Actions, Gitlab, Drone или другой Умеете писать легко поддерживаемый код и покрывать его Unit/Integration/API-тестами Умеете общаться с аналитиками и реализовывать их пожелания без ущерба для архитектуры проекта Опыт работы с микросервисной архитектурой будет плюсом Опыт работы с NoSQL базами данных (MongoDB, Redis, Elasticsearch и другими) будет плюсом Опыт работы с Docker / Docker Compose и умение собрать и запустить свое приложение в контейнере будет плюсом Опыт работы с Kubernetes будет плюсом  Мы предлагаем  Работу в офисе или гибридный формат — по договоренности с руководителем Платформу обучения и развития «Т‑Банк Апгрейд». Курсы, тренинги, вебинары и базы знаний. Поддержку менторов и наставников, помощь в поиске точек роста и карьерном развитии Линейку льготных тарифов на продукты Т‑Банка Комплексную программу заботы о здоровье. Оформим полис ДМС с широким покрытием и страховку от несчастных случаев. Предложим льготные условия страхования для ваших близких Частичную компенсацию затрат на спорт по окончании испытательного срока Компенсацию обедов и транспорта в дни посещения офиса Well-being-программу, которая помогает улучшить психологическое и физическое здоровье, а также разобраться с юридическими и финансовыми вопросами Три дополнительных дня отпуска в год Достойную зарплату — обсудим ее на собеседовании","разработчиков. Вот почему у нас хорошо: — Развиваем высокую культуру разработки и избавляемся от легаси-кода, большинство приложений уже в Kubernetes. — Даем свободу в аргументированном принятии решений и выборе технологий. — Помогаем расти: руководители заинтересованы в росте каждого. — Даем возможность развиваться: можно посещать конференции и обучаться за счет компании. — Предоставляем менторов: можно обратиться к ментору из фронтенд-команды и выучиться на фулстек-разработчика на Angular. Можно попробовать себя в роли тимлида, техлида, архитектора, SRE, аналитика и даже вернуться в разработку. — Чутко относимся к коллегам и не пытаемся сделать интровертов экстравертами. Мы используем .NET 6+, ASP.NET Core, PostgreSQL/MongoDB, Kafka, ClickHouse, Docker, Kubernetes и Gitlab. Работаем по Scrum и Kanban. Обязанности  Участвовать в разработке сервисов: платформы для удаленной работы сотрудников TWork, телефонии, биометрии, Т‑Бизнеса, Т‑Путешествий, Т‑Инвестиций, Т‑Страхования и других   Участвовать в полном цикле разработки проекта: Design → Develop → Test (Unit/Integration/API) → Deploy → Support  Требования  Есть опыт коммерческой разработки веб-приложений на платформе .NET от четырех лет Знаете принципы работы платформы .NET (Memory Management, async/await) Умеете работать с базами данных. В основном это PostgreSQL + Entity Framework Core, иногда встречается Dapper Есть опыт работы с одним из брокеров сообщений: RabbitMQ, Kafka или другими Умеете прописывать шаги для сборки, тестирования и деплоя своих приложений с одной из CI/CD-систем: TeamCity, Github Actions, Gitlab, Drone или другой Умеете писать легко поддерживаемый код и покрывать его Unit/Integration/API-тестами Умеете общаться с аналитиками и реализовывать их пожелания без ущерба для архитектуры проекта Опыт работы с микросервисной архитектурой будет плюсом Опыт работы с NoSQL базами данных (MongoDB, Redis, Elasticsearch и другими) будет плюсом Опыт работы с Docker / Docker Compose и умение собрать и запустить свое приложение в контейнере будет плюсом Опыт работы с Kubernetes будет плюсом  Мы предлагаем  Работу в офисе или гибридный формат — по договоренности с руководителем Платформу обучения и развития «Т‑Банк Апгрейд». Курсы, тренинги, вебинары и базы знаний. Поддержку менторов и наставников, помощь в поиске точек роста и карьерном развитии Линейку льготных тарифов на продукты Т‑Банка Комплексную программу заботы о здоровье. Оформим полис ДМС с широким покрытием и страховку от несчастных случаев. Предложим льготные условия страхования для ваших близких Частичную компенсацию затрат на спорт по окончании испытательного срока Компенсацию обедов и транспорта в дни посещения офиса Well-being-программу, которая помогает улучшить психологическое и физическое здоровье, а также разобраться с юридическими и финансовыми вопросами Три дополнительных дня отпуска в год Достойную зарплату — обсудим ее на собеседовании","Участвовать в разработке сервисов: платформы для удаленной работы сотрудников TWork, телефонии, биометрии, Т‑Бизнеса, Т‑Путешествий, Т‑Инвестиций, Т‑Страхования и других   Участвовать в полном цикле разработки проекта: Design → Develop → Test (Unit/Integration/API) → Deploy → Support  Требования  Есть опыт коммерческой разработки веб-приложений на платформе .NET от четырех лет Знаете принципы работы платформы .NET (Memory Management, async/await) Умеете работать с базами данных. В основном это PostgreSQL + Entity Framework Core, иногда встречается Dapper Есть опыт работы с одним из брокеров сообщений: RabbitMQ, Kafka или другими Умеете прописывать шаги для сборки, тестирования и деплоя своих приложений с одной из CI/CD-систем: TeamCity, Github Actions, Gitlab, Drone или другой Умеете писать легко поддерживаемый код и покрывать его Unit/Integration/API-тестами Умеете общаться с аналитиками и реализовывать их пожелания без ущерба для архитектуры проекта Опыт работы с микросервисной архитектурой будет плюсом Опыт работы с NoSQL базами данных (MongoDB, Redis, Elasticsearch и другими) будет плюсом Опыт работы с Docker / Docker Compose и умение собрать и запустить свое приложение в контейнере будет плюсом Опыт работы с Kubernetes будет плюсом  Мы предлагаем  Работу в офисе или гибридный формат — по договоренности с руководителем Платформу обучения и развития «Т‑Банк Апгрейд». Курсы, тренинги, вебинары и базы знаний. Поддержку менторов и наставников, помощь в поиске точек роста и карьерном развитии Линейку льготных тарифов на продукты Т‑Банка Комплексную программу заботы о здоровье. Оформим полис ДМС с широким покрытием и страховку от несчастных случаев. Предложим льготные условия страхования для ваших близких Частичную компенсацию затрат на спорт по окончании испытательного срока Компенсацию обедов и транспорта в дни посещения офиса Well-being-программу, которая помогает улучшить психологическое и физическое здоровье, а также разобраться с юридическими и финансовыми вопросами Три дополнительных дня отпуска в год Достойную зарплату — обсудим ее на собеседовании",,https://hh.ru/vacancy/131632053?query=C%23+%D1%80%D0%B0%D0%B7%D1%80%D0%B0%D0%B1%D0%BE%D1%82%D1%87%D0%B8%D0%BA&hhtmFrom=vacancy_search_list
Стажер QA automation C# [Timesheets],"""МТС"", Работа в IT",Москва,Не указана,,,,"МТС Web Services (MWS) — бигтех-компания, предоставляющая облачные, AI-сервисы и платформенные решения под разные задачи бизнеса: от работы с данными до разработки продуктов и оптимизации процессов. Также мы запустили новую публичную платформу собственной разработки — MWS Cloud Platform. Приглашаем студентов 3го и выше курсов бакалавриата, специалитета или магистратуры на любом курсе по ИТ-специальности на на стажировку по направлению QA automation C# в команду Timesheets. Это платформа для бюджетирования продуктов и визуализации штатного расписания. Чем предстоит заниматься:   писать и поддерживать автотесты (UI, API);   анализировать результаты прогонов, разбор падений;   заводить и оформлять баг-репорты;   проводить ручное тестирование при необходимости;   вести тестовую документацию;   изучать продукт и участвовать в командных активностях (Daily/PBR/Retro/Pl planning).   Что мы ожидаем от кандидата:   знание основ языка C#. Понимание базового синтаксиса: переменные, типы данных, условные операторы, циклы;   знакомство с основами ООП: классы, объекты, методы, свойства;   базовое понимание структуры HTML-документа (теги, атрибуты);   знакомство с CSS-селекторами (понимать, как они работают);   умение использовать инструменты разработчика в браузере (DevTools) для инспектирования элементов на странице;   понимание жизненного цикла разработки ПО;   знание ключевых понятий: тест-кейс, баг, регрессионное тестирование;   представление о том, что такое автоматизация тестирования и для чего она нужна;   понимание как происходит взаимодействие через API, GraphQL;   владение Postman.   Что мы предлагаем:  стажировку до 1 года для учащихся 3го и выше курсов бакалавриата, специалитета или магистратуры на любом курсе по ИТ-специальности; график работы 40 часов в неделю, возможность работать гибридно или удаленно; развитие в командах профессионалов; мобильная связь за счет компании; подписка на онлайн-кинотеатр KION, сервис МТС Музыка, книжный сервис Строки от МТС, безлимитные мессенджеры и соцсети; скидки от продуктов экосистемы МТС; непрерывное развитие — доступ к курсам и вебинарам корпоративного университета и онлайн-библиотеке.",,"писать и поддерживать автотесты (UI, API);   анализировать результаты прогонов, разбор падений;   заводить и оформлять баг-репорты;   проводить ручное тестирование при необходимости;   вести тестовую документацию;   изучать продукт и участвовать в командных активностях (Daily/PBR/Retro/Pl planning).   Что мы ожидаем от кандидата:   знание основ языка C#. Понимание базового синтаксиса: переменные, типы данных, условные операторы, циклы;   знакомство с основами ООП: классы, объекты, методы, свойства;   базовое понимание структуры HTML-документа (теги, атрибуты);   знакомство с CSS-селекторами (понимать, как они работают);   умение использовать инструменты разработчика в браузере (DevTools) для инспектирования элементов на странице;   понимание жизненного цикла разработки ПО;   знание ключевых понятий: тест-кейс, баг, регрессионное тестирование;   представление о том, что такое автоматизация тестирования и для чего она нужна;   понимание как происходит взаимодействие через API, GraphQL;   владение Postman.   Что мы предлагаем:  стажировку до 1 года для учащихся 3го и выше курсов бакалавриата, специалитета или магистратуры на любом курсе по ИТ-специальности; график работы 40 часов в неделю, возможность работать гибридно или удаленно; развитие в командах профессионалов; мобильная связь за счет компании; подписка на онлайн-кинотеатр KION, сервис МТС Музыка, книжный сервис Строки от МТС, безлимитные мессенджеры и соцсети; скидки от продуктов экосистемы МТС; непрерывное развитие — доступ к курсам и вебинарам корпоративного университета и онлайн-библиотеке.",,https://hh.ru/vacancy/134569498?query=C%23+%D1%80%D0%B0%D0%B7%D1%80%D0%B0%D0%B1%D0%BE%D1%82%D1%87%D0%B8%D0%BA&hhtmFrom=vacancy_search_list
Middle/Senior C# разработчик (.Net),Лига Ставок,Москва,Не указана,,,,"Стек: С#, .NET 10, EF Core, Docker, Kubernetes, GitLab, RabbitMQ, Kafka, Grafana ЧЕМ ПРЕДСТОИТ ЗАНИМАТЬСЯ  Разрабатывать и проектировать сервисы беттинговой платформы Контролировать технические решения Проводить CodeReview Взаимодействовать с аналитиками, тестировщиками и другими разработчиками  ЖДЕМ ОТ ТЕБЯ:  Глубокие знания платформы .NET, опыт backend разработки на C# Опыт работы с брокерами сообщения (RabbitMQ / Kafka - обязательно) Опыт разработки многопоточных приложений Опыт работы с ORM Опыт работы с Docker  БУДЕТ ПЛЮСОМ  Глубокое понимание EF Понимание микросервисной архитектуры Опыт работы с GitLab, k8s",,"Разрабатывать и проектировать сервисы беттинговой платформы Контролировать технические решения Проводить CodeReview Взаимодействовать с аналитиками, тестировщиками и другими разработчиками  ЖДЕМ ОТ ТЕБЯ:  Глубокие знания платформы .NET, опыт backend разработки на C# Опыт работы с брокерами сообщения (RabbitMQ / Kafka - обязательно) Опыт разработки многопоточных приложений Опыт работы с ORM Опыт работы с Docker  БУДЕТ ПЛЮСОМ  Глубокое понимание EF Понимание микросервисной архитектуры Опыт работы с GitLab, k8s",,https://hh.ru/vacancy/134144943?query=C%23+%D1%80%D0%B0%D0%B7%D1%80%D0%B0%D0%B1%D0%BE%D1%82%D1%87%D0%B8%D0%BA&hhtmFrom=vacancy_search_list
Senior разработчик C# ЦФА Хаб,МТС Банк. IT,Москва,Не указана,,,,"Компания ООО «Блокчейн Хаб» (часть экосистемы МТС) - разрабатывающая преимущественно финтех-продукты на базе блокчейн-технологий, в поиске Старшего разработчика C# в кросс-функциональную команду разработки (системные аналитики, разработчики, блокчейн, тестировщики) платформы ЦФА Хаб. ЦФА - платформа для выпуска и обращения цифровых финансовых активов, которая объединяет эмитентов и инвесторов. ООО «Блокчейн Хаб» входит в экосистему МТС. Компания в 2023 году включена Банком России в реестр операторов цифровых финансовых активов. Мы ищем профессионала с высоким уровнем самостоятельности, работоспособности, проактивности и ориентированного на достижение высоких результатов. Ты будешь:  анализировать требования к программному обеспечению разрабатывать технические спецификации на программные компоненты и их взаимодействие проектировать и разрабатывать функциональности программных приложений и интеграционных сервисов воспроизводить и исправлять ошибки в коде  Что для нас важно:  экспертное знание .NET Core / C# опыт коммерческой backend разработки от 5 лет опыт в разработке веб приложений asp.net webapi/mvc опыт работы с очередями опыт работы с ORM (EFCore) понимание DI и IoC уверенная работа с Postgres и/или MSSQL знание принципов построения и опыт разработки сервисов (rest, soap) опыт написания Unit-тестов  БУДЕТ ПЛЮСОМ:  опыт работы с RabbitMQ / Kafka; понимание принципов микросервисной архитектуры и умение применять эти знания на практике для проектирования микросервисов; опыт работы в распределенных командах и знание Agile-методологий (Scrum, Kanban, XP и др.).","профессионала с высоким уровнем самостоятельности, работоспособности, проактивности и ориентированного на достижение высоких результатов. Ты будешь:  анализировать требования к программному обеспечению разрабатывать технические спецификации на программные компоненты и их взаимодействие проектировать и разрабатывать функциональности программных приложений и интеграционных сервисов воспроизводить и исправлять ошибки в коде  Что для нас важно:  экспертное знание .NET Core / C# опыт коммерческой backend разработки от 5 лет опыт в разработке веб приложений asp.net webapi/mvc опыт работы с очередями опыт работы с ORM (EFCore) понимание DI и IoC уверенная работа с Postgres и/или MSSQL знание принципов построения и опыт разработки сервисов (rest, soap) опыт написания Unit-тестов  БУДЕТ ПЛЮСОМ:  опыт работы с RabbitMQ / Kafka; понимание принципов микросервисной архитектуры и умение применять эти знания на практике для проектирования микросервисов; опыт работы в распределенных командах и знание Agile-методологий (Scrum, Kanban, XP и др.).",,,https://hh.ru/vacancy/133263199?query=C%23+%D1%80%D0%B0%D0%B7%D1%80%D0%B0%D0%B1%D0%BE%D1%82%D1%87%D0%B8%D0%BA&hhtmFrom=vacancy_search_list
C#/.NET-разработчик (ПСБ Банк),ООО ИЦ АЙ-ТЕКО,Москва,Не указана,,,,"Компания ООО ИЦ «АЙ-ТЕКО» - ведущий российский системный интегратор и поставщик информационных технологий для корпоративных заказчиков. Активно действует на рынке IT России с 1997 года, входит в ТОП-400 крупнейших российских компаний, ТОП-10 крупнейших IT-компаний России. В связи с активным развитием проектов в компании открыта вакансия C#/.NET-разработчик на срочный трудовой договор до декабря. НАШИ ОЖИДАНИЯ ОТ КАНДИДАТА:  Законченное высшее образование (Важно); Опыт работы от 3х лет (Обязательно; Опыт разработки крупных высоконагруженных систем; Отличное знание C#; Опыт работы с MS SQL Server (T-SQL) или другими СУБД, оптимизации запросов, работы с большими объемами данных; Опыт разработки Web Api (REST); Умение применять IoC контейнеров в работе; Понимание архитектуры и технологий безопасности в корпоративных приложениях; Понимание принципов CI/CD Опыт работы с системами контроля версий (git); Опыт разработки и проектирования интернет-банков, знание банковских предметных областей; Навыки работы с системами управления жизненным циклом ПО (JIRA, Confluence); Приветствуется опыт работы в банковской сфере на кредитном направлении.  МЫ ПРЕДЛАГАЕМ:  Работу в стабильной компании, ""белую"" заработную плату; Оформление в соответствии с ТК РФ с первого дня работы; Формат работы: в городах - Москва, Санкт-Петербург, Самара, Ярославль, первый месяц офис, далее офис по необходимости; Расширенный социальный пакет: ДМС (включая стоматологию), корпоративные скидки на посещение фитнес-клубов, футбольная и волейбольная секции; Профессиональное обучение и развитие; Яркая и насыщенная корпоративная жизнь;  Снабжаем всей необходимой современной техникой: мощный ноут привезут прямо в день оформления.",,,,https://hh.ru/vacancy/134303137?query=C%23+%D1%80%D0%B0%D0%B7%D1%80%D0%B0%D0%B1%D0%BE%D1%82%D1%87%D0%B8%D0%BA&hhtmFrom=vacancy_search_list
Разработчик BPMSoft,Клиентоматика,Москва,Не указана,,,,"Клиентоматика – ИТ-консалтинговая компания, специализирующаяся на автоматизации процессов продаж, маркетинга и клиентского сервиса на базе ведущих отечественных CRM-решений (BPMSoft, Elma365, Mindbox, Bitrix24, HelpDeskEddy и другие). В решении задач наших клиентов мы используем только лучшие ИТ-практики, комплексный подход и передовые технологии. В связи с развитием проектов приглашаем Разработчика BPMSoft для участия в масштабных проектах по автоматизации маркетинга и клиентского сервиса в e-commerce и рознице. Обязанности:  Настройка бизнес-процессов в системе; Разработка модулей согласно ТЗ в системе BPMSoft (ex Terrasoft Creatio); Разработка и поддержка пользовательских интерфейсов и кастомизация системы CRM по бизнес требованиям; Разработка интеграционных web-сервисов.  Требования:  Высшее техническое образование; Опыт разработки на BPMSoft (ex Terrasoft Creatio) (от 2,5 лет); Желательно наличие действующего сертификата разработчика BPMSoft; Знание SQL, опыт работы в MS SQL или PostgreSQL; Знание JavaScript, опыт разработки веб-форм (от 2ух лет); Опыт разработки C#, .Net (Entity) (от 2ух лет); Желателен опыт работы с Git, Svn, Jira, Confluence; Опыт отладки серверного/клиентского кода; Умение работать с чужим кодом.  Мы предлагаем:  работу в современной компании, с высокотехнологичным продуктом интересные проекты в крупнейших компаниях российского рынка перспективы быстрого профессионального и карьерного роста внутри компании уровень дохода готовы обсуждать в зависимости от вашего опыта работы оформление по ТК РФ, график 5/2 с 09:00-18:00;  Обучение и развитие:  мы постоянно проводим обучения, где делимся своим опытом и экспертизой мы приглашаем ведущих преподавателей по отраслям для получения новых знаний, мы предоставляем возможность проходить обучение на таких площадках, как Skillbox, Luxoft.","Высшее техническое образование; Опыт разработки на BPMSoft (ex Terrasoft Creatio) (от 2,5 лет); Желательно наличие действующего сертификата разработчика BPMSoft; Знание SQL, опыт работы в MS SQL или PostgreSQL; Знание JavaScript, опыт разработки веб-форм (от 2ух лет); Опыт разработки C#, .Net (Entity) (от 2ух лет); Желателен опыт работы с Git, Svn, Jira, Confluence; Опыт отладки серверного/клиентского кода; Умение работать с чужим кодом.  Мы предлагаем:  работу в современной компании, с высокотехнологичным продуктом интересные проекты в крупнейших компаниях российского рынка перспективы быстрого профессионального и карьерного роста внутри компании уровень дохода готовы обсуждать в зависимости от вашего опыта работы оформление по ТК РФ, график 5/2 с 09:00-18:00;  Обучение и развитие:  мы постоянно проводим обучения, где делимся своим опытом и экспертизой мы приглашаем ведущих преподавателей по отраслям для получения новых знаний, мы предоставляем возможность проходить обучение на таких площадках, как Skillbox, Luxoft.","Настройка бизнес-процессов в системе; Разработка модулей согласно ТЗ в системе BPMSoft (ex Terrasoft Creatio); Разработка и поддержка пользовательских интерфейсов и кастомизация системы CRM по бизнес требованиям; Разработка интеграционных web-сервисов.  Требования:  Высшее техническое образование; Опыт разработки на BPMSoft (ex Terrasoft Creatio) (от 2,5 лет); Желательно наличие действующего сертификата разработчика BPMSoft; Знание SQL, опыт работы в MS SQL или PostgreSQL; Знание JavaScript, опыт разработки веб-форм (от 2ух лет); Опыт разработки C#, .Net (Entity) (от 2ух лет); Желателен опыт работы с Git, Svn, Jira, Confluence; Опыт отладки серверного/клиентского кода; Умение работать с чужим кодом.  Мы предлагаем:  работу в современной компании, с высокотехнологичным продуктом интересные проекты в крупнейших компаниях российского рынка перспективы быстрого профессионального и карьерного роста внутри компании уровень дохода готовы обсуждать в зависимости от вашего опыта работы оформление по ТК РФ, график 5/2 с 09:00-18:00;  Обучение и развитие:  мы постоянно проводим обучения, где делимся своим опытом и экспертизой мы приглашаем ведущих преподавателей по отраслям для получения новых знаний, мы предоставляем возможность проходить обучение на таких площадках, как Skillbox, Luxoft.",,https://hh.ru/vacancy/134498417?query=C%23+%D1%80%D0%B0%D0%B7%D1%80%D0%B0%D0%B1%D0%BE%D1%82%D1%87%D0%B8%D0%BA&hhtmFrom=vacancy_search_list
Senior .NET разработчик,АО Специализированный депозитарий ИНФИНИТУМ,Москва,Не указана,,,,"Мы - АО «Специализированный депозитарий «ИНФИНИТУМ» - крупнейшая компания, работающая со всеми участниками рынка коллективных инвестиций и лидер спецдепозитарных услуг в России.Мы активно переходим на следующую стадию развития наших продуктов и сервисов и ищем в нашу дружную команду талантливых разработчиков.   Основные задачи:  Проектирование и разработка архитектуры информационных систем, микросервисов, интеграционных сервисов. Написание автотестов. Исправление багов. Ревью кода. Написание технической документации. Участие во внедрении и сопровождении систем. Выработка предложений по рефакторингу, участие в создании и развитии внутренних стандартов и практик. Взаимодействие с бизнес-подразделением.  Стек:  .net 6, .net 8, C#. PostgreSQL Web API (REST, gRPC). Библиотеки - Quartz, Fluent Validation, Mediator, NLog, EntityFramework, Language Extensions. Kafka/RabbitMQ. Prometheus. Jenkins. Rancher (k3s)   Frontend: React, Figma, при необходимости Redux. Мониторинг: OpenSearch, Grafana. Сбор метрик: Prometheus. OC: Linux, Windows. Инструменты: YouTrack, eXpress, Confluence, Gitea.    Мы ждём от успешного кандидата:  Уверенное знание платформы .Net 6/.Net 8. Опыт разработки микросервисов. Опыт работы с БД (SQL и NoSQL). Знание уровней транзакций и изоляций данных. Опыт работы с брокерами сообщений Kafka/RabbitMQ. Будет плюсом опыт кастомизации Grafana. Уверенные навыки работы с ELK. Базовые знания CI/CD: Docker, Jenkins, GitFlow. Понимание и применение принципов ООП, SOLID, DRY, KISS. Понимание принципов проектирования многопоточных/асинхронных веб-приложений, включая отказоустойчивость, безопасность и производительность. Опыт настройки метрик с использованием Prometheus. Опыт разработки API для FE в тесной коммуникации с разработчиками FE. Коммуникабельность, открытость, дружелюбность.    Мы предлагаем:  Работу в стабильной, надежной компании, вот уже 25 лет уверенно сохраняющей позиции лидера на рынке в своей области. Удалённый (из любой точки РФ) или гибридный формат работы. Прекрасно оборудованные комфортабельные офисы в Москве и Санкт-Петербурге. Работа в аккредитованной IT компании (предоставляем бронь от мобилизации). Быстрое принятие решений по кандидатуре, мы проводим 1-2 встречи онлайн и в течение 2-3 дней даем обратную связь. Домашних заданий не высылаем, квесты не устраиваем. Все честно и прозрачно. График работы с понедельника по пятницу с 9:00 до 18:00, либо с 10:00 до 19:00. Официальная «белая» зарплата. Соц. пакет, ДМС. Оформление с первого рабочего дня, полное соблюдение ТК РФ. Отличные возможности для профессионального развития и самореализации. Насыщенная корпоративная жизнь.","от успешного кандидата:  Уверенное знание платформы .Net 6/.Net 8. Опыт разработки микросервисов. Опыт работы с БД (SQL и NoSQL). Знание уровней транзакций и изоляций данных. Опыт работы с брокерами сообщений Kafka/RabbitMQ. Будет плюсом опыт кастомизации Grafana. Уверенные навыки работы с ELK. Базовые знания CI/CD: Docker, Jenkins, GitFlow. Понимание и применение принципов ООП, SOLID, DRY, KISS. Понимание принципов проектирования многопоточных/асинхронных веб-приложений, включая отказоустойчивость, безопасность и производительность. Опыт настройки метрик с использованием Prometheus. Опыт разработки API для FE в тесной коммуникации с разработчиками FE. Коммуникабельность, открытость, дружелюбность.    Мы предлагаем:  Работу в стабильной, надежной компании, вот уже 25 лет уверенно сохраняющей позиции лидера на рынке в своей области. Удалённый (из любой точки РФ) или гибридный формат работы. Прекрасно оборудованные комфортабельные офисы в Москве и Санкт-Петербурге. Работа в аккредитованной IT компании (предоставляем бронь от мобилизации). Быстрое принятие решений по кандидатуре, мы проводим 1-2 встречи онлайн и в течение 2-3 дней даем обратную связь. Домашних заданий не высылаем, квесты не устраиваем. Все честно и прозрачно. График работы с понедельника по пятницу с 9:00 до 18:00, либо с 10:00 до 19:00. Официальная «белая» зарплата. Соц. пакет, ДМС. Оформление с первого рабочего дня, полное соблюдение ТК РФ. Отличные возможности для профессионального развития и самореализации. Насыщенная корпоративная жизнь.",,,https://hh.ru/vacancy/133452386?query=C%23+%D1%80%D0%B0%D0%B7%D1%80%D0%B0%D0%B1%D0%BE%D1%82%D1%87%D0%B8%D0%BA&hhtmFrom=vacancy_search_list
Middle C#/.NET Разработчик,"Rambler&Co Компания ""Афиша""",Москва,Не указана,,,,"«Компания Афиша» объединяет медиасервис Afisha.ru, информационное издание «Афиша Daily», фестиваль «Пикник “Афиши”», проект «Афиша-Рестораны», Eda.ru и мобильные приложения «Афиша». Сервис Афиша.Касса — это билетная платформа, которая обеспечивает покупку билетов на мероприятия внутри экосистемы Афиши и у партнёров. Чем предстоит заниматься:    Разработка и сопровождение группы приложений, обеспечивающих работу сервиса Афиша.Касса; Развитие существующего функционала и участие в создании нового; Работа с интеграциями (внутренние сервисы и партнёрские API); Участие в рефакторинге и улучшении legacy-кода; Исправление багов, оптимизация и повышение стабильности системы.  Что мы ждём от кандидатов:    Опыт разработки на C# / ASP.NET Core от 2 лет; Понимание принципов работы .NET; Знание SOLID и умение применять на практике; Опыт работы с ORM (Entity Framework / аналоги); Умение применять шаблоны проектирования; Опыт проектирования баз данных;  Понимание подходов DDD / CQRS.   Будет плюсом:    Опыт оптимизации SQL-запросов; Опыт написания unit-тестов; Опыт работы с RabbitMQ / GraphQL / ElasticSearch.  Наш стек: C# / .NET Core (3.1-6), ASP.NET Core, PostgreSQL, RabbitMQ, ElasticSearch, Docker, виртуальные машины, GitLab. Условия:  Официальное трудоустройство; ДМС со стоматологией, офисный врач, доплата больничного листа, корпоративные скидки; Современный офис (Даниловская мануфактура, м. Тульская), бесплатный спорт в собственном спортзале от «Лиги Героев»; Бесплатная подписка на сервисы партнеров; Полный день в офисе, гибридный график или 100% дистанционный формат работы; Льготные условия ипотеки в рамках зарплатного проекта; Насыщенная корпоративная жизнь.","от кандидатов:    Опыт разработки на C# / ASP.NET Core от 2 лет; Понимание принципов работы .NET; Знание SOLID и умение применять на практике; Опыт работы с ORM (Entity Framework / аналоги); Умение применять шаблоны проектирования; Опыт проектирования баз данных;  Понимание подходов DDD / CQRS.   Будет плюсом:    Опыт оптимизации SQL-запросов; Опыт написания unit-тестов; Опыт работы с RabbitMQ / GraphQL / ElasticSearch.  Наш стек: C# / .NET Core (3.1-6), ASP.NET Core, PostgreSQL, RabbitMQ, ElasticSearch, Docker, виртуальные машины, GitLab. Условия:  Официальное трудоустройство; ДМС со стоматологией, офисный врач, доплата больничного листа, корпоративные скидки; Современный офис (Даниловская мануфактура, м. Тульская), бесплатный спорт в собственном спортзале от «Лиги Героев»; Бесплатная подписка на сервисы партнеров; Полный день в офисе, гибридный график или 100% дистанционный формат работы; Льготные условия ипотеки в рамках зарплатного проекта; Насыщенная корпоративная жизнь.","Разработка и сопровождение группы приложений, обеспечивающих работу сервиса Афиша.Касса; Развитие существующего функционала и участие в создании нового; Работа с интеграциями (внутренние сервисы и партнёрские API); Участие в рефакторинге и улучшении legacy-кода; Исправление багов, оптимизация и повышение стабильности системы.  Что мы ждём от кандидатов:    Опыт разработки на C# / ASP.NET Core от 2 лет; Понимание принципов работы .NET; Знание SOLID и умение применять на практике; Опыт работы с ORM (Entity Framework / аналоги); Умение применять шаблоны проектирования; Опыт проектирования баз данных;  Понимание подходов DDD / CQRS.   Будет плюсом:    Опыт оптимизации SQL-запросов; Опыт написания unit-тестов; Опыт работы с RabbitMQ / GraphQL / ElasticSearch.  Наш стек: C# / .NET Core (3.1-6), ASP.NET Core, PostgreSQL, RabbitMQ, ElasticSearch, Docker, виртуальные машины, GitLab. Условия:  Официальное трудоустройство; ДМС со стоматологией, офисный врач, доплата больничного листа, корпоративные скидки; Современный офис (Даниловская мануфактура, м. Тульская), бесплатный спорт в собственном спортзале от «Лиги Героев»; Бесплатная подписка на сервисы партнеров; Полный день в офисе, гибридный график или 100% дистанционный формат работы; Льготные условия ипотеки в рамках зарплатного проекта; Насыщенная корпоративная жизнь.",,https://hh.ru/vacancy/134186798?query=C%23+%D1%80%D0%B0%D0%B7%D1%80%D0%B0%D0%B1%D0%BE%D1%82%D1%87%D0%B8%D0%BA&hhtmFrom=vacancy_search_list
Fullstack разработчик C#/.NET,ООО РТ-ИНФОРМ,Москва,Не указана,,,,"ООО «РТ-ИНФОРМ» - аккредитованная IT-компания, инфраструктурное, 100% дочернее Общество Госкорпорации «Ростех», занимается внедрением и развитием систем, направленных на формирование единого цифрового пространства ОПК. Обязанности:  Разработка и сопровождение программных решений в области автоматизации документооборота на базе платформы TESSA. Проведение анализа возможности реализации необходимых доработок, подготовка технического решения. Участие в качестве разработчика в разработке решений по автоматизации и оптимизации рабочих процессов в системе. Взаимодействие с аналитиками, архитектором, разработчиками в ходе выполнения задач. Тестирование разработанного функционала. Участие в сдаче задач функциональному заказчику, при необходимости. Разработка технической и сопроводительной документации на выполняемые доработки конфигурации системы. Выявление и устранение ошибок в существующем функционале, участие в работе технической поддержки как технического консультанта.  Требования:  Высшее техническое образование, желательно в области информационных технологий; Опыт работы от 2 лет в качестве разработчика с использованием технологий .Net/C#, PL/pgSQL, TypeScript, React; Умение самостоятельно проектировать оптимальную структуру метаданных и выполнять реализацию функционала по задаче. Умение быстро разбираться в чужом коде. Понимание сути клиент-серверной модели работы, ограничений и рекомендаций при разработке под тонкий клиент и Web-клиент. Хорошее знание языка запросов, правил соединений таблиц, механизма виртуальных таблиц, работы с итогами регистров, базовое понимание работы индексов и принципов их использования. Знание на базовом уровне правил написания оптимальных запросов, правил разработки для баз больших размеров, понимание механизма блокировок, сути транзакции.  Желательно: - Опыт в автоматизации задач документооборота - Опыт разработки СЭД на платформе TESSA Условия:  Работа в стабильной IT-компании, входящей в состав государственной корпорации ""РОСТЕХ""; Удаленно (центральные регионы России)/гибрид/офис, график работы 5/2 пн-чт с 9.30 до 18.30, пт 9.30-17.15 Оформление по ТК РФ с первого дня выхода на работу; Возможность прокачать свои навыки на реальных задачах и поднять свой уровень компетенций (плановое обучение и развитие сотрудника); Высокий внутренний и внешний темп жизни компании, скучно не будет - множество интересных и сложных проектов; Белая заработная плата: оклад + годовая премия; Возможность карьерного роста на экспертные позиции; ДМС после испытательного срока в лучших клиниках (включает стоматологию), кафетерий льгот, НПФ ГК Ростех; Возможность присоединиться к корпоративным спортивным командам компании (футбол/киберспорт).","Высшее техническое образование, желательно в области информационных технологий; Опыт работы от 2 лет в качестве разработчика с использованием технологий .Net/C#, PL/pgSQL, TypeScript, React; Умение самостоятельно проектировать оптимальную структуру метаданных и выполнять реализацию функционала по задаче. Умение быстро разбираться в чужом коде. Понимание сути клиент-серверной модели работы, ограничений и рекомендаций при разработке под тонкий клиент и Web-клиент. Хорошее знание языка запросов, правил соединений таблиц, механизма виртуальных таблиц, работы с итогами регистров, базовое понимание работы индексов и принципов их использования. Знание на базовом уровне правил написания оптимальных запросов, правил разработки для баз больших размеров, понимание механизма блокировок, сути транзакции.  Желательно: - Опыт в автоматизации задач документооборота - Опыт разработки СЭД на платформе TESSA Условия:  Работа в стабильной IT-компании, входящей в состав государственной корпорации ""РОСТЕХ""; Удаленно (центральные регионы России)/гибрид/офис, график работы 5/2 пн-чт с 9.30 до 18.30, пт 9.30-17.15 Оформление по ТК РФ с первого дня выхода на работу; Возможность прокачать свои навыки на реальных задачах и поднять свой уровень компетенций (плановое обучение и развитие сотрудника); Высокий внутренний и внешний темп жизни компании, скучно не будет - множество интересных и сложных проектов; Белая заработная плата: оклад + годовая премия; Возможность карьерного роста на экспертные позиции; ДМС после испытательного срока в лучших клиниках (включает стоматологию), кафетерий льгот, НПФ ГК Ростех; Возможность присоединиться к корпоративным спортивным командам компании (футбол/киберспорт).","Разработка и сопровождение программных решений в области автоматизации документооборота на базе платформы TESSA. Проведение анализа возможности реализации необходимых доработок, подготовка технического решения. Участие в качестве разработчика в разработке решений по автоматизации и оптимизации рабочих процессов в системе. Взаимодействие с аналитиками, архитектором, разработчиками в ходе выполнения задач. Тестирование разработанного функционала. Участие в сдаче задач функциональному заказчику, при необходимости. Разработка технической и сопроводительной документации на выполняемые доработки конфигурации системы. Выявление и устранение ошибок в существующем функционале, участие в работе технической поддержки как технического консультанта.  Требования:  Высшее техническое образование, желательно в области информационных технологий; Опыт работы от 2 лет в качестве разработчика с использованием технологий .Net/C#, PL/pgSQL, TypeScript, React; Умение самостоятельно проектировать оптимальную структуру метаданных и выполнять реализацию функционала по задаче. Умение быстро разбираться в чужом коде. Понимание сути клиент-серверной модели работы, ограничений и рекомендаций при разработке под тонкий клиент и Web-клиент. Хорошее знание языка запросов, правил соединений таблиц, механизма виртуальных таблиц, работы с итогами регистров, базовое понимание работы индексов и принципов их использования. Знание на базовом уровне правил написания оптимальных запросов, правил разработки для баз больших размеров, понимание механизма блокировок, сути транзакции.  Желательно: - Опыт в автоматизации задач документооборота - Опыт разработки СЭД на платформе TESSA Условия:  Работа в стабильной IT-компании, входящей в состав государственной корпорации ""РОСТЕХ""; Удаленно (центральные регионы России)/гибрид/офис, график работы 5/2 пн-чт с 9.30 до 18.30, пт 9.30-17.15 Оформление по ТК РФ с первого дня выхода на работу; Возможность прокачать свои навыки на реальных задачах и поднять свой уровень компетенций (плановое обучение и развитие сотрудника); Высокий внутренний и внешний темп жизни компании, скучно не будет - множество интересных и сложных проектов; Белая заработная плата: оклад + годовая премия; Возможность карьерного роста на экспертные позиции; ДМС после испытательного срока в лучших клиниках (включает стоматологию), кафетерий льгот, НПФ ГК Ростех; Возможность присоединиться к корпоративным спортивным командам компании (футбол/киберспорт).",,https://hh.ru/vacancy/134182167?query=C%23+%D1%80%D0%B0%D0%B7%D1%80%D0%B0%D0%B1%D0%BE%D1%82%D1%87%D0%B8%D0%BA&hhtmFrom=vacancy_search_list
Разработчик WebSoft (HCM практика),Axenix (ранее Accenture),Москва,Не указана,,,,"Компания Axenix (ранее Accenture) продолжает работу на российском рынке и аккумулирует 30-ти летний консалтинговый опыт внедрения инновационных решений. Наша экспертиза - стратегия и консалтинг, технологии и операции, направленные на цифровизацию бизнеса. В своей деятельности мы сочетаем обширные знания, опыт в различных отраслях и глубокое понимание специфики и возможностей российского бизнеса. Офисы компании находятся в Москве, Санкт-Петербурге, Твери, Ростове-на-Дону и Краснодаре, а также за рубежом в Ереване и Алматы. Помимо этого, у нас есть сотрудники, работающие удаленно из разных регионов. Сейчас приглашаем кандидатов в команду на роль Разработчик WebSoft Какие задачи вам предстоят:  Разработка серверной логики на SSJS; Написание SQL-скриптов для сложных отчетов и выгрузок.  Здорово, если у вас есть:  Опыт работы с SSJS (Server-Side JavaScript); Знание MS SQL; Опыт интеграции через REST API (с фронта и внешними системами); Знание WebSoft HCM (WebTutor) платформы; Опыт разработки на C# (желательно .NET Framework 4.x, т.к. SQL Server 2012); Опыт работы с Node.js; Знание TypeScript; Высшее образование.",,,,https://hh.ru/vacancy/134595980?query=C%23+%D1%80%D0%B0%D0%B7%D1%80%D0%B0%D0%B1%D0%BE%D1%82%D1%87%D0%B8%D0%BA&hhtmFrom=vacancy_search_list
Разработчик,ООО Зелинский и Розен парфюмерия,Москва,Не указана,,,,"Zielinski & Rozen — бренд нишевой парфюмерии, история которого начинается в 1905 году. История бренда — это одновременно история семьи. Сегодня Zielinski & Rozen возглавляет единственный парфюмер и идеолог Эрез Розен, продолжающий традиции своего прадеда — аптекаря, создававшего ароматы ещё в начале XX века. Обязанности:  Проектирование и реализация бизнес-логики на Python; Разработка приложений, сайтов и информационных систем; Разработка и поддержка модулей обмена с внешними системами (1С, ERP,WMS и т.п.) через REST API, WebSocket, CSV/Excel-импорт; Опыт взаимодействия с frontend-разработчиками: умение обсудить формат ответа API, чтобы минимизировать обработку на клиенте; Работа с базами данных: написание запросов, простые миграции; Поддержка CI/CD и контейнеризация; Составление документации; Code Review.  Требования:  Высшее или среднее специальное образование в ИТ – сфере; Знание методологий программирования, разработки приложений, web; Знание языков программирования Python, Java, PHP, Go, C#; Навыки настройки серверных ОС на базе Linux, и сопутствующего ПО; Знание средств контейнеризации (Docker); Знание программных интерфейсов (REST, GraphQL, gRPC) для взаимодействия с фронтендом и другими сервисами; Знание архитектуры систем хранения и обработки информации и возможности их взаимодействия БД; Знание особенностей реализации структуры данных и управления данными в установленной БД; Знание моделей и структуры данных, физические модели БД.  Условия:  Работа в команде профессионалов; Оформление по ТК РФ в штат компании; График работы 5/2, полный рабочий день; Уютный офис по адресу г. Москва, м. Площадь Ильича, ул. Самокатная 4, строение 6; Конкурентоспособная заработная плата; Персональные скидки на продукцию компании; Корпоративная мобильная связь; Программа Sport&Spa; Корпоративные спортивные, культурные и благотворительные мероприятия, в т.ч. предоставление пригласительных билетов в театры и музеи.","Высшее или среднее специальное образование в ИТ – сфере; Знание методологий программирования, разработки приложений, web; Знание языков программирования Python, Java, PHP, Go, C#; Навыки настройки серверных ОС на базе Linux, и сопутствующего ПО; Знание средств контейнеризации (Docker); Знание программных интерфейсов (REST, GraphQL, gRPC) для взаимодействия с фронтендом и другими сервисами; Знание архитектуры систем хранения и обработки информации и возможности их взаимодействия БД; Знание особенностей реализации структуры данных и управления данными в установленной БД; Знание моделей и структуры данных, физические модели БД.  Условия:  Работа в команде профессионалов; Оформление по ТК РФ в штат компании; График работы 5/2, полный рабочий день; Уютный офис по адресу г. Москва, м. Площадь Ильича, ул. Самокатная 4, строение 6; Конкурентоспособная заработная плата; Персональные скидки на продукцию компании; Корпоративная мобильная связь; Программа Sport&Spa; Корпоративные спортивные, культурные и благотворительные мероприятия, в т.ч. предоставление пригласительных билетов в театры и музеи.","Проектирование и реализация бизнес-логики на Python; Разработка приложений, сайтов и информационных систем; Разработка и поддержка модулей обмена с внешними системами (1С, ERP,WMS и т.п.) через REST API, WebSocket, CSV/Excel-импорт; Опыт взаимодействия с frontend-разработчиками: умение обсудить формат ответа API, чтобы минимизировать обработку на клиенте; Работа с базами данных: написание запросов, простые миграции; Поддержка CI/CD и контейнеризация; Составление документации; Code Review.  Требования:  Высшее или среднее специальное образование в ИТ – сфере; Знание методологий программирования, разработки приложений, web; Знание языков программирования Python, Java, PHP, Go, C#; Навыки настройки серверных ОС на базе Linux, и сопутствующего ПО; Знание средств контейнеризации (Docker); Знание программных интерфейсов (REST, GraphQL, gRPC) для взаимодействия с фронтендом и другими сервисами; Знание архитектуры систем хранения и обработки информации и возможности их взаимодействия БД; Знание особенностей реализации структуры данных и управления данными в установленной БД; Знание моделей и структуры данных, физические модели БД.  Условия:  Работа в команде профессионалов; Оформление по ТК РФ в штат компании; График работы 5/2, полный рабочий день; Уютный офис по адресу г. Москва, м. Площадь Ильича, ул. Самокатная 4, строение 6; Конкурентоспособная заработная плата; Персональные скидки на продукцию компании; Корпоративная мобильная связь; Программа Sport&Spa; Корпоративные спортивные, культурные и благотворительные мероприятия, в т.ч. предоставление пригласительных билетов в театры и музеи.",,https://hh.ru/vacancy/134281123?query=C%23+%D1%80%D0%B0%D0%B7%D1%80%D0%B0%D0%B1%D0%BE%D1%82%D1%87%D0%B8%D0%BA&hhtmFrom=vacancy_search_list
Разработчик C# (вкусно и точка),ООО ИЦ АЙ-ТЕКО,Москва,Не указана,,,,"Компания «АЙ-ТЕКО» — ведущий российский системный интегратор и поставщик информационных технологий для корпоративных заказчиков. Активно действует на рынке IT России с 1997 года, входит в ТОП-400 крупнейших российских компаний, ТОП-10 крупнейших IT-компаний России. В связи с активным развитием проектов в компании открыта вакансия Разработчик C# От кандидата ожидаем: - Опыт работы: от 3-х лет в коммерческой разработке с использованием C#.- Опыт разработки настольных приложений (Desktop) под Windows.- Знание и практический опыт работы с одним или несколькими фреймворками: -Avalonia UI, WPF, Windows Forms.- Опыт работы с использованием WCF.- Понимание принципов работы и опыт разработки Windows Services.- Умение работать с Legacy-кодом и готовность к работе с разными технологическими стекамив семействе.- Понимание взаимодействия REST, WSDL (SOAP).- Знание платформы .NET: уверенное владение .NET Framework 4.7+, .NET Standardи опыт работы с современными версиями .NET 10+.- Иметь представление о современных гибких методологиях разработкии жизненном цикле продукта.- Хорошие коммуникативные навыки, ориентированность на достижение результата. Будет плюсом:- Опыт работы с кассовым оборудованием (POS) и периферийными устройствами.- Опыт работы с Razor Engine.- Опыт работы с PostgreSQL или MS SQL Server.- Опыт разработки высоконагруженных отказоустойчивых систем.- Понимание принципов работы интерфейсов, эргономики. Наш стек:C#, .NET Framework 4.7+, .NET Standard, .NET 10+, Avalonia UI, WPF,Windows Forms, WCF, REST API, SOAP / WSDL, Windows Services, PostgreSQL, MS SQL Server Мы предлагаем:  Работу в стабильной компании, ""белую"" заработную плату; Оформление в соответствии с ТК РФ с первого дня работы; Расширенный социальный пакет: ДМС (включая стоматологию), корпоративные скидки на посещение фитнес-клубов, футбольная и волейбольная секции; Профессиональное обучение и развитие; Яркая и насыщенная корпоративная жизнь;  Снабжаем всей необходимой современной техникой.",,,,https://hh.ru/vacancy/134216444?query=C%23+%D1%80%D0%B0%D0%B7%D1%80%D0%B0%D0%B1%D0%BE%D1%82%D1%87%D0%B8%D0%BA&hhtmFrom=vacancy_search_list
Старший разработчик .Net,"Ренессанс cтрахование, Группа",Москва,Не указана,,,,"С 1997 года команда «Ренессанс страхование» помогает нашим клиентам — таким же людям, как и мы — в сложных ситуациях. Мы прошли путь от классической страховой компании до компании InsurTech, которая цифровизирует процессы на всем пути клиента и создает новые онлайн-сервисы и digital-продукты. Мы первыми на рынке страхования прошли полноценное IPO в октябре 2021 года! И впереди у нас большие планы, которые мы реализуем вместе с тобой.   В команде работают разработчики, аналитики, тестировщики, менеджер проекта и технический лидер — все, кто необходим для успешной реализации этого важного для компании проекта. Что нужно будет делать:  Создание высоконадежных и производительных приложений на .Net с использованием PostgreSQL и других СУБД. Участие в проектировании архитектуры микросервисов и интеграция с различными системами. Использование Elasticsearch для мониторинга и анализа данных. Настройка и поддержка пайплайнов на GitLab для обеспечения непрерывной интеграции и доставки.  Наш идеальный кандидат:  Уверенно владеет C# и знает экосистему .NET. Имеет опыт работы с PostgreSQL или другими СУБД. Понимание принципов микросервисной архитектуры. Имеет опыт работы с CI/CD, предпочтительно в GitLab.  Наши преимущества: Мы собираем команду, которая хочет менять устоявшиеся подходы и создавать новые тренды, тем самым трансформировать классическое страхование в InsureTech. Наши продукты помогают сделать мир безопаснее, и мы получаем живой отклик от наших клиентов, постоянно улучшая качество предоставляемого сервиса. «Ренессанс страхование» заботится о своих сотрудниках, ведь мы понимаем, что наши люди — ключевая движущая сила бизнеса. Мы будем рады, если ты присоединишься к нам. У нас здорово работать, потому что:  Мы развиваем InsurTech. Диджитализируем сервисы, чтобы упростить жизнь клиентам и изменить рынок. Делаем продукт, которым пользуются миллионы людей и мы сами. У нас сильная команда. Можно делиться знаниями и получать новые. Поддерживаем быстрый темп работы, не стоим месяцами на месте в ожидании согласования, внедряем Agile во все сферы бизнеса, не только в IT. Продвигаем инициативы без бюрократии: если ты найдешь неэффективный процесс, то всегда можешь залидировать его изменение. Закрепляем за каждым новичком бадди, который поддерживает и помогает быстрее адаптироваться. Подключаем ДМС и страховку от несчастного случая с 4 дня работы и предлагаем выбрать опции в кафетерии льгот на твой вкус. У нас есть система внутреннего обучения сотрудников, где ты можешь стать тренером-экспертом и помочь коллегам прокачать свои навыки. Постоянно обновляем корпоративную электронную библиотеку, у нас более 2000 книг для профессионального развития как хард, так и софт-скиллов.",,,,https://hh.ru/vacancy/134544479?query=C%23+%D1%80%D0%B0%D0%B7%D1%80%D0%B0%D0%B1%D0%BE%D1%82%D1%87%D0%B8%D0%BA&hhtmFrom=vacancy_search_list
Тестировщик (QA fullstack АТ на C#),Альфа-Банк. ИТ-специалисты,Москва,Не указана,,,,"Заказчик: внутреннее Казначейство Банка.Окружение: несколько продуктовых ИТ команд, каждая из которых реализует свой модуль-продукт в общей информационной платформе Казначейства.Команда сейчас состоит из 9 человек (1TL, 3SA, 2DEV-BACK, 1DEV-FRONT, 2QA).Проект: часть Платформы Казначейства, фокус сделан на разработке калькуляторов ставок для бизнесовых подразделений по юр.лицам. Чем предстоит заниматься  Разрабатывать автотесты Проводить функциональное, регрессионное, смоук, модульное и интеграционное тестирование в том числе через API и с использованием средств автоматизации В отдельных случаях проводить ручное тестирование с использованием различных инструментов: SOAP UI/Postman, SQL, Kibana Описывать дефекты, составлять багрепорты в Jira, следить за их исправлением Активно взаимодействовать с разработчиками, аналитиками и бизнесом по задачам Взаимодействовать со смежными командами Участвовать в совершенствовании процессов тестирования Анализировать и тестировать бизнес требования Разрабатывать и поддерживать актуальную тестовую документацию  Наши ожидания от кандидата  Опыт автоматизации тестирования на C# от 1 года Желание развиваться в автоматизации на C# с применением BDD подхода Умение проектировать тест-кейсы и готовить тестовые данные для тестирования Опыт тестирования API Опыт работы с SOAP, REST, SQL Практический опыт применения практик тест-дизайна Рабочие знания клиент-серверной архитектуры Опыт ручного тестирования от 1 года обязателен  Что мы предлагаем взамен  Стабильный и прозрачный доход: размер заработной платы обсуждается по итогам собеседования + квартальная премия по результатам KPI Гибкий график работы: вы сможете планировать время так, как удобно вам и вашей команде Полную удалёнку или гибрид на выбор, а также уютный ИТ-хаб в Москве, Санкт-Петербурге, Екатеринбурге и сезонный коворкинг в Сочи Сложные и интересные задачи, современный стек технологий Заботу о вашем здоровье: программа ДМС с первых дней работы, куда входит стоматология, обслуживание в лучших клиниках города, страхование и компенсация 10-ти дней больничного Возможность вертикального и горизонтального карьерного роста: регулярно проходят тренинги, вебинары, митапы и демо-дни Оплату посещения профильных конференций и курсов, помогаем с подготовкой к публичным выступлениям и написанием статей на Хабр Доступ к бесплатным корпоративным библиотекам Alpina Digital, МИФ и бизнес-изданий","Разрабатывать и поддерживать актуальную тестовую документацию  Наши ожидания от кандидата  Опыт автоматизации тестирования на C# от 1 года Желание развиваться в автоматизации на C# с применением BDD подхода Умение проектировать тест-кейсы и готовить тестовые данные для тестирования Опыт тестирования API Опыт работы с SOAP, REST, SQL Практический опыт применения практик тест-дизайна Рабочие знания клиент-серверной архитектуры Опыт ручного тестирования от 1 года обязателен  Что мы предлагаем взамен  Стабильный и прозрачный доход: размер заработной платы обсуждается по итогам собеседования + квартальная премия по результатам KPI Гибкий график работы: вы сможете планировать время так, как удобно вам и вашей команде Полную удалёнку или гибрид на выбор, а также уютный ИТ-хаб в Москве, Санкт-Петербурге, Екатеринбурге и сезонный коворкинг в Сочи Сложные и интересные задачи, современный стек технологий Заботу о вашем здоровье: программа ДМС с первых дней работы, куда входит стоматология, обслуживание в лучших клиниках города, страхование и компенсация 10-ти дней больничного Возможность вертикального и горизонтального карьерного роста: регулярно проходят тренинги, вебинары, митапы и демо-дни Оплату посещения профильных конференций и курсов, помогаем с подготовкой к публичным выступлениям и написанием статей на Хабр Доступ к бесплатным корпоративным библиотекам Alpina Digital, МИФ и бизнес-изданий","Разрабатывать автотесты Проводить функциональное, регрессионное, смоук, модульное и интеграционное тестирование в том числе через API и с использованием средств автоматизации В отдельных случаях проводить ручное тестирование с использованием различных инструментов: SOAP UI/Postman, SQL, Kibana Описывать дефекты, составлять багрепорты в Jira, следить за их исправлением Активно взаимодействовать с разработчиками, аналитиками и бизнесом по задачам Взаимодействовать со смежными командами Участвовать в совершенствовании процессов тестирования Анализировать и тестировать бизнес требования Разрабатывать и поддерживать актуальную тестовую документацию  Наши ожидания от кандидата  Опыт автоматизации тестирования на C# от 1 года Желание развиваться в автоматизации на C# с применением BDD подхода Умение проектировать тест-кейсы и готовить тестовые данные для тестирования Опыт тестирования API Опыт работы с SOAP, REST, SQL Практический опыт применения практик тест-дизайна Рабочие знания клиент-серверной архитектуры Опыт ручного тестирования от 1 года обязателен  Что мы предлагаем взамен  Стабильный и прозрачный доход: размер заработной платы обсуждается по итогам собеседования + квартальная премия по результатам KPI Гибкий график работы: вы сможете планировать время так, как удобно вам и вашей команде Полную удалёнку или гибрид на выбор, а также уютный ИТ-хаб в Москве, Санкт-Петербурге, Екатеринбурге и сезонный коворкинг в Сочи Сложные и интересные задачи, современный стек технологий Заботу о вашем здоровье: программа ДМС с первых дней работы, куда входит стоматология, обслуживание в лучших клиниках города, страхование и компенсация 10-ти дней больничного Возможность вертикального и горизонтального карьерного роста: регулярно проходят тренинги, вебинары, митапы и демо-дни Оплату посещения профильных конференций и курсов, помогаем с подготовкой к публичным выступлениям и написанием статей на Хабр Доступ к бесплатным корпоративным библиотекам Alpina Digital, МИФ и бизнес-изданий",,https://hh.ru/vacancy/134540011?query=C%23+%D1%80%D0%B0%D0%B7%D1%80%D0%B0%D0%B1%D0%BE%D1%82%D1%87%D0%B8%D0%BA&hhtmFrom=vacancy_search_list
Senior Backend-разработчик Golang,Каргономика,деревня Румянцево,Не указана,100000000.0,100000000.0,100000000.0,"О компанииКаргономика — IT-экосистема, снижающая себестоимость грузоперевозок. С 2007 года автоматизируем процессы и предлагаем лучшие цены, помогая транспортному бизнесу работать эффективнее. Мы активно растем и сейчас ищем опытного Backend-разработчика / Golang-разработчика в команду нашей цифровой логистической экосистемы на B2B-рынке. Предлагаем тебе возможность присоединиться к нашей продуктовой команде и работать над проектами, которыми будут пользоваться более чем 100 000 пользователей ежедневно. Твоя работа поможет нам изменить транспортно-логистический рынок и обеспечить нашим клиентам конкурентные преимущества через цифровизацию и автоматизацию бизнес-процессов. Наш стек: Golang, PostgreSQL, ClickHouse, Kafka, Swagger / OpenAPI, Grafana, Loki, Tempo, VictoriaMetrics, Kubernetes. В части сервисов также используется .NET-стэк: C#, ASP.NET Core, EF Core, LINQ. Обязанности:  Реализация продуктовых фичей по описанным User Story; Проектирование архитектуры приложений, сервисов и баз данных; Разработка и развитие backend-сервисов на Go; Поддержка и оптимизация существующего кода; Проведение ревью и рефакторинга кода; Внедрение новых технологий и инструментов для повышения гибкости, производительности и надежности архитектуры;  Требования:  Опыт продуктовой backend-разработки на Golang от 3 лет; Уверенный опыт коммерческой разработки на Golang; Понимание принципов построения микросервисной архитектуры; Опыт проектирования REST API, знание Swagger / OpenAPI; Опыт работы с PostgreSQL или другой реляционной БД; Опыт работы с брокерами сообщений: Kafka или аналогичными инструментами (NATS); Понимание подходов к observability: логирование, метрики, трассировка; Будет плюсом опыт работы с ClickHouse, Grafana, Loki, Tempo, VictoriaMetrics, Kubernetes; Активное использование ИИ-инструментов в разработке: Cursor, Claude Code, Codex и других; Опыт с .NET-стэком будет преимуществом, но не является обязательным: C#, ASP.NET Core 6+, EF Core, LINQ; Будет круто, если у тебя есть опыт в сфере логистики, GPS-мониторинга и/или личных кабинетов B2B.  Условия:  Оформление по ТК РФ, белая зарплата; Офисный формат работы, офис класса А+ в БЦ «ComCity» (рядом с метро); Зарплата по итогам технического собеседования; Рост не по году, а по уровню: Junior → Senior → Team Lead → Архитектор; Возможность пройти обучение от компании; ДМС премиум-класса, включая клинику К+31; Фитнес в здании или компенсация занятий.","Опыт продуктовой backend-разработки на Golang от 3 лет; Уверенный опыт коммерческой разработки на Golang; Понимание принципов построения микросервисной архитектуры; Опыт проектирования REST API, знание Swagger / OpenAPI; Опыт работы с PostgreSQL или другой реляционной БД; Опыт работы с брокерами сообщений: Kafka или аналогичными инструментами (NATS); Понимание подходов к observability: логирование, метрики, трассировка; Будет плюсом опыт работы с ClickHouse, Grafana, Loki, Tempo, VictoriaMetrics, Kubernetes; Активное использование ИИ-инструментов в разработке: Cursor, Claude Code, Codex и других; Опыт с .NET-стэком будет преимуществом, но не является обязательным: C#, ASP.NET Core 6+, EF Core, LINQ; Будет круто, если у тебя есть опыт в сфере логистики, GPS-мониторинга и/или личных кабинетов B2B.  Условия:  Оформление по ТК РФ, белая зарплата; Офисный формат работы, офис класса А+ в БЦ «ComCity» (рядом с метро); Зарплата по итогам технического собеседования; Рост не по году, а по уровню: Junior → Senior → Team Lead → Архитектор; Возможность пройти обучение от компании; ДМС премиум-класса, включая клинику К+31; Фитнес в здании или компенсация занятий.","Реализация продуктовых фичей по описанным User Story; Проектирование архитектуры приложений, сервисов и баз данных; Разработка и развитие backend-сервисов на Go; Поддержка и оптимизация существующего кода; Проведение ревью и рефакторинга кода; Внедрение новых технологий и инструментов для повышения гибкости, производительности и надежности архитектуры;  Требования:  Опыт продуктовой backend-разработки на Golang от 3 лет; Уверенный опыт коммерческой разработки на Golang; Понимание принципов построения микросервисной архитектуры; Опыт проектирования REST API, знание Swagger / OpenAPI; Опыт работы с PostgreSQL или другой реляционной БД; Опыт работы с брокерами сообщений: Kafka или аналогичными инструментами (NATS); Понимание подходов к observability: логирование, метрики, трассировка; Будет плюсом опыт работы с ClickHouse, Grafana, Loki, Tempo, VictoriaMetrics, Kubernetes; Активное использование ИИ-инструментов в разработке: Cursor, Claude Code, Codex и других; Опыт с .NET-стэком будет преимуществом, но не является обязательным: C#, ASP.NET Core 6+, EF Core, LINQ; Будет круто, если у тебя есть опыт в сфере логистики, GPS-мониторинга и/или личных кабинетов B2B.  Условия:  Оформление по ТК РФ, белая зарплата; Офисный формат работы, офис класса А+ в БЦ «ComCity» (рядом с метро); Зарплата по итогам технического собеседования; Рост не по году, а по уровню: Junior → Senior → Team Lead → Архитектор; Возможность пройти обучение от компании; ДМС премиум-класса, включая клинику К+31; Фитнес в здании или компенсация занятий.",,https://hh.ru/vacancy/134586249?query=C%23+%D1%80%D0%B0%D0%B7%D1%80%D0%B0%D0%B1%D0%BE%D1%82%D1%87%D0%B8%D0%BA&hhtmFrom=vacancy_search_list
Разработчик .Net,"ПАО Банк ПСБ, ИТ",Москва,Не указана,,,,"Ключевые задачи:  Участие в проекте разработки банковских продуктов и сервисов для физ.лиц Реализация и оптимизация многочисленных интеграций с внутренними и внешними системами Работа с СУБД (проектирование БД, оптимизация запросов и т.п.) Взаимодействие с заказчиками, аналитиками, тестировщиками в рамках scrum команды Оперативное исправление обнаруженных на этапе тестирования и эксплуатации ошибок  Что важно для нас:  Опыт работы от 4 лет со стеком технологий: C#, .net, .net core Опыт разработки крупных высоконагруженных систем Опыт работы с реляционными СУБД (Postgre, MSSQL, Oracle), оптимизации запросов, работы с большими объемами данных Опыт работы с ORM Entity Framework core, linq2db Опыт работы с технологией REST (web api) Написание unit тестов Умение применять IoC контейнеры в работе  Дополнительные требования:  Понимание архитектуры и технологий безопасности в корпоративных приложениях Понимание принципов CI/CD Опыт работы с RabbitMQ, Camunda, Kafka, OpenSearch, Kibana, LogStash, Vector, Jira, Confluence, GitLab; опыт работы в agile scrum командах  Что мы предлагаем:  Официальное оформление в соответствии с ТК РФ График работы: 5/2 (пн-чт с 09:00 до 18:00, пт до 16:45) Конкурентный уровень дохода Доплата к отпуску и больничному листу «Кафетерий льгот»: ДМС для работника и членов семьи, возмещение затрат на отдых, спортивные услуги, покупки на маркетплейсе «ПСБ Маркет» Дополнительные льготы при заключении брака и рождении детей Материальная поддержка в определенных жизненных ситуациях Бесплатная программа поддержки работников: юридические, финансовые и психологические консультации, помощь в бытовых вопросах, автопомощь, корпоративные скидки, профориентация детей работников Возможность профессионального развития и прохождения внутреннего и внешнего профессионального обучения Корпоративная паритетная пенсионная программа","Понимание архитектуры и технологий безопасности в корпоративных приложениях Понимание принципов CI/CD Опыт работы с RabbitMQ, Camunda, Kafka, OpenSearch, Kibana, LogStash, Vector, Jira, Confluence, GitLab; опыт работы в agile scrum командах  Что мы предлагаем:  Официальное оформление в соответствии с ТК РФ График работы: 5/2 (пн-чт с 09:00 до 18:00, пт до 16:45) Конкурентный уровень дохода Доплата к отпуску и больничному листу «Кафетерий льгот»: ДМС для работника и членов семьи, возмещение затрат на отдых, спортивные услуги, покупки на маркетплейсе «ПСБ Маркет» Дополнительные льготы при заключении брака и рождении детей Материальная поддержка в определенных жизненных ситуациях Бесплатная программа поддержки работников: юридические, финансовые и психологические консультации, помощь в бытовых вопросах, автопомощь, корпоративные скидки, профориентация детей работников Возможность профессионального развития и прохождения внутреннего и внешнего профессионального обучения Корпоративная паритетная пенсионная программа",,,https://hh.ru/vacancy/132549144?query=C%23+%D1%80%D0%B0%D0%B7%D1%80%D0%B0%D0%B1%D0%BE%D1%82%D1%87%D0%B8%D0%BA&hhtmFrom=vacancy_search_list
Разработчик SQL/ERP (junior),X5 Tech,"Красноярск, р-н Центральный",Не указана,,,,"X5 Tech - IT-компания и основной цифровой партнер торговых сетей и бизнесов X5 Group. Команда из более 5000 специалистов разрабатывает решения, которые помогают 372 тысячам сотрудников группы работать с максимальным технологическим комфортом, а миллионам покупателей быстро и удобно покупать свежие продукты.В отдел автоматизации на проект по интеграции Красного Яра открыта позиция разработчика.В нашей команде тебе предстоит:Развивать и поддерживать системы автоматизации Домино8 (компании СОФТ-ВЕСТ);Разрабатывать, тестировать и внедрять новый функционал программного обеспечения;Производить доработки программного обеспечения процессов компании по заявкам пользователей;Консультировать пользователей по работе программного обеспечения;Решать инциденты по работе программного обеспечения.Мы ждем тебя, если ты:Знаешь хотя бы один языка программирования (Java, Python, C# или др.);Умеешь составлять алгоритмы и писать техническую документацию;Умеешь писать SQL-запросы и оптимизировать их работу;Имеешь опыт работы с СУБД (MySQL,PostgreSQL,Oracle или др.).Условия:Официальное оформление с белой ЗП, премии по результатам работы;Работа в офисе по адресу г. Красноярск, улица Горького, 3К;График работы: 5/2, с 8:00 до 17:00;Широкий пакет ДМС (включая выезд за рубеж и стоматологию), страхование жизни и здоровья;Скидки в экосистеме бизнесов Х5 («Пятёрочка», «Перекрёсток», «Много лосося», «Перекресток Впрок»);Программа привилегий Prime-zone (скидки на товары и услуги и специальные предложения от компаний-партнёров).",,,,https://hh.ru/vacancy/134585797?query=C%23+%D1%80%D0%B0%D0%B7%D1%80%D0%B0%D0%B1%D0%BE%D1%82%D1%87%D0%B8%D0%BA&hhtmFrom=vacancy_search_list
TeamLead/Senior Backend developer (.Net/C#),Первый Бит,Санкт-Петербург,Не указана,,,,"GROTEM — IT-компания, которая помогает крупным FMCG-компаниям повышать эффективность продаж, дистрибуции и полевых команд за счет цифровых решений и AI.Мы ищем Senior developer’a с опытом TeamLead’а для участия в разработке на одном из существующих проектов в сфере FMCG - системы управления продажами для крупного производителя алкогольной и безалкогольной продукции. Проект уже взрослый и по-хорошему «тяжелый» — это классическое enterprise-легаси с богатой историей, глубокой доменной логикой и нетривиальными архитектурными решениями. Нашей системой пользуются более 2500 торговых представителей, более 1000 сотрудников Back-офиса Стек технологий проекта:  Backend: .Net Framework, .Net Core, .Net 6 Frontend: Angular JS, Angular, React JS Мобильное приложение: Flutter Архитектуры: несколько монолитов с распределенной БД База данных: MSSQL Логирование/Трассировка: Seq Брокер сообщений: RabbitMQ Авторизация и аутентификация: Собственный сервис аутентификация и авторизации, Keycloak Кеширование: Apache Ignite CI/CD: GitLab CI Сервис синхронизации: SyncFramework Чем предстоит заниматься: Как разработчик (70-50%):   Участие в рефакторинге и оптимизации системы   Участие в построении технического roadmap проекта   Проектирование, разбиение, оценка и реализация задач проекта на основе бизнес-требований (интеграции с внешними системами, реализация бизнес-процессов)   Принятие аргументированных технических решений   Поддержание и улучшения производительности, предложение и улучшение архитектурных решений и вопросов безопасности   Проведение код-ревью   Как TeamLead (30-50% ~8 человек)   Планирование спринтов/релизов совместно с РП и тех. архитектором   Контроль сроков выполнения задач, эскалации в случае накопления отставаний   Контроль загрузки команда, команда не простаивает   Координация поставки релизов командой   Решение конфликтов   Ведение оперативного плана   Наши ожидания   Опыт разработки на .Net/C# от 7+ лет   Опыт интеграции со сторонними сервиса   Опыт работы с большими данными   Hard Skills уверенное владение и глубокое понимание (на уровне могу обучить):   Архитектура: монолит, микросервисы   API/WEB: REST API, HTTP, SOAP, CORS, WebSockets (опционально: gRPC, GraphQL)   Базы данных: MSSQL, PostgreSQL, транзакции, опыт оптимизации и профилирования SQL запросов, Apache Ignite, (желательно: Redis)   ORM: Entity Framework, Dapper   Шины данных: RabbitMQ/Kafka   Безопасность: аутентификация и авторизация, OAuth2.0, ApiKey, защита от уязвимости и атаки - XCRF, DDoS, SQL-инъекции и т.п.   DevOps: настройка и понимание CI/CD, Docker и docker-compose, Kubernetes   Логирование и трассировка: Seq (желательно: ELK/Grafana)       Soft Skills:   Несет ответственность за реализуемую функциональность   Умение выстраивать процессы в рамках небольшой команды   Умение обучать и доносить сложные технические решения простым и понятным языком   Умение критически мыслить - уточнять неясности, предлагать улучшения, видеть слабые места   Умение проектировать несколько вариантов реализации и принимать решения учитывая бизнес-цели заказчика, а также сроки проекта   Будет плюсом:   наличие опыта работы в FMCG секторе       Будет плюсом:   Опыт миграции монолита в микросервисы   Умение рефакторить и модернизировать legacy код     Условия   Регулярные Demo дни и внутренние обучения в компании (будете в курсе всех проектов, а также узнаете что-то новое и сфер бизнеса/soft скилов)   Проведение аттестаций два раз в год (осень и весна)   Карьерный рост и развитие, мы стремимся развивать своих сотрудников, как в горизонтальном направлении (смежные стки), так и вертикальном (тех. лиды, ведущие разработчики стека и т.д.)   Стремимся внедрять AI инструменты в процесс разработки   Всегда готовы обсуждать внедрение и применение новых технологий, которые помогут нам сделать процесс разработки проще и улучшить качество выпускаемого продукта","Senior developer’a с опытом TeamLead’а для участия в разработке на одном из существующих проектов в сфере FMCG - системы управления продажами для крупного производителя алкогольной и безалкогольной продукции. Проект уже взрослый и по-хорошему «тяжелый» — это классическое enterprise-легаси с богатой историей, глубокой доменной логикой и нетривиальными архитектурными решениями. Нашей системой пользуются более 2500 торговых представителей, более 1000 сотрудников Back-офиса Стек технологий проекта:  Backend: .Net Framework, .Net Core, .Net 6 Frontend: Angular JS, Angular, React JS Мобильное приложение: Flutter Архитектуры: несколько монолитов с распределенной БД База данных: MSSQL Логирование/Трассировка: Seq Брокер сообщений: RabbitMQ Авторизация и аутентификация: Собственный сервис аутентификация и авторизации, Keycloak Кеширование: Apache Ignite CI/CD: GitLab CI Сервис синхронизации: SyncFramework Чем предстоит заниматься: Как разработчик (70-50%):   Участие в рефакторинге и оптимизации системы   Участие в построении технического roadmap проекта   Проектирование, разбиение, оценка и реализация задач проекта на основе бизнес-требований (интеграции с внешними системами, реализация бизнес-процессов)   Принятие аргументированных технических решений   Поддержание и улучшения производительности, предложение и улучшение архитектурных решений и вопросов безопасности   Проведение код-ревью   Как TeamLead (30-50% ~8 человек)   Планирование спринтов/релизов совместно с РП и тех. архитектором   Контроль сроков выполнения задач, эскалации в случае накопления отставаний   Контроль загрузки команда, команда не простаивает   Координация поставки релизов командой   Решение конфликтов   Ведение оперативного плана   Наши ожидания   Опыт разработки на .Net/C# от 7+ лет   Опыт интеграции со сторонними сервиса   Опыт работы с большими данными   Hard Skills уверенное владение и глубокое понимание (на уровне могу обучить):   Архитектура: монолит, микросервисы   API/WEB: REST API, HTTP, SOAP, CORS, WebSockets (опционально: gRPC, GraphQL)   Базы данных: MSSQL, PostgreSQL, транзакции, опыт оптимизации и профилирования SQL запросов, Apache Ignite, (желательно: Redis)   ORM: Entity Framework, Dapper   Шины данных: RabbitMQ/Kafka   Безопасность: аутентификация и авторизация, OAuth2.0, ApiKey, защита от уязвимости и атаки - XCRF, DDoS, SQL-инъекции и т.п.   DevOps: настройка и понимание CI/CD, Docker и docker-compose, Kubernetes   Логирование и трассировка: Seq (желательно: ELK/Grafana)       Soft Skills:   Несет ответственность за реализуемую функциональность   Умение выстраивать процессы в рамках небольшой команды   Умение обучать и доносить сложные технические решения простым и понятным языком   Умение критически мыслить - уточнять неясности, предлагать улучшения, видеть слабые места   Умение проектировать несколько вариантов реализации и принимать решения учитывая бизнес-цели заказчика, а также сроки проекта   Будет плюсом:   наличие опыта работы в FMCG секторе       Будет плюсом:   Опыт миграции монолита в микросервисы   Умение рефакторить и модернизировать legacy код     Условия   Регулярные Demo дни и внутренние обучения в компании (будете в курсе всех проектов, а также узнаете что-то новое и сфер бизнеса/soft скилов)   Проведение аттестаций два раз в год (осень и весна)   Карьерный рост и развитие, мы стремимся развивать своих сотрудников, как в горизонтальном направлении (смежные стки), так и вертикальном (тех. лиды, ведущие разработчики стека и т.д.)   Стремимся внедрять AI инструменты в процесс разработки   Всегда готовы обсуждать внедрение и применение новых технологий, которые помогут нам сделать процесс разработки проще и улучшить качество выпускаемого продукта","Как разработчик (70-50%):   Участие в рефакторинге и оптимизации системы   Участие в построении технического roadmap проекта   Проектирование, разбиение, оценка и реализация задач проекта на основе бизнес-требований (интеграции с внешними системами, реализация бизнес-процессов)   Принятие аргументированных технических решений   Поддержание и улучшения производительности, предложение и улучшение архитектурных решений и вопросов безопасности   Проведение код-ревью   Как TeamLead (30-50% ~8 человек)   Планирование спринтов/релизов совместно с РП и тех. архитектором   Контроль сроков выполнения задач, эскалации в случае накопления отставаний   Контроль загрузки команда, команда не простаивает   Координация поставки релизов командой   Решение конфликтов   Ведение оперативного плана   Наши ожидания   Опыт разработки на .Net/C# от 7+ лет   Опыт интеграции со сторонними сервиса   Опыт работы с большими данными   Hard Skills уверенное владение и глубокое понимание (на уровне могу обучить):   Архитектура: монолит, микросервисы   API/WEB: REST API, HTTP, SOAP, CORS, WebSockets (опционально: gRPC, GraphQL)   Базы данных: MSSQL, PostgreSQL, транзакции, опыт оптимизации и профилирования SQL запросов, Apache Ignite, (желательно: Redis)   ORM: Entity Framework, Dapper   Шины данных: RabbitMQ/Kafka   Безопасность: аутентификация и авторизация, OAuth2.0, ApiKey, защита от уязвимости и атаки - XCRF, DDoS, SQL-инъекции и т.п.   DevOps: настройка и понимание CI/CD, Docker и docker-compose, Kubernetes   Логирование и трассировка: Seq (желательно: ELK/Grafana)       Soft Skills:   Несет ответственность за реализуемую функциональность   Умение выстраивать процессы в рамках небольшой команды   Умение обучать и доносить сложные технические решения простым и понятным языком   Умение критически мыслить - уточнять неясности, предлагать улучшения, видеть слабые места   Умение проектировать несколько вариантов реализации и принимать решения учитывая бизнес-цели заказчика, а также сроки проекта   Будет плюсом:   наличие опыта работы в FMCG секторе       Будет плюсом:   Опыт миграции монолита в микросервисы   Умение рефакторить и модернизировать legacy код     Условия   Регулярные Demo дни и внутренние обучения в компании (будете в курсе всех проектов, а также узнаете что-то новое и сфер бизнеса/soft скилов)   Проведение аттестаций два раз в год (осень и весна)   Карьерный рост и развитие, мы стремимся развивать своих сотрудников, как в горизонтальном направлении (смежные стки), так и вертикальном (тех. лиды, ведущие разработчики стека и т.д.)   Стремимся внедрять AI инструменты в процесс разработки   Всегда готовы обсуждать внедрение и применение новых технологий, которые помогут нам сделать процесс разработки проще и улучшить качество выпускаемого продукта",,https://hh.ru/vacancy/132762570?query=C%23+%D1%80%D0%B0%D0%B7%D1%80%D0%B0%D0%B1%D0%BE%D1%82%D1%87%D0%B8%D0%BA&hhtmFrom=vacancy_search_list
Разработчик Directum RX,Акелон,Самара,Не указана,,,,"Более 17 лет мы помогаем российскому бизнесу проводить цифровые преобразования путем модернизации и интеграции ИТ-систем. Наши Заказчики — это самые крупные в России компании, лидеры в нефтегазовой отрасли, сфере быстрого питания, ритейла, а также банки и фармкомпании.Мы — аккредитованная ИТ компания, Генеральный партнер вендора ЕСМ системы DIRECTUM и лидеры по продажам и развитию системы среди партнеров. Мы приветствуем такие качества как: Проактивность, Экспертиза, Саморазвитие и Ответственность. Если это про Вас - ждем в Акелоне! Основной профиль нашей компании:  внедрение крупных бизнес-приложений; заказная разработка программных продуктов; поддержка и сопровождение ИТ-систем; обучение пользователей и ИТ-специалистов.  Сейчас мы ищем разработчика Directum RX в команду сопровождения проектов. Вам предстоит работать в команде, которая состоит из руководителя проекта, аналитиков-консультантов и разработчиков. Основные задачи:  Разработка решений на платформе .NET; Техническое проектирование решений и приложений; Доработка существующих решений и разработка новых функциональностей системы Directum RX; Консультационная поддержка.  Что мы ждем от Вас:  Высшее техническое образование;  Уверенное владение C#, знание .NET и платформы Sungero;  Понимание принципов работы реляционных БД, владение PL/SQL или T-SQL; Понимание принципов построения кода (ООП, шаблоны проектирования, SOLID и т.п.); Ответственность, последовательность, системный подход к решению поставленных задач; Приветствуется знание английского языка на техническом уровне.  Мы предлагаем:  Любой удобный Вам формат работы: офис (Москва/Самара), гибрид или полная удаленка; Конкурентную оплату и полностью официальное трудоустройство; Работу среди профессионалов, наша команда — одна из самых компетентных команд по внедрению ECM на российском рынке; Систему наставничества (наставник закрепляется за Вами на первые полгода работы); Индивидуальный план развития, позволяющий отслеживать свой карьерный трек в компании и повышать уровень своей заработной платы при переходе с грейда на грейд; Работу с компаниями — лидерами российского рынка, имеющими свои уникальные бизнес-процессы.  Бонусы:  Регулярные образовательные мероприятия, посещение митапов и конференций; Компенсация расходов на спорт и здоровье, психолога или курсы английского языка; Если выбираете работу в офисе, то Вас ждут еженедельные завтраки, вечера настолок, совместный просмотр кино на большом экране и другие крутые активности; Для удаленщиков у нас есть мерч, викторины, подарки и возможность посещать любой из офисов компании.  Этапы собеседований: Собеседование с HR; Тестовое задание + обратная связь по его выполнению; Финальная встреча с руководителями.","разработчика Directum RX в команду сопровождения проектов. Вам предстоит работать в команде, которая состоит из руководителя проекта, аналитиков-консультантов и разработчиков. Основные задачи:  Разработка решений на платформе .NET; Техническое проектирование решений и приложений; Доработка существующих решений и разработка новых функциональностей системы Directum RX; Консультационная поддержка.  Что мы ждем от Вас:  Высшее техническое образование;  Уверенное владение C#, знание .NET и платформы Sungero;  Понимание принципов работы реляционных БД, владение PL/SQL или T-SQL; Понимание принципов построения кода (ООП, шаблоны проектирования, SOLID и т.п.); Ответственность, последовательность, системный подход к решению поставленных задач; Приветствуется знание английского языка на техническом уровне.  Мы предлагаем:  Любой удобный Вам формат работы: офис (Москва/Самара), гибрид или полная удаленка; Конкурентную оплату и полностью официальное трудоустройство; Работу среди профессионалов, наша команда — одна из самых компетентных команд по внедрению ECM на российском рынке; Систему наставничества (наставник закрепляется за Вами на первые полгода работы); Индивидуальный план развития, позволяющий отслеживать свой карьерный трек в компании и повышать уровень своей заработной платы при переходе с грейда на грейд; Работу с компаниями — лидерами российского рынка, имеющими свои уникальные бизнес-процессы.  Бонусы:  Регулярные образовательные мероприятия, посещение митапов и конференций; Компенсация расходов на спорт и здоровье, психолога или курсы английского языка; Если выбираете работу в офисе, то Вас ждут еженедельные завтраки, вечера настолок, совместный просмотр кино на большом экране и другие крутые активности; Для удаленщиков у нас есть мерч, викторины, подарки и возможность посещать любой из офисов компании.  Этапы собеседований: Собеседование с HR; Тестовое задание + обратная связь по его выполнению; Финальная встреча с руководителями.",,,https://hh.ru/vacancy/133464751?query=C%23+%D1%80%D0%B0%D0%B7%D1%80%D0%B0%D0%B1%D0%BE%D1%82%D1%87%D0%B8%D0%BA&hhtmFrom=vacancy_search_list
.NET Разработчик,Т-Банк. ИТ. Разработка,"Пермь, р-н Свердловский",Не указана,,,,".NET стремительно набирает популярность в Т-Банке: по количеству разработчиков C# сейчас на втором месте (200+ человек), хотя еще пару лет назад было всего несколько команд. Экосистема компании довольно обширна, и разработка любого сервиса, даже внутреннего — челлендж.Наш стек: .NET 6+, ASP.NET Core, PostgreSQL/MongoDB, Kafka, ClickHouse, Docker, Kubernetes, Gitlab. Работаем по методологии Scrum / Kanban Вам предстоит  Принимать участие в разработке сервисов, помогающих экосистеме Т-Банка развиваться: платформа для удаленной работы сотрудников (TWork), Телефония, Биометрия, Т-Бизнес, Путешествия, Т-Инвестиции, Т-Страхование и другие проекты Участвовать в полном цикле разработки проекта: Design -> Develop -> Test (Unit / Integration / Api) -> Deploy -> Support  Что мы ожидаем от вас  Опыт коммерческой разработки Web-приложений на платформе .NET от 4 лет Хорошее знание основ платформы .NET (Memory Management, async/await) Опыт работы с базами данных (в основном используем PostgreSQL + Entity Framework Core, иногда встречается Dapper) Понимание и опыт работы с одним из брокеров сообщений (RabbitMQ, Kafka, и.т.п) Опыт написания шагов для сборки/тестирования/деплоя своих приложений с одной из CI/CD систем (TeamCity, Github Actions, Gitlab, Drone и т.п.) Умение писать легко поддерживаемый код и покрывать его Unit/Integration/Api-тестами Умение общаться с аналитиками и реализовывать их пожелания без ущерба для архитектуры проекта  Дополнительным плюсом будет  Опыт работы с микросервисной архитектурой Опыт работы с NoSQL базами данных (MongoDB, Redis, Elasticsearch и т.п.) Опыт работы с Docker/Docker Compose (собрать/запустить свое приложение в контейнере) Опыт работы с Kubernetes  Мы предлагаем  Гибридный режим работы: можно работать в уютном офисе или дома Платформу обучения и развития «Т-Банк Апгрейд». Курсы, тренинги, вебинары и базы знаний. Поддержку менторов и наставников, помощь в поиске точек роста и карьерном развитии Линейку льготных тарифов на продукты Т-Банка Заботу о здоровье. Оформим полис ДМС со стоматологией и страховку от несчастных случаев. Предложим льготное страхование вашим близким Частичную компенсацию затрат на спорт по окончании испытательного срока Компенсацию обедов и транспорта в дни посещения офиса Сервисы для поддержки сотрудника по психологическим, юридическим и финансовым вопросам Три дополнительных дня отпуска в год Достойную зарплату — обсудим ее на собеседовании",,,,https://hh.ru/vacancy/128931385?query=C%23+%D1%80%D0%B0%D0%B7%D1%80%D0%B0%D0%B1%D0%BE%D1%82%D1%87%D0%B8%D0%BA&hhtmFrom=vacancy_search_list
Middle+/Senior .NET C# разработчик,ООО Space App,Москва,Не указана,,,,"Ты давно перерос простые приложения и хочешь влиять на архитектуру, выбирать технологии и строить системы, которыми гордишься? Тогда тебе к нам! В Space App мы создаём не просто сайты, а настоящие IT-инструменты, которые меняют бизнес наших клиентов и двигают индустрию вперёд. Чем предстоит заниматься:  Проектировать высоконагруженные приложения с нуля Развивать существующие приложения Принимать архитектурные решения Участвовать в настройке observability систем Настройке CI/CD Написание технической документации  Что важно для нас:  Опыт разработки на C# от 5 лет Опыт проектирования систем с нуля Опыт переноса легаси на новый стек Опыт принятия архитектурных решений Опыт работы с docker, k8s Опыт работы с брокерами сообщений Kafka, RabbitMQ Продвинутый уровень знания SQL реляционной БД (PostgreSQL, MSSQL) Опыт построения процессов CI/CD Опыт поддержки и развития систем observability Опыт написания технической документации ADR, RFC  Условия и бонусы:  Удалённая работа Гибкий график (5/2, 8-часовой рабочий день) Оформление по ТК РФ Участие в собственных инновационных проектах компании Возможность влиять на выбор технологий и развитие продуктов Крутая атмосфера, обмен опытом и поддержка коллег  О компании Space App — команда, где каждый может реализовать свои амбиции. Мы объединяем экспертов, которые не боятся сложных вызовов и любят создавать эффективные решения.",,"Проектировать высоконагруженные приложения с нуля Развивать существующие приложения Принимать архитектурные решения Участвовать в настройке observability систем Настройке CI/CD Написание технической документации  Что важно для нас:  Опыт разработки на C# от 5 лет Опыт проектирования систем с нуля Опыт переноса легаси на новый стек Опыт принятия архитектурных решений Опыт работы с docker, k8s Опыт работы с брокерами сообщений Kafka, RabbitMQ Продвинутый уровень знания SQL реляционной БД (PostgreSQL, MSSQL) Опыт построения процессов CI/CD Опыт поддержки и развития систем observability Опыт написания технической документации ADR, RFC  Условия и бонусы:  Удалённая работа Гибкий график (5/2, 8-часовой рабочий день) Оформление по ТК РФ Участие в собственных инновационных проектах компании Возможность влиять на выбор технологий и развитие продуктов Крутая атмосфера, обмен опытом и поддержка коллег  О компании Space App — команда, где каждый может реализовать свои амбиции. Мы объединяем экспертов, которые не боятся сложных вызовов и любят создавать эффективные решения.",,https://hh.ru/vacancy/134040823?query=C%23+%D1%80%D0%B0%D0%B7%D1%80%D0%B0%D0%B1%D0%BE%D1%82%D1%87%D0%B8%D0%BA&hhtmFrom=vacancy_search_list
Разработчик Webtutor/Websoft HCM,ООО Транснефть-Технологии,Москва,Не указана,,,,"Транснефть-Технологии - корпоративный ИТ-интегратор, центр технической поддержки и сопровождения информационных систем для всех организаций в структуре «Транснефти». В связи с расширением, мы в поиске Разработчика. Стек:  MS SQL/PostgreSQL; JavaScript; HTML.  Вам предстоит:  Разрабатывать бизнес-логику системы (агенты, удаленные действия, коллекции, показатели); Создавать новые интерфейсы системы; Обращаться к базе данных системы, извлекать и модифицировать данные; Разрабатывать сложные отчеты, печатные формы, документообороты.  Мы ожидаем от Вас:  Высшее техническое образование; Опыт работы разработки Websoft HCM от 3 лет; Знание принципов администрирования Websoft HCM; Опыт интеграции СДО Webtutor/Websoft HCM с другими ИС; Системный подход при изучении многочисленных регламентов, инструкций и прочих документов и применение их положений на практике.  Мы предлагаем:  Возможность работать над сложными и значимыми проектами; Программы обучения и повышения квалификации за счет компании; Широкий социальный пакет: ДМС со стоматологией, компенсация спорта, компенсация санаторно-курортного лечения и отдыха и др.; Премии ко Дню нефтяника и к отпуску; График работы: с 09.00 до 18.00; пятница: до 16.45; Гибридный формат работы, офис 2 дня в неделю.",,,,https://hh.ru/vacancy/134447686?query=C%23+%D1%80%D0%B0%D0%B7%D1%80%D0%B0%D0%B1%D0%BE%D1%82%D1%87%D0%B8%D0%BA&hhtmFrom=vacancy_search_list
Разработчик С#,ЛОКО-БАНК,Москва,Не указана,,,,"Обязанности:   Backend разработка;   Предлагать варианты решения/автоматизации;   Помощь в оценке трудозатрат, необходимых для реализации;   Поддержка (3 линия) сервисов на продуктиве.     Требования:   Образование: Высшее (информационные технологии, банковская деятельность, финансы);   Опыт работы: в разработке информационных систем - от 3 лет. Желательно (но не обязательно) - в финтехе или банковской сфере;   Технические навыки:   .NET 5+ (в основном 8-10). Язык C# версии 9+ (в основном 12-14);   ASP .NET;   Знание микросервисной архитектуры;   Понимание проблем конкурентности, умение использовать async/await;   Понимание проблем связанных с безопасностью веб-приложений (OWASP Top Ten);   Понимание мониторинга на основе OpenTelemetry;   Понимание логирования Graylog;   Умение работать с хранилищем конфигураций Vault;   Знание REST API или брокера сообщений RabbitMQ, понимание проблем распределенных систем;   Знание Docker на Linux, окрестрации docker swarm;   Знание git;   Знание CI/CD Gitlab;   Знание Unit-тестирования XUnit;   Умение работать с БД ms sql, postgres, redis;   Умение работы с БД ADO .Net, entity framework (для работы с собственным базами сервисов);   Умение работать с планировщиком задач Hangfire. В некоторых сервисах встречается Quartz;   Знание инструментов: Jira, Confluence.   Условия:  Официальное трудоустройство и стабильная заработная плата; График работы 5/2, комфортный офис в современном бизнес-центре; Возможности профессионального и карьерного роста внутри банка; ДМС после испытательного срока.","Образование: Высшее (информационные технологии, банковская деятельность, финансы);   Опыт работы: в разработке информационных систем - от 3 лет. Желательно (но не обязательно) - в финтехе или банковской сфере;   Технические навыки:   .NET 5+ (в основном 8-10). Язык C# версии 9+ (в основном 12-14);   ASP .NET;   Знание микросервисной архитектуры;   Понимание проблем конкурентности, умение использовать async/await;   Понимание проблем связанных с безопасностью веб-приложений (OWASP Top Ten);   Понимание мониторинга на основе OpenTelemetry;   Понимание логирования Graylog;   Умение работать с хранилищем конфигураций Vault;   Знание REST API или брокера сообщений RabbitMQ, понимание проблем распределенных систем;   Знание Docker на Linux, окрестрации docker swarm;   Знание git;   Знание CI/CD Gitlab;   Знание Unit-тестирования XUnit;   Умение работать с БД ms sql, postgres, redis;   Умение работы с БД ADO .Net, entity framework (для работы с собственным базами сервисов);   Умение работать с планировщиком задач Hangfire. В некоторых сервисах встречается Quartz;   Знание инструментов: Jira, Confluence.   Условия:  Официальное трудоустройство и стабильная заработная плата; График работы 5/2, комфортный офис в современном бизнес-центре; Возможности профессионального и карьерного роста внутри банка; ДМС после испытательного срока.","Backend разработка;   Предлагать варианты решения/автоматизации;   Помощь в оценке трудозатрат, необходимых для реализации;   Поддержка (3 линия) сервисов на продуктиве.     Требования:   Образование: Высшее (информационные технологии, банковская деятельность, финансы);   Опыт работы: в разработке информационных систем - от 3 лет. Желательно (но не обязательно) - в финтехе или банковской сфере;   Технические навыки:   .NET 5+ (в основном 8-10). Язык C# версии 9+ (в основном 12-14);   ASP .NET;   Знание микросервисной архитектуры;   Понимание проблем конкурентности, умение использовать async/await;   Понимание проблем связанных с безопасностью веб-приложений (OWASP Top Ten);   Понимание мониторинга на основе OpenTelemetry;   Понимание логирования Graylog;   Умение работать с хранилищем конфигураций Vault;   Знание REST API или брокера сообщений RabbitMQ, понимание проблем распределенных систем;   Знание Docker на Linux, окрестрации docker swarm;   Знание git;   Знание CI/CD Gitlab;   Знание Unit-тестирования XUnit;   Умение работать с БД ms sql, postgres, redis;   Умение работы с БД ADO .Net, entity framework (для работы с собственным базами сервисов);   Умение работать с планировщиком задач Hangfire. В некоторых сервисах встречается Quartz;   Знание инструментов: Jira, Confluence.   Условия:  Официальное трудоустройство и стабильная заработная плата; График работы 5/2, комфортный офис в современном бизнес-центре; Возможности профессионального и карьерного роста внутри банка; ДМС после испытательного срока.",,https://hh.ru/vacancy/132067905?query=C%23+%D1%80%D0%B0%D0%B7%D1%80%D0%B0%D0%B1%D0%BE%D1%82%D1%87%D0%B8%D0%BA&hhtmFrom=vacancy_search_list
Разработчик .Net,Bell Integrator,Москва,Не указана,,,,"Проект: ""Дейли Банкинг"" включает в себя развитие и поддержку продуктов платежей и переводов в ДБО (Мобильный банк и Интернетбанк): - платежи: ЖКХ, мобильной связи, интернета, электронных кошельков, бюджетный, штрафы, налоги и многое другое.- переводы: Р2Р, по номеру карты и телефона, по реквизитам тв адрес ФЛ и ЮЛ, за рубеж и многое другое. Требования:    От 6-7 лет со стеком технологий: C#, .Net Core, .Net Framework, MS SQL, Kafka, PostgreSQL   Законченное высшее   Опыт работы с MS SQL Server (T-SQL) или другими СУБД   Понимание принципов CI/CD   Опыт работы с системами контроля версий (git)   Опыт разработки Web Api (RESTful, применение IoC контейнеров в работе)   Понимание архитектуры и технологий безопасности в корпоративных приложениях   Опыт оптимизации запросов, работы с большими объемами данных   Опыт разработки крупных высоконагруженных систем   Опыт разработки и проектирования интернет-банков, знание банковских предметных областей   Опыт работы с микросервисной архитектурой   Обязанности:  - Развитие и поддержка продуктов ДБО Условия: - Возможность профессионального и карьерного роста в компании, возможность поучаствовать в разных проектах; - Опыт работы в распределенной команде профессионалов; - Уровень заработной платы обсуждается индивидуально; - Возможность работать в гибридном формате г.Москва ул.Стромынка, д. 18, стр. 27 ( первые 2-3 недели), далее обсуждается удаленка.","От 6-7 лет со стеком технологий: C#, .Net Core, .Net Framework, MS SQL, Kafka, PostgreSQL   Законченное высшее   Опыт работы с MS SQL Server (T-SQL) или другими СУБД   Понимание принципов CI/CD   Опыт работы с системами контроля версий (git)   Опыт разработки Web Api (RESTful, применение IoC контейнеров в работе)   Понимание архитектуры и технологий безопасности в корпоративных приложениях   Опыт оптимизации запросов, работы с большими объемами данных   Опыт разработки крупных высоконагруженных систем   Опыт разработки и проектирования интернет-банков, знание банковских предметных областей   Опыт работы с микросервисной архитектурой   Обязанности:  - Развитие и поддержка продуктов ДБО Условия: - Возможность профессионального и карьерного роста в компании, возможность поучаствовать в разных проектах; - Опыт работы в распределенной команде профессионалов; - Уровень заработной платы обсуждается индивидуально; - Возможность работать в гибридном формате г.Москва ул.Стромынка, д. 18, стр. 27 ( первые 2-3 недели), далее обсуждается удаленка.","- Развитие и поддержка продуктов ДБО Условия: - Возможность профессионального и карьерного роста в компании, возможность поучаствовать в разных проектах; - Опыт работы в распределенной команде профессионалов; - Уровень заработной платы обсуждается индивидуально; - Возможность работать в гибридном формате г.Москва ул.Стромынка, д. 18, стр. 27 ( первые 2-3 недели), далее обсуждается удаленка.",,https://hh.ru/vacancy/134272837?query=C%23+%D1%80%D0%B0%D0%B7%D1%80%D0%B0%D0%B1%D0%BE%D1%82%D1%87%D0%B8%D0%BA&hhtmFrom=vacancy_search_list
Backend-разработчик,Cheil Russia,Москва,Не указана,,,,"Международная сеть Cheil – это 50 рекламных агентств, созданных для работы в мире, который не стоит на месте. Специалисты Cheil - это эксперты в области бренд-коммуникаций, диджитал, розничных сетей, инноваций и дизайна.   Наша команда в поисках Backend-разработчика.   Работа преимущественно в офисе, возможен гибридный график работы, полностью удаленно не рассматриваем.   Основные технические навыки:   C# (.NET Core/.NET 6+)   ASP.NET Core/WebAPI   Entity Framework Core   SQL Server/Azure SQL   REST API   Microservices architecture   БД и хранение:   Реляционные базы данных (SQL Server)   NoSQL решения (Cosmos DB)   ORM системы   Оптимизация запросов   Индексирование   Бэкапы и репликация   Архитектура и проектирование:   DDD (Domain Driven Design)   Clean Architecture   Микросервисная архитектура   API design  Patterns проектирования  CI/CD pipelines   DevOps и инфраструктура:   Docker/Kubernetes   Azure Services   Monitoring и logging   Performance optimization   Security best practices   Version control systems (Git)   Задачи:   проектирование и разработка новых сервисов   написание интеграционных обменов с внутренними сервисами компании   разработка и согласование решений с frontend разработчиками   взаимодействие с аналитиками, проектирование технических решений   декомпозиция и оценка задач   подготовка технической документации     Требования:  релевантное образование  опыт 5-10 лет   английский Intermediate   самостоятельность   Что мы предлагаем:  проекты с крупным международным брендом офис в центре Москвы гибридный график работы (удаленный график не рассматриваем) ДМС после испытательного срока официальное оформление по ТК РФ компенсация обедов и мобильной связи программа корпоративных привилегий Prime Zone доступ к профессиональной онлайн библиотеке МИФ",релевантное образование  опыт 5-10 лет   английский Intermediate   самостоятельность   Что мы предлагаем:  проекты с крупным международным брендом офис в центре Москвы гибридный график работы (удаленный график не рассматриваем) ДМС после испытательного срока официальное оформление по ТК РФ компенсация обедов и мобильной связи программа корпоративных привилегий Prime Zone доступ к профессиональной онлайн библиотеке МИФ,,,https://hh.ru/vacancy/134249851?query=C%23+%D1%80%D0%B0%D0%B7%D1%80%D0%B0%D0%B1%D0%BE%D1%82%D1%87%D0%B8%D0%BA&hhtmFrom=vacancy_search_list
Руководитель команды разработки C#,Правительство Москвы,Москва,Не указана,,,,"Работа в Правительстве Москвы — это возможность делать наш город современнее и удобнее. Если ты тоже неравнодушен к Москве, хочешь развивать ее и развиваться сам, присоединяйся к нашей команде! Обязанности:  Формировать, развивать и эффективно управлять командой разработчиков: распределять нагрузку, ставить и приоритизировать задачи, контролировать сроки и качество их выполнения Отвечать за техническое состояние продукта: обеспечивать стабильность, производительность и масштабируемость решений  Требования:  Опыт руководства командой разработчиков: планирование, постановка задач, контроль выполнения, проведение код-ревью Опыт участия в подборе и адаптации новых членов команды Глубокое понимание принципов ООП, SOLID, DRY, KISS, YAGNI Опыт проектирования и реализации микросервисной и/или модульной монолитной архитектуры Знание шаблонов проектирования (GoF) и умение применять их на практике. Понимание жизненного цикла ПО и методологий разработки (Agile/Scrum/Kanban). Свободное владение C# 8.0-12+ (включая новейшие функции) Глубокое понимание и опыт использования:  Async/Await, TAP LINQ, Expression Trees Memory management, Garbage Collector Threading, Parallel, Concurrent Collections, TPL Dataflow   Понимание источников утечек памяти и умение их находить и устранять Рефлексия, Emit, Source Generators — понимание и практическое применение ASP.NET Core: глубокое знание жизненного цикла запроса, middleware, dependency injection, конфигурации, аутентификации и авторизации (JWT, OAuth2, Identity) Entity Framework Core: продвинутое владение (модели, миграции, производительность, IQueryable vs IEnumerable, raw SQL, компилированные запросы) Знание фреймворков для юнит и интеграционного тестирования Опыт работы с PostgreSQL Опыт работы с очередями и брокерами сообщений (RabbitMQ, Apache Kafka) Знание кэширования Навыки работы с контейнеризацией (Docker) и оркестрацией (Kubernetes) — как сильное преимущество.  Условия:  Пятидневная рабочая неделя: гибкое начало дня, удаленный формат работы  Аккредитованная ИТ-компания   Комфортный пакет ДМС   Возмещение спорта   Увеличенное количество дней отпуска   Значимая роль в команде экспертов, в которой коллеги всегдаподдерживают друг друга   Развивающие задачи и карьерные вызовы, реальные возможности дляроста  Развитая корпоративная культура: постоянные корпроративные обучения, мероприятия, онбординг","Опыт руководства командой разработчиков: планирование, постановка задач, контроль выполнения, проведение код-ревью Опыт участия в подборе и адаптации новых членов команды Глубокое понимание принципов ООП, SOLID, DRY, KISS, YAGNI Опыт проектирования и реализации микросервисной и/или модульной монолитной архитектуры Знание шаблонов проектирования (GoF) и умение применять их на практике. Понимание жизненного цикла ПО и методологий разработки (Agile/Scrum/Kanban). Свободное владение C# 8.0-12+ (включая новейшие функции) Глубокое понимание и опыт использования:  Async/Await, TAP LINQ, Expression Trees Memory management, Garbage Collector Threading, Parallel, Concurrent Collections, TPL Dataflow   Понимание источников утечек памяти и умение их находить и устранять Рефлексия, Emit, Source Generators — понимание и практическое применение ASP.NET Core: глубокое знание жизненного цикла запроса, middleware, dependency injection, конфигурации, аутентификации и авторизации (JWT, OAuth2, Identity) Entity Framework Core: продвинутое владение (модели, миграции, производительность, IQueryable vs IEnumerable, raw SQL, компилированные запросы) Знание фреймворков для юнит и интеграционного тестирования Опыт работы с PostgreSQL Опыт работы с очередями и брокерами сообщений (RabbitMQ, Apache Kafka) Знание кэширования Навыки работы с контейнеризацией (Docker) и оркестрацией (Kubernetes) — как сильное преимущество.  Условия:  Пятидневная рабочая неделя: гибкое начало дня, удаленный формат работы  Аккредитованная ИТ-компания   Комфортный пакет ДМС   Возмещение спорта   Увеличенное количество дней отпуска   Значимая роль в команде экспертов, в которой коллеги всегдаподдерживают друг друга   Развивающие задачи и карьерные вызовы, реальные возможности дляроста  Развитая корпоративная культура: постоянные корпроративные обучения, мероприятия, онбординг","Формировать, развивать и эффективно управлять командой разработчиков: распределять нагрузку, ставить и приоритизировать задачи, контролировать сроки и качество их выполнения Отвечать за техническое состояние продукта: обеспечивать стабильность, производительность и масштабируемость решений  Требования:  Опыт руководства командой разработчиков: планирование, постановка задач, контроль выполнения, проведение код-ревью Опыт участия в подборе и адаптации новых членов команды Глубокое понимание принципов ООП, SOLID, DRY, KISS, YAGNI Опыт проектирования и реализации микросервисной и/или модульной монолитной архитектуры Знание шаблонов проектирования (GoF) и умение применять их на практике. Понимание жизненного цикла ПО и методологий разработки (Agile/Scrum/Kanban). Свободное владение C# 8.0-12+ (включая новейшие функции) Глубокое понимание и опыт использования:  Async/Await, TAP LINQ, Expression Trees Memory management, Garbage Collector Threading, Parallel, Concurrent Collections, TPL Dataflow   Понимание источников утечек памяти и умение их находить и устранять Рефлексия, Emit, Source Generators — понимание и практическое применение ASP.NET Core: глубокое знание жизненного цикла запроса, middleware, dependency injection, конфигурации, аутентификации и авторизации (JWT, OAuth2, Identity) Entity Framework Core: продвинутое владение (модели, миграции, производительность, IQueryable vs IEnumerable, raw SQL, компилированные запросы) Знание фреймворков для юнит и интеграционного тестирования Опыт работы с PostgreSQL Опыт работы с очередями и брокерами сообщений (RabbitMQ, Apache Kafka) Знание кэширования Навыки работы с контейнеризацией (Docker) и оркестрацией (Kubernetes) — как сильное преимущество.  Условия:  Пятидневная рабочая неделя: гибкое начало дня, удаленный формат работы  Аккредитованная ИТ-компания   Комфортный пакет ДМС   Возмещение спорта   Увеличенное количество дней отпуска   Значимая роль в команде экспертов, в которой коллеги всегдаподдерживают друг друга   Развивающие задачи и карьерные вызовы, реальные возможности дляроста  Развитая корпоративная культура: постоянные корпроративные обучения, мероприятия, онбординг",,https://hh.ru/vacancy/133402731?query=C%23+%D1%80%D0%B0%D0%B7%D1%80%D0%B0%D0%B1%D0%BE%D1%82%D1%87%D0%B8%D0%BA&hhtmFrom=vacancy_search_list
Руководитель группы разработки C#,Клиника Будь Здоров,Москва,Не указана,,,,"Сеть клиник ""Будь здоров"" компании «Ингосстрах» входит в ТОП-10 рейтинга частных клиник Forbes и имеет представительства в 7 регионах России. Уже более 19 лет мы заботимся о здоровье наших пациентов и способствуем профессиональному развитию наших сотрудников! Люди – наша главная ценность! В сети клиник ""Будь здоров"" компании ИНГОССТРАХ открыта вакансия ""Руководитель отдела разработки медицинских информационных систем"". Обязанности:  Стратегическое и тактическое управление отделом разработки: постановка целей, планирование ресурсов, контроль сроков и качества; Руководство командой разработчиков, аналитиков и инженеров по обеспечению качества (QA); Формирование и реализация технической стратегии развития медицинских информационных систем (МИС) компании; Участие в проектировании архитектуры новых модулей и систем, принятие ключевых технических решений; Организация процессов разработки в соответствии с современными методологиями (Agile/Scrum, Kanban); Контроль за соблюдением стандартов кодирования, проведением код-ревью, внедрением практик CI/CD; Управление техническим долгом, планирование рефакторинга и модернизации существующих решений; Ответственность за производительность, отказоустойчивость и безопасность разрабатываемых систем.Требования: Успешный опыт руководства командой разработки от 3-х лет; Опыт работы в сфере разработки или внедрения медицинских информационных систем является плюсом. Глубокое знание и практический опыт разработки на C# и .NET Core / ASP.NET Core(Web API, gRPC); Экспертное владение React (или другими современными JS-фреймворками) и понимание принципов построения SPA (Single Page Application). Опыт работы с реляционными (PostgreSQL, MS SQL) и нереляционными базами данных; Понимание микросервисной архитектуры, контейнеризации (Docker, Kubernetes); Опыт работы с брокерами сообщений (RabbitMQ, Kafka); Умение мотивировать команду, развивать сотрудников, делегировать задачи и принимать ответственность за результат. Сильные коммуникативные навыки, аналитический склад ума, нацеленность на результат.  Мы предлагаем:  Работу в стабильной компании с возможностью профессионального и карьерного роста; Официальное трудоустройство, социальные гарантии: оплачиваемый отпуск, больничный; Полностью официальная заработная плата, с выплатами 2 раза в месяц; ДМС после прохождения испытательного срока; Скидки для сотрудников и членов семьи; Насыщенная социальная жизнь (корпоративные мероприятия, праздники), участие в благотворительной деятельности, материальная помощь сотрудникам, подарки для детей сотрудников.","Успешный опыт руководства командой разработки от 3-х лет; Опыт работы в сфере разработки или внедрения медицинских информационных систем является плюсом. Глубокое знание и практический опыт разработки на C# и .NET Core / ASP.NET Core(Web API, gRPC); Экспертное владение React (или другими современными JS-фреймворками) и понимание принципов построения SPA (Single Page Application). Опыт работы с реляционными (PostgreSQL, MS SQL) и нереляционными базами данных; Понимание микросервисной архитектуры, контейнеризации (Docker, Kubernetes); Опыт работы с брокерами сообщений (RabbitMQ, Kafka); Умение мотивировать команду, развивать сотрудников, делегировать задачи и принимать ответственность за результат. Сильные коммуникативные навыки, аналитический склад ума, нацеленность на результат.  Мы предлагаем:  Работу в стабильной компании с возможностью профессионального и карьерного роста; Официальное трудоустройство, социальные гарантии: оплачиваемый отпуск, больничный; Полностью официальная заработная плата, с выплатами 2 раза в месяц; ДМС после прохождения испытательного срока; Скидки для сотрудников и членов семьи; Насыщенная социальная жизнь (корпоративные мероприятия, праздники), участие в благотворительной деятельности, материальная помощь сотрудникам, подарки для детей сотрудников.","Стратегическое и тактическое управление отделом разработки: постановка целей, планирование ресурсов, контроль сроков и качества; Руководство командой разработчиков, аналитиков и инженеров по обеспечению качества (QA); Формирование и реализация технической стратегии развития медицинских информационных систем (МИС) компании; Участие в проектировании архитектуры новых модулей и систем, принятие ключевых технических решений; Организация процессов разработки в соответствии с современными методологиями (Agile/Scrum, Kanban); Контроль за соблюдением стандартов кодирования, проведением код-ревью, внедрением практик CI/CD; Управление техническим долгом, планирование рефакторинга и модернизации существующих решений; Ответственность за производительность, отказоустойчивость и безопасность разрабатываемых систем.Требования: Успешный опыт руководства командой разработки от 3-х лет; Опыт работы в сфере разработки или внедрения медицинских информационных систем является плюсом. Глубокое знание и практический опыт разработки на C# и .NET Core / ASP.NET Core(Web API, gRPC); Экспертное владение React (или другими современными JS-фреймворками) и понимание принципов построения SPA (Single Page Application). Опыт работы с реляционными (PostgreSQL, MS SQL) и нереляционными базами данных; Понимание микросервисной архитектуры, контейнеризации (Docker, Kubernetes); Опыт работы с брокерами сообщений (RabbitMQ, Kafka); Умение мотивировать команду, развивать сотрудников, делегировать задачи и принимать ответственность за результат. Сильные коммуникативные навыки, аналитический склад ума, нацеленность на результат.  Мы предлагаем:  Работу в стабильной компании с возможностью профессионального и карьерного роста; Официальное трудоустройство, социальные гарантии: оплачиваемый отпуск, больничный; Полностью официальная заработная плата, с выплатами 2 раза в месяц; ДМС после прохождения испытательного срока; Скидки для сотрудников и членов семьи; Насыщенная социальная жизнь (корпоративные мероприятия, праздники), участие в благотворительной деятельности, материальная помощь сотрудникам, подарки для детей сотрудников.",,https://hh.ru/vacancy/134261685?query=C%23+%D1%80%D0%B0%D0%B7%D1%80%D0%B0%D0%B1%D0%BE%D1%82%D1%87%D0%B8%D0%BA&hhtmFrom=vacancy_search_list
.NET разработчик,Т-Банк. ИТ. Разработка,"Таганрог, улица Чехова, 98А",Не указана,,,,".NET стремительно набирает популярность в T-Банке: по количеству разработчиков C# сейчас на втором месте (200+ человек), хотя еще пару лет назад было всего несколько команд. Экосистема компании довольно обширна, и разработка любого сервиса, даже внутреннего — челлендж. Наш стек: .NET 6+, ASP.NET Core, PostgreSQL/MongoDB, Kafka, ClickHouse, Docker, Kubernetes, Gitlab. Работаем по методологии Scram / Kanban Вам предстоит:  Принимать участие в разработке сервисов, помогающих экосистеме, развиваться: платформа для удаленной работы сотрудников (TWork), Телефония, Биометрия, Т-Бизнес, Travel, Инвестиции, Страхование и другие проекты Участвовать в полном цикле разработки проекта: Design -> Develop -> Test (Unit / Integration / Api) -> Deploy -> Support    Что отмечают наши разработчики? У нас профессиональная и дружная команда: проводим внутренние митапы, книжные и DDD-клубы, постоянно обмениваемся опытом. Регулярно участвуем в крупнейших конференциях (DotNext и других). Коллеги из любой команды готовы прийти на помощь У нас высокая культура разработки и минимум Legacy-кода, большинство приложений уже в Kubernetes. Даем свободу в аргументированном принятии решений и выборе технологий. Придерживаемся современного стиля руководства, когда руководитель заинтересован в профессиональном росте каждого из членов команды Есть возможность развиваться: можно посещать конференции и обучаться за счет компании. Менторы из frontend-команды готовы обучить желающих стать fullstack-разработчиком (Angular). Можно попробовать себя в роли тимлида / техлида / архитектора / SRE / аналитика, и даже вернуться обратно в разработку Чутко относимся к коллегам и не пытаемся сделать интровертов экстравертами   Что мы ожидаем от вас?   Опыт коммерческой разработки Web-приложений на платформе .NET Хорошее знание основ платформы .NET (Memory Management, async/await) Опыт работы с базами данных (в основном используем PostgreSQL + Entity Framework Core, иногда встречается Dapper) Понимание и опыт работы с одним из брокеров сообщений (RabbitMQ, Kafka, и.т.п) Опыт написания шагов для сборки/тестирования/деплоя своих приложений с одной из CI/CD систем (TeamCity, Github Actions, Gitlab, Drone и т.п.) Умение писать легко поддерживаемый код и покрывать его Unit/Integration/Api-тестами Умение общаться с аналитиками и реализовывать их пожелания без ущерба для архитектуры проекта  Дополнительным плюсом будет:  Опыт работы с микросервисной архитектурой Опыт работы с NoSQL базами данных (MongoDB, Redis, Elasticsearch и т.п.) Опыт работы с Docker/Docker Compose (собрать/запустить свое приложение в контейнере) Опыт работы с Kubernetes    Мы предлагаем:  Возможность работы в аккредитованной ИТ-компании Работу в офисе. График работы — гибридный  Платформу обучения и развития Т-Апгрейд. Курсы, тренинги, вебинары и базы знаний. Поддержка менторов и наставников, помощь в поиске точек роста и карьерном развитии  Заботу о здоровье. Оформим полис ДМС со стоматологией и страховку от несчастных случаев. Предложим льготное страхование вашим близким Компенсацию такси и 50% затрат на спорт от стоимости абонемента Компенсацию обедов. А если захотите перекусить, есть кухня с чаем, кофе и фруктами Достойную зарплату — обсудим ее на собеседовании",,,,https://hh.ru/vacancy/131815524?query=C%23+%D1%80%D0%B0%D0%B7%D1%80%D0%B0%D0%B1%D0%BE%D1%82%D1%87%D0%B8%D0%BA&hhtmFrom=vacancy_search_list
Backend-разработчик (symfony),Эттон,"Казань, р-н Вахитовский",Не указана,,,,"ETTON - российская аккредитованная IT-компания по производству с опытом работы более 14 лет. Мы располагаем командой более 150 специалистов и крупным портфелем проектов на российском и мировом рынке. Компания сфокусирована на использовании передовых технологий в программировании, мобильной разработке, облачных вычислениях, машинном обучении, предиктивной аналитике и IoT для работы с большими данными.Филиалы находятся в г. Москва, Калининград, Иннополис, Сколково, центральный офис в г. Казань. Группа компаний «Эттон» аккредитована Министерством цифрового развития, связи и массовых коммуникаций РФ (Минцифры России) и на нас распространяются все меры поддержки IT- отрасли. Необходимо будет: Автоматизировать сложные бизнес-процесы. Текущий проект имеет современный тестируемый, расширяемый и поддерживаемый код. И этот код не самый простой. Поэтому нам требуется сотрудник с Внимание: Умением и Желанием! работать со сложным продуктовым кодом (не легаси) в команде таких-же профессионалов в своем деле. Требования:  Коммерческой разработки на Php + Symfony не менее 4 лет. Глубокое понимание принципов ООП. Знание и умение применять паттерны проектирования. Опыт работы с брокерами очередей. Написание зрелого продуктового кода по SOLID. Хорошие знания реляционных СУБД, опыт проектирования баз данных. Опыт работы с RAW SQL (Postgres) на уровне написания: - функции - процедуры - views - триггера - оконные функции - CTE + рекурсивные запросы. Хорошие знания Docker, опыт работы проектирования среды разработки, написания Docker файлов.  Будет плюсом:   Опыт работы с Postgis, geometry итд. Коммерческий опыт программирования на: GO, Python, C#. Участие в проектах с микросервисной архитектурой. Опыт построения различных интеграций (особенно ФГИС АСЛН, СМЭВ, ЕМСЭД )  Технический стек:   php 8.2 phpunit Symfony 5.4 Postgres15 + Postgis Minio - S3 RabbitMQ Docker + docker-compose GitlabCI Swagger  Условия:  Работа в аккредитованной IT-компании;  Официальное трудоустройство, полностью белая з/п;   Крупные клиенты и интересные проекты;   Комфортный офис в центре города;   Возможность самореализации, демократичная система управления, наше руководство всегда открыто к предложениям и инициативам;   Оплачиваемый выходной в День Рождения;   Корпоративные мероприятия и активности, мы активно работаем над нашей корпоративной культурой и совершенствуем ее каждый месяц.","Коммерческой разработки на Php + Symfony не менее 4 лет. Глубокое понимание принципов ООП. Знание и умение применять паттерны проектирования. Опыт работы с брокерами очередей. Написание зрелого продуктового кода по SOLID. Хорошие знания реляционных СУБД, опыт проектирования баз данных. Опыт работы с RAW SQL (Postgres) на уровне написания: - функции - процедуры - views - триггера - оконные функции - CTE + рекурсивные запросы. Хорошие знания Docker, опыт работы проектирования среды разработки, написания Docker файлов.  Будет плюсом:   Опыт работы с Postgis, geometry итд. Коммерческий опыт программирования на: GO, Python, C#. Участие в проектах с микросервисной архитектурой. Опыт построения различных интеграций (особенно ФГИС АСЛН, СМЭВ, ЕМСЭД )  Технический стек:   php 8.2 phpunit Symfony 5.4 Postgres15 + Postgis Minio - S3 RabbitMQ Docker + docker-compose GitlabCI Swagger  Условия:  Работа в аккредитованной IT-компании;  Официальное трудоустройство, полностью белая з/п;   Крупные клиенты и интересные проекты;   Комфортный офис в центре города;   Возможность самореализации, демократичная система управления, наше руководство всегда открыто к предложениям и инициативам;   Оплачиваемый выходной в День Рождения;   Корпоративные мероприятия и активности, мы активно работаем над нашей корпоративной культурой и совершенствуем ее каждый месяц.",,,https://hh.ru/vacancy/134396909?query=C%23+%D1%80%D0%B0%D0%B7%D1%80%D0%B0%D0%B1%D0%BE%D1%82%D1%87%D0%B8%D0%BA&hhtmFrom=vacancy_search_list
C#/.NET-разработчик (во Владимир),Altenar,"Владимир, р-н Октябрьский",Не указана,,,,"Altenar — международная IT-компания и поставщик программного обеспечения для B2B-клиентов.Мы специализируемся на разработке и являемся ведущим поставщиком технологических решений для индустрии спортивных данных за рубежом. Наши офисы находятся в России, Великобритании, Грузии, Бразилии, Греции, Уругвае и на Мальте.С 2011 года внедряем стабильный и проверенный софт для автоматизации процессов производства, анализа и парсинга спортивных данных в реальном времени. Сейчас мы ищем Middle+ разработчика в команду. Важно! Мы приглашаем кандидатов с релокацией во Владимир и предлагаем офис/гибрид как формат работы. Исторически команда и инженерные процессы формировались именно там, поэтому для нас важно живое взаимодействие. С релокацией помогаем, условия обсуждаем индивидуально с успешным кандидатом) Про проект. Sportsbook - это B2B продукт для управления спортивными данными. Система состоит из нескольких взаимосвязанных сервисов и API, которые импортируют данные по спортивным событиям из различных источников и обеспечивают процесс регистрации транзакций на спортивные исходы. В рамках проекта вам предстоит:   обеспечение высокой производительности и стабильности системы, включая анализ и оптимизацию запросов, бизнес-функционала и архитектуры компонентов;   разработка новых функций и улучшение существующего функционала на основе запросов от клиентов;   быстрое решение различных бизнес-сценариев, возникающих в продакшене;   сотрудничество с другими командами разработки backend для поддержки бизнес-функционала.   Мы работаем с:   .NET;   MS SQL, MongoDB, Redis, PostgreSQL;   RabbitMQ, Apache Kafka, gRPC, REST;   K8S, AzD, git flow;   XUnit, FluentAssertions, Moq, NSubstitute;   Prometheus, Zabbix, Grafana;   WebSockets;   Graylog, ElasticSearch, OpenSearch.   Еще из стека:   dapper, EF core, autofac, MS DI, automapper.   Что мы ожидаем от кандидата:   глубокое понимание и опыт работы с Task, async/await в .NET;   опыт работы с SQL и/или NoSQL базами данных (например, MS SQL, PostgreSQL, MongoDB, Redis, KeyDB);   опыт разработки и проектирования RESTful сервисов;   участие в нескольких завершенных коммерческих веб-проектах в качестве разработчика, с возможностью описать особенности проектов и архитектурные решения;   опыт коллективной разработки ПО, использование систем контроля версий (Git) и трекера задач (Jira).   Будет плюсом:   опыт работы с highload системами;   знание Docker/Kubernetes;   опыт работы с управляемой памятью;   знание принципов и практик проектирования высоконагруженных и отказоустойчивых систем;   опыт работы с многопоточным программированием и асинхронным кодом.   Мы предлагаем:   релокационный пакет: мы понимаем, что переезд — это серьезный шаг, поэтому помогаем с релокацией во Владимир. Условия поддержки обсуждаем с каждым кандидатом индивидуально;   работу в аккредитованной IT-компании;   оформление по ТК РФ и достойную белую заработную плату;   дМС, стоматологию и страхование жизни с первой рабочей недели за счет работодателя;   компенсацию фитнеса;   комьюнити и традиции: мы регулярно проводим внутренние оффлайн ИТ-митапы, онлайн воркшопы;   возможность изучения английского за счет компании: онлайн или в офисе;   обучение и поддержку при подготовке докладов для публичных выступлений.","Middle+ разработчика в команду. Важно! Мы приглашаем кандидатов с релокацией во Владимир и предлагаем офис/гибрид как формат работы. Исторически команда и инженерные процессы формировались именно там, поэтому для нас важно живое взаимодействие. С релокацией помогаем, условия обсуждаем индивидуально с успешным кандидатом) Про проект. Sportsbook - это B2B продукт для управления спортивными данными. Система состоит из нескольких взаимосвязанных сервисов и API, которые импортируют данные по спортивным событиям из различных источников и обеспечивают процесс регистрации транзакций на спортивные исходы. В рамках проекта вам предстоит:   обеспечение высокой производительности и стабильности системы, включая анализ и оптимизацию запросов, бизнес-функционала и архитектуры компонентов;   разработка новых функций и улучшение существующего функционала на основе запросов от клиентов;   быстрое решение различных бизнес-сценариев, возникающих в продакшене;   сотрудничество с другими командами разработки backend для поддержки бизнес-функционала.   Мы работаем с:   .NET;   MS SQL, MongoDB, Redis, PostgreSQL;   RabbitMQ, Apache Kafka, gRPC, REST;   K8S, AzD, git flow;   XUnit, FluentAssertions, Moq, NSubstitute;   Prometheus, Zabbix, Grafana;   WebSockets;   Graylog, ElasticSearch, OpenSearch.   Еще из стека:   dapper, EF core, autofac, MS DI, automapper.   Что мы ожидаем от кандидата:   глубокое понимание и опыт работы с Task, async/await в .NET;   опыт работы с SQL и/или NoSQL базами данных (например, MS SQL, PostgreSQL, MongoDB, Redis, KeyDB);   опыт разработки и проектирования RESTful сервисов;   участие в нескольких завершенных коммерческих веб-проектах в качестве разработчика, с возможностью описать особенности проектов и архитектурные решения;   опыт коллективной разработки ПО, использование систем контроля версий (Git) и трекера задач (Jira).   Будет плюсом:   опыт работы с highload системами;   знание Docker/Kubernetes;   опыт работы с управляемой памятью;   знание принципов и практик проектирования высоконагруженных и отказоустойчивых систем;   опыт работы с многопоточным программированием и асинхронным кодом.   Мы предлагаем:   релокационный пакет: мы понимаем, что переезд — это серьезный шаг, поэтому помогаем с релокацией во Владимир. Условия поддержки обсуждаем с каждым кандидатом индивидуально;   работу в аккредитованной IT-компании;   оформление по ТК РФ и достойную белую заработную плату;   дМС, стоматологию и страхование жизни с первой рабочей недели за счет работодателя;   компенсацию фитнеса;   комьюнити и традиции: мы регулярно проводим внутренние оффлайн ИТ-митапы, онлайн воркшопы;   возможность изучения английского за счет компании: онлайн или в офисе;   обучение и поддержку при подготовке докладов для публичных выступлений.",,,https://hh.ru/vacancy/133978330?query=C%23+%D1%80%D0%B0%D0%B7%D1%80%D0%B0%D0%B1%D0%BE%D1%82%D1%87%D0%B8%D0%BA&hhtmFrom=vacancy_search_list
Middle backend разработчик (.NET C#),ООО Лоция,Москва,Не указана,,,,"Мы в поиске коллеги для разработки крупного, высоконагруженного портала для группы компаний. Присоединяйтесь к нашей команде и станьте частью этого увлекательного пути! Чем предстоит заниматься:  разработкой backend части приложения; код ревью; организацией и проведением технологической экспертизы по заявкам на доработку ПО в рамках текущей и проектной деятельности; дизайн решениями в рамках своей деятельности по запросам на изменение на основании ТЗ.  Чего мы ждем от тебя:  опыт в .NET-разработке от 4 лет; опыт работы с .NET 6 и выше; понимание принципов и опыт практического применения шаблонов ООП, SOLID; понимание принципов синхронной и асинхронной интеграции между компонентами системы; понимание REST; опыт T-SQL, MS SQL Server или Postgres; опыт работы с Git; умение работать в команде; самостоятельность, умение декомпозировать и оценивать задачи по верхнеуровневым формулировкам; опыт написания Unit-тестов; понимание принципов KISS, YAGNI, DRY; понимание и опыт использования/построения CI/CD процессов. опыт работы с Kafka.",,"разработкой backend части приложения; код ревью; организацией и проведением технологической экспертизы по заявкам на доработку ПО в рамках текущей и проектной деятельности; дизайн решениями в рамках своей деятельности по запросам на изменение на основании ТЗ.  Чего мы ждем от тебя:  опыт в .NET-разработке от 4 лет; опыт работы с .NET 6 и выше; понимание принципов и опыт практического применения шаблонов ООП, SOLID; понимание принципов синхронной и асинхронной интеграции между компонентами системы; понимание REST; опыт T-SQL, MS SQL Server или Postgres; опыт работы с Git; умение работать в команде; самостоятельность, умение декомпозировать и оценивать задачи по верхнеуровневым формулировкам; опыт написания Unit-тестов; понимание принципов KISS, YAGNI, DRY; понимание и опыт использования/построения CI/CD процессов. опыт работы с Kafka.",,https://hh.ru/vacancy/131510738?query=C%23+%D1%80%D0%B0%D0%B7%D1%80%D0%B0%D0%B1%D0%BE%D1%82%D1%87%D0%B8%D0%BA&hhtmFrom=vacancy_search_list
Ведущий Разработчик 1С,ИП Косарева Мария Владимировна,Москва,Не указана,,,,"Обязанности: - Сопровождение, доработка, развитие и поддержка решений на платформе 1С 8.3; - Конфигурации 1С ""Управление торговлей"", ""Комплексная автоматизация"", ""Бухгалтерия предприятия""; - Интеграция с API маркетплейсов (ОЗОН, Яндекс и пр.) - Миграции данных между рпзличными информационными системами 1С, сайтом, другими блоками хранения данных. Требования: — Опыт программирования в 1С от 5 лет — Опыт работы с высоконагруженными системами — Знание и понимание стандартов разработки 1С — Глубокое понимание клиент-серверной архитекторы 1С, механизмов запросов, производительности. — Знание торговых, складских, бухгалтерских и управленческих процессов Как плюс: знание КД3, компетенции в SQL (MS SQL, Postgresql и др.), опыт работы с WMS-системами; построении архитектуры БД; как ещё плюс: навыки/понимание особенностей разработки на других языках - C#, Java, Python другие. Условия: - Уровень дохода обсуждается на собеседовании с успешным кандидатом; - График работы гибрид, метро Ольховая","— Опыт программирования в 1С от 5 лет — Опыт работы с высоконагруженными системами — Знание и понимание стандартов разработки 1С — Глубокое понимание клиент-серверной архитекторы 1С, механизмов запросов, производительности. — Знание торговых, складских, бухгалтерских и управленческих процессов Как плюс: знание КД3, компетенции в SQL (MS SQL, Postgresql и др.), опыт работы с WMS-системами; построении архитектуры БД; как ещё плюс: навыки/понимание особенностей разработки на других языках - C#, Java, Python другие. Условия: - Уровень дохода обсуждается на собеседовании с успешным кандидатом; - График работы гибрид, метро Ольховая","- Сопровождение, доработка, развитие и поддержка решений на платформе 1С 8.3; - Конфигурации 1С ""Управление торговлей"", ""Комплексная автоматизация"", ""Бухгалтерия предприятия""; - Интеграция с API маркетплейсов (ОЗОН, Яндекс и пр.) - Миграции данных между рпзличными информационными системами 1С, сайтом, другими блоками хранения данных. Требования: — Опыт программирования в 1С от 5 лет — Опыт работы с высоконагруженными системами — Знание и понимание стандартов разработки 1С — Глубокое понимание клиент-серверной архитекторы 1С, механизмов запросов, производительности. — Знание торговых, складских, бухгалтерских и управленческих процессов Как плюс: знание КД3, компетенции в SQL (MS SQL, Postgresql и др.), опыт работы с WMS-системами; построении архитектуры БД; как ещё плюс: навыки/понимание особенностей разработки на других языках - C#, Java, Python другие. Условия: - Уровень дохода обсуждается на собеседовании с успешным кандидатом; - График работы гибрид, метро Ольховая",,https://hh.ru/vacancy/134412552?query=C%23+%D1%80%D0%B0%D0%B7%D1%80%D0%B0%D0%B1%D0%BE%D1%82%D1%87%D0%B8%D0%BA&hhtmFrom=vacancy_search_list
SQL-разработчик,metaLead,Москва,Не указана,,,,"О компании Мы специализируемся на интернет-торговле товарами для красоты и здоровья по всему миру. У нас собственное производство, несколько брендов и большое количество разных линеек. Очень крутые продукты, сделанные с любовью людьми, для людей :)Компания инициировала запуск масштабного проекта. Упрощаем сложное и масштабируем необходимое: товарный и складской учёт, управленческий и финансовый учёт, обмены между системами полного цикла продаж и множество других успешных проектов внутри нашей компании. Мы ждём что тыПишешь на T-SQL (умеешь оптимизировать запросы, читать план запроса)Администрируешь MSSQL (репликация, бекапирование, мониторинг, оптимизация)На “ты” с SSIS (множество ETL пакетов, есть пакеты с решениями от COZYROC)Имеешь опыт создания и развития комплексных OLAP кубов (SSAS), отчётности в BI или SSRSУмеешь строить сложную корпоративную архитектуру Большой плюс если тыЗнаешь C# (ASP.net, Blazor)Имеешь представление о REST-api, работал в PostmanИмеешь опыт работы с service broker или другими брокерами Мы будем рады предложить Возможность «творить» и внедрять новые технологии в компании, где руководство слышит и поощряет предложения. Работу над сложным продуктом: от предположений до реализации. Используем систему Kanban. Участие в оптимизации существующих бизнес-решений и проведение экспериментов с новыми инструментами для проектов. Профессиональный коллектив и руководство компании. Оформление в полном соответствии с ТК РФ. Гибкое начало рабочего дня (9/10/11-18/19/20), гибрид после испытательного срока. Современный просторный офис в шаговой доступности от метро и общественного транспорта. Плюшки типа свежесваренного кофе, чая, завтраков и обедов, и зоны отдыха конечно есть. Яркие проекты, отсутствие дресс-кода, адекватное руководство, профессиональные коллеги, здоровая атмосфера! Насыщенная корпоративная жизнь","что тыПишешь на T-SQL (умеешь оптимизировать запросы, читать план запроса)Администрируешь MSSQL (репликация, бекапирование, мониторинг, оптимизация)На “ты” с SSIS (множество ETL пакетов, есть пакеты с решениями от COZYROC)Имеешь опыт создания и развития комплексных OLAP кубов (SSAS), отчётности в BI или SSRSУмеешь строить сложную корпоративную архитектуру Большой плюс если тыЗнаешь C# (ASP.net, Blazor)Имеешь представление о REST-api, работал в PostmanИмеешь опыт работы с service broker или другими брокерами Мы будем рады предложить Возможность «творить» и внедрять новые технологии в компании, где руководство слышит и поощряет предложения. Работу над сложным продуктом: от предположений до реализации. Используем систему Kanban. Участие в оптимизации существующих бизнес-решений и проведение экспериментов с новыми инструментами для проектов. Профессиональный коллектив и руководство компании. Оформление в полном соответствии с ТК РФ. Гибкое начало рабочего дня (9/10/11-18/19/20), гибрид после испытательного срока. Современный просторный офис в шаговой доступности от метро и общественного транспорта. Плюшки типа свежесваренного кофе, чая, завтраков и обедов, и зоны отдыха конечно есть. Яркие проекты, отсутствие дресс-кода, адекватное руководство, профессиональные коллеги, здоровая атмосфера! Насыщенная корпоративная жизнь",,,https://hh.ru/vacancy/133958604?query=C%23+%D1%80%D0%B0%D0%B7%D1%80%D0%B0%D0%B1%D0%BE%D1%82%D1%87%D0%B8%D0%BA&hhtmFrom=vacancy_search_list
Senior Fullstack QA-инженер (C#),ЦРТ | Группа компаний,Санкт-Петербург,Не указана,,,,"Мы Центр Речевых Технологий — лидеры в AI, рынка речевых технологий видеоаналитики! Мы продуктовая ИТ компания. Являемся экспертами в области распознавания и синтеза речи, лидеры биометрии. У нас огромная линейка продуктов и готовых решений в области диалоговых ассистентов, речевой аналитики, лицевой и голосовой биометрии. Хочешь решать амбициозные задачи и при этом иметь все плюшки работы в стабильной компании - присоединяйся! Задачи:  Проведение тестирования всех аспектов работы системы Написание автотестов Составление и поддержание в актуальном состоянии тестовой документации Анализ требований Регистрация и классификация найденных дефектов, а также контроль их исправления Взаимодействие с разработчиками и другими участниками команды Проведение тестирования всех аспектов работы системы  Наши ожидания по опыту:  Опыт в тестировании и автоматизации от 4 лет Владение методиками тестирования и техниками тест-дизайна Основы автоматизации тестирования Владение C# и фреймворком Playwright достаточным для написания автоматизированных тестов Инструменты поддержки процесса тестирования: TestIT, JIRA, Confluence, Postman, Swagger, Grafana, Git, TeamCity Знания REST, gRPC, WebSockets Опыт работы с БД (PostgreSQL) и брокерами сообщений (RabbitMQ, Kafka) Знание основ администрирования Linux, работа с Kubernetes  Будет преимуществом:  опыт проведения нагрузочного тестирования  По условиям мы можем предложить:  Работа на переднем крае технологий совместно с научной командой Возможность влиять на архитектуру и развитие системы Динамичная команда единомышленников Оформление по ТК, ""белая"" заработная плата Работа в г. Санкт-Петербурге или Москве ДМС с 1 недели работы Работу в аккредитованной IT-компании с полагающимися льготами Гибкое начало рабочего дня Корпоративный спорт Благотворительные и эко-активности Компенсацию обучения Все необходимое для работы, комфортный офис и корпоративную технику",,,,https://hh.ru/vacancy/134278519?query=C%23+%D1%80%D0%B0%D0%B7%D1%80%D0%B0%D0%B1%D0%BE%D1%82%D1%87%D0%B8%D0%BA&hhtmFrom=vacancy_search_list
Senior Python разработчик (Visiology Cortex),Polymedia,Москва,Не указана,,,,"Компания Visiology — лидер российского рынка BI, занимаемся разработкой многофункциональной платформы для бизнес-анализа данных, помогаем крупным компаниям систематизировать свои данные, начать извлекать из них бизнес-выгоду и перейти к управлению на основе данных. Ключевые заказчики: крупные производственные и коммерческие предприятия, органы госуправления, такие как Русская Медная Компания, Министерство Здравоохранения, Россети и другие. Сейчас мы наращиваем команду и скорость разработки. Ищем Senior Python разработчика в команду Visiology Cortex — AI-модуль нашей платформы, встроенный интеллектуальный ассистент на базе LLM. Технологии: Python, LangGraph, PostgreSQL, векторные эмбеддинги, LLM API, Docker, плюс точечная работа с Angular/TypeScript и C#/.NET при стыковке с ядром платформы. У нас AI-first процесс разработки. Это значит, что разработчик закрывает фичу целиком — системный анализ потребностей, проектирование, реализацию, тесты, code review — используя AI-ассистентов (Claude Code, Cursor и аналоги) как полноценный рабочий контур. Мы ждём, что вы умеете грамотно ставить задачу агенту, давать ему правильный контекст, ревьюить результат, ловить ошибки и доводить решение до production. Мы работаем по Scrum, по-настоящему ценим принципы Agile и не занимаемся бюрократией. У нас каждый член команды имеет возможность повлиять на итоговый результат. Стабильно выпускаем релизы, используем современный стек технологий, поддерживаем развитие и обучение сотрудников, оплачиваем курсы и конференции. Задачи Работа над AI-модулем Visiology Cortex и смежными частями платформы. Задачи могут быть очень разными — важно уметь переключаться и быстро обучаться. Возможные задачи:  Развитие архитектуры Cortex: LangGraph-агенты, маршрутизация запросов, мультиагентные сценарии. Разработка и оптимизация RAG-пайплайна: индексация документов, работа с эмбеддингами и реранкерами, поиск по векторным представлениям. Интеграция с LLM (Claude / OpenAI / GigaChat / open-source модели), контроль стоимости инференса, стриминг ответов (SSE). Разработка backend-сервисов на Python. Работа с PostgreSQL, в т.ч. с хранением и поиском по векторам. Интеграция с ядром платформы Visiology через REST API (дашборды, метрики, модели данных). Точечные задачи на Angular/TypeScript (UI Cortex) и C#/.NET (при стыковке с сервисами платформы). Использование AI-ассистентов (Claude Code, Cursor и аналогов) для полного цикла работы над фичей: анализ — реализация — тестирование — ревью. Проведение технических исследований, прототипирование AI-сценариев. Написание unit- и интеграционных тестов. Разработка технической документации. Участие в технических обсуждениях и событиях Scrum.  Ожидания от кандидата  Опыт коммерческой разработки от 3 лет. Уверенное знание Python, опыт построения backend-сервисов. Опыт работы с PostgreSQL. Понимание базовых принципов работы с LLM и RAG: эмбеддинги, векторный поиск, prompt engineering, ограничения контекста. Практический опыт работы с AI-ассистентами разработки (Claude Code, Cursor, Copilot или аналогами) — умение декомпозировать задачу, дать корректный контекст агенту, проверить и доработать результат. Понимание работы веб-приложений (HTTP, REST API). Знание структур данных и шаблонов проектирования, умение их применять. Умение проводить качественное code review (в том числе сгенерированного AI кода). Опыт работы с системами контроля версий (Git). Знание английского языка на уровне чтения технической документации. Готовность изучать новые технологии и работать на стыке нескольких языков.  Что будет преимуществом  Production-опыт работы с LLM-фреймворками (LangGraph, LangChain, LlamaIndex). Опыт построения RAG-систем: векторные БД (FAISS, Qdrant, Milvus, pgvector), реранкеры, гибридный поиск. Опыт интеграции с API LLM-провайдеров (Anthropic Claude, OpenAI, GigaChat, YandexGPT) и контроля стоимости инференса. Опыт работы с MCP (Model Context Protocol) и агентными паттернами. Опыт работы с TypeScript / Angular или C# / .NET. Опыт работы с реляционными и векторными базами данных. Опыт работы в Agile/Scrum командах. Опыт работы с DWH/BI-системами, понимание DAX/OLAP/моделей данных. Опыт работы с Docker и CI/CD (TeamCity / GitHub Actions).  Мы предлагаем  Достойную белую зарплату (обсуждается индивидуально по итогам собеседования). Оформление по ТК РФ в аккредитованную ИТ-компанию (отсрочка от армии, льготная ипотека). Стабильную работу в продуктовой компании — мы не ищем человека на проект, у нас работают годами. Полис ДМС. Режим работы на выбор (офис/удалённо). Возможность работать с 10.00 до 19.00. Современный AI-first процесс разработки: все необходимые инструменты — за счёт компании. Молодой дружный коллектив, средний возраст 29 лет — мы вместе работаем и отдыхаем. Работа по Scrum, без лишней бюрократии. Возможности профессионального роста и поддержку инициатив. Оплачиваемое обучение: курсы, конференции, профильные митапы. Оплата мобильной связи.",,,,https://hh.ru/vacancy/134432603?query=C%23+%D1%80%D0%B0%D0%B7%D1%80%D0%B0%D0%B1%D0%BE%D1%82%D1%87%D0%B8%D0%BA&hhtmFrom=vacancy_search_list
Unity-разработчик,ООО БОГГ.АРТ,"Пенза, р-н Первомайский",Не указана,,,,"Задачи:— разработка 2D мини-игр на Unity;— оптимизация и портирование игр под платформу WebGL;— организация и реализация клиент-серверного взаимодействия с использованием сторонних API;— поддержка и улучшение архитектуры проектов.Требования:— опыт разработки игр на Unity 2D-игры от 2-х лет и более;— знание С#;— опыт работы с Spine, с Fungus для построения диалогов и логики;— навыки оптимизации игр под WebGL— опыт организации клиент-серверного взаимодействия, работа с REST API или другими сторонними API.Условия:— проектная работа, оформление по договору ГПХ;— гибридный формат: офис или удаленно.","— опыт разработки игр на Unity 2D-игры от 2-х лет и более;— знание С#;— опыт работы с Spine, с Fungus для построения диалогов и логики;— навыки оптимизации игр под WebGL— опыт организации клиент-серверного взаимодействия, работа с REST API или другими сторонними API.Условия:— проектная работа, оформление по договору ГПХ;— гибридный формат: офис или удаленно.",,,https://hh.ru/vacancy/134178505?query=C%23+%D1%80%D0%B0%D0%B7%D1%80%D0%B0%D0%B1%D0%BE%D1%82%D1%87%D0%B8%D0%BA&hhtmFrom=vacancy_search_list
Tech Lead / Senior С#-разработчик,RedLab,Москва,Не указана,,,,"Ты сможешь получить опыт и раскрыть свой потенциал, работая над уникальными технологичными проектами наших клиентов. Ты фокусируешься на технических задачах, а мы берем на себя переговоры с заказчиком, решение бюрократических вопросов и своевременно оплачиваем работу на проекте.Приглашаем С#-разработчика для работы на IT-проектах наших клиентов (в формате аутстафф). Задачи:   Разработка и развитие backend-сервисов и веб-приложений на C#/.NET (.NET Core / .NET 6–10);   Проектирование и развитие архитектуры систем — монолитных и микросервисных (MSA/SOA);   Разработка и сопровождение RESTful Web API, интеграция с внешними и внутренними системами;   Проектирование и оптимизация реляционных баз данных (PostgreSQL, MS SQL, Oracle, MySQL), написание SQL-запросов;   Работа с ORM (Entity Framework Core, Dapper, linq2db), CodeFirst, миграции;   Разработка и поддержка API-документации (OpenAPI / Swagger);   Оптимизация производительности приложений и баз данных;   Написание unit- и интеграционных тестов (xUnit, NUnit, Moq, NSubstitute, FluentAssertions);   Поддержка и развитие CI/CD-пайплайнов (GitLab CI, Jenkins и др.), контейнеризация (Docker, Kubernetes);   Участие в код-ревью, рефакторинг и сопровождение чужого кода;   Разработка и актуализация технической документации;   Участие в DevOps-практиках и мониторинге (Prometheus, Grafana, ELK);   Участие в SCRUM-процессах: планирование, ретроспектива, демо;   (Для Lead-уровня) Планирование и координация работы команды, решения конфликтных ситуаций, принятие архитектурных решений, участие в найме.   Обязательные требования:   Опыт коммерческой разработки на C# от 5 лет;   Отличное знание .NET / .NET Core / .NET 6–10, уверенное владение ASP.NET Web API;   Глубокое понимание ООП, SOLID, паттернов проектирования;   Понимание многопоточности и асинхронности;   Опыт работы с ORM Entity Framework Core;   Опыт работы с реляционными СУБД (PostgreSQL, MS SQL, Oracle, MySQL), уверенное владение SQL;   Опыт работы с брокерами сообщений (Kafka, RabbitMQ);   Опыт работы с нереляционными БД (Redis, MongoDB, Cassandra);   Опыт проектирования и разработки микросервисной архитектуры;   Навыки профилирования и оптимизации производительности;   Уверенное владение Git (ветвление, PR, rebase, code review);   Опыт настройки и работы с CI/CD-пайплайнами, контейнеризацией (Docker, Kubernetes / OpenShift);   Умение писать чистый, читаемый и тестируемый код;   Опыт работы в Agile/Scrum командах;   (Для Lead-уровня) Опыт настройки рабочих процессов в командах Agile;   Будет плюсом:   Знание BigQuery, ClickHouse, Elasticsearch, DynamoDB;   Опыт с облачными платформами (AWS, Azure);   Опыт работы с Keycloak, OAuth2, JWT;   Опыт разработки в высоконагруженных системах;   Опыт работы с front-end (React, Vue, TypeScript);   Знание Python или других языков;   Опыт работы с S3, ELK, Prometheus, Grafana;   Понимание DevSecOps, OWASP, принципов безопасной разработки.   Мы предлагаем:   Удаленную работу - возможность работать из любого города   Заключение договора гражданско-правового характера.   Важно! Оплата за фактически отработанное время на проекте, выплата осуществляется в российских рублях   Интересные и уникальные проекты - в финансовой и промышленной сферах   Мы предоставляем сложные, но стабильные проекты с современным стеком. Ты фокусируешься на коде и архитектуре, а мы берем на себя переговоры с заказчиком, решение бюрократических вопросов и защиту твоего спокойствия и интересов. Твоя зона ответственности — качественный продукт, наша — надежная поддержка и своевременная оплата. Этапы отбора: Мы уважаем твое время, поэтому наш процесс отбора максимально прозрачен: Первичное интервью – расскажем о проектах, узнаем друг друга. Техническое интервью – обсуждение твоих навыков и кейсов. Предложение о сотрудничестве.","Опыт коммерческой разработки на C# от 5 лет;   Отличное знание .NET / .NET Core / .NET 6–10, уверенное владение ASP.NET Web API;   Глубокое понимание ООП, SOLID, паттернов проектирования;   Понимание многопоточности и асинхронности;   Опыт работы с ORM Entity Framework Core;   Опыт работы с реляционными СУБД (PostgreSQL, MS SQL, Oracle, MySQL), уверенное владение SQL;   Опыт работы с брокерами сообщений (Kafka, RabbitMQ);   Опыт работы с нереляционными БД (Redis, MongoDB, Cassandra);   Опыт проектирования и разработки микросервисной архитектуры;   Навыки профилирования и оптимизации производительности;   Уверенное владение Git (ветвление, PR, rebase, code review);   Опыт настройки и работы с CI/CD-пайплайнами, контейнеризацией (Docker, Kubernetes / OpenShift);   Умение писать чистый, читаемый и тестируемый код;   Опыт работы в Agile/Scrum командах;   (Для Lead-уровня) Опыт настройки рабочих процессов в командах Agile;   Будет плюсом:   Знание BigQuery, ClickHouse, Elasticsearch, DynamoDB;   Опыт с облачными платформами (AWS, Azure);   Опыт работы с Keycloak, OAuth2, JWT;   Опыт разработки в высоконагруженных системах;   Опыт работы с front-end (React, Vue, TypeScript);   Знание Python или других языков;   Опыт работы с S3, ELK, Prometheus, Grafana;   Понимание DevSecOps, OWASP, принципов безопасной разработки.   Мы предлагаем:   Удаленную работу - возможность работать из любого города   Заключение договора гражданско-правового характера.   Важно! Оплата за фактически отработанное время на проекте, выплата осуществляется в российских рублях   Интересные и уникальные проекты - в финансовой и промышленной сферах   Мы предоставляем сложные, но стабильные проекты с современным стеком. Ты фокусируешься на коде и архитектуре, а мы берем на себя переговоры с заказчиком, решение бюрократических вопросов и защиту твоего спокойствия и интересов. Твоя зона ответственности — качественный продукт, наша — надежная поддержка и своевременная оплата. Этапы отбора: Мы уважаем твое время, поэтому наш процесс отбора максимально прозрачен: Первичное интервью – расскажем о проектах, узнаем друг друга. Техническое интервью – обсуждение твоих навыков и кейсов. Предложение о сотрудничестве.",,,https://hh.ru/vacancy/134432562?query=C%23+%D1%80%D0%B0%D0%B7%D1%80%D0%B0%D0%B1%D0%BE%D1%82%D1%87%D0%B8%D0%BA&hhtmFrom=vacancy_search_list
Fullstack-разработчик,Группа Гута,"Москва, р-н Якиманка",Не указана,,,,"Обязанности:  Поддержка и рефакторинг legacy-кода; Доработка существующих модулей: анализ чужого кода, оптимизация решений; Разработка клиентской части на HTML, CSS, JS, TypeScript, AngularJS, Node.js, Angular; Написание T-SQL скриптов: оптимизация запросов, работа с индексами, хранимыми процедурами и функциями.  Требования:  Опыт разработки на .NET (C#) от 2х лет; Глубокое знание C#, ASP.NET, .NET Core, Entity Framework, LINQ; Опыт работы с REST API; Знание frontend-технологий: HTML, CSS, Bootstrap, JavaScript, TypeScript, AngularJS, Angular, Node.js; Работа с MS SQL: T-SQL, оптимизация запросов, индексы, хранимые процедуры; Понимание ООП, SOLID, паттернов проектирования; Логичный стиль кода, соблюдение naming conventions; Наличие завершенных проектов или крупных доработок коммерческих продуктов является плюсом.  Условия:   Официальная полностью ""белая"" заработная плата ;   График работы 5/2, с 09-00 до 18-00;   Удалённый формат работы. (по желанию, гибридный);   Офис в пешей доступности от м. Кропоткинская   Комфортный офис (Красный октябрь).   Делаем сотрудникам скидки в клинике и фитнес центре, действуют скидки в кофейне, ресторанах и кондитерских. В Группе действует программа лояльности для сотрудников во всех бизнес-комплексах компании: Фирменные магазины «Алёнка» - виртуальная бонусная карта сотрудникам компании на скидку всей продукции. Кофейня «Алёнка» - 40% на покупку всей продукции. «Спа-центр - 60% на клубную карту, 40% на персональные тренировки, 20% на услуги бара, салона красоты и СПА. «ГУТА-клиника» - 60% на консультации врачей-специалистов и услуги лучевой и эндоскопической диагностики, 40% на физиотерапию, помощь на дому и медицинские манипуляции у врачей. Гостиничный бизнес-комплекс – 60% на проживание, 40% на услуги питания и СПА. ГУТА-банк –льготное кредитование и повышенные ставки по вкладам","Опыт разработки на .NET (C#) от 2х лет; Глубокое знание C#, ASP.NET, .NET Core, Entity Framework, LINQ; Опыт работы с REST API; Знание frontend-технологий: HTML, CSS, Bootstrap, JavaScript, TypeScript, AngularJS, Angular, Node.js; Работа с MS SQL: T-SQL, оптимизация запросов, индексы, хранимые процедуры; Понимание ООП, SOLID, паттернов проектирования; Логичный стиль кода, соблюдение naming conventions; Наличие завершенных проектов или крупных доработок коммерческих продуктов является плюсом.  Условия:   Официальная полностью ""белая"" заработная плата ;   График работы 5/2, с 09-00 до 18-00;   Удалённый формат работы. (по желанию, гибридный);   Офис в пешей доступности от м. Кропоткинская   Комфортный офис (Красный октябрь).   Делаем сотрудникам скидки в клинике и фитнес центре, действуют скидки в кофейне, ресторанах и кондитерских. В Группе действует программа лояльности для сотрудников во всех бизнес-комплексах компании: Фирменные магазины «Алёнка» - виртуальная бонусная карта сотрудникам компании на скидку всей продукции. Кофейня «Алёнка» - 40% на покупку всей продукции. «Спа-центр - 60% на клубную карту, 40% на персональные тренировки, 20% на услуги бара, салона красоты и СПА. «ГУТА-клиника» - 60% на консультации врачей-специалистов и услуги лучевой и эндоскопической диагностики, 40% на физиотерапию, помощь на дому и медицинские манипуляции у врачей. Гостиничный бизнес-комплекс – 60% на проживание, 40% на услуги питания и СПА. ГУТА-банк –льготное кредитование и повышенные ставки по вкладам","Поддержка и рефакторинг legacy-кода; Доработка существующих модулей: анализ чужого кода, оптимизация решений; Разработка клиентской части на HTML, CSS, JS, TypeScript, AngularJS, Node.js, Angular; Написание T-SQL скриптов: оптимизация запросов, работа с индексами, хранимыми процедурами и функциями.  Требования:  Опыт разработки на .NET (C#) от 2х лет; Глубокое знание C#, ASP.NET, .NET Core, Entity Framework, LINQ; Опыт работы с REST API; Знание frontend-технологий: HTML, CSS, Bootstrap, JavaScript, TypeScript, AngularJS, Angular, Node.js; Работа с MS SQL: T-SQL, оптимизация запросов, индексы, хранимые процедуры; Понимание ООП, SOLID, паттернов проектирования; Логичный стиль кода, соблюдение naming conventions; Наличие завершенных проектов или крупных доработок коммерческих продуктов является плюсом.  Условия:   Официальная полностью ""белая"" заработная плата ;   График работы 5/2, с 09-00 до 18-00;   Удалённый формат работы. (по желанию, гибридный);   Офис в пешей доступности от м. Кропоткинская   Комфортный офис (Красный октябрь).   Делаем сотрудникам скидки в клинике и фитнес центре, действуют скидки в кофейне, ресторанах и кондитерских. В Группе действует программа лояльности для сотрудников во всех бизнес-комплексах компании: Фирменные магазины «Алёнка» - виртуальная бонусная карта сотрудникам компании на скидку всей продукции. Кофейня «Алёнка» - 40% на покупку всей продукции. «Спа-центр - 60% на клубную карту, 40% на персональные тренировки, 20% на услуги бара, салона красоты и СПА. «ГУТА-клиника» - 60% на консультации врачей-специалистов и услуги лучевой и эндоскопической диагностики, 40% на физиотерапию, помощь на дому и медицинские манипуляции у врачей. Гостиничный бизнес-комплекс – 60% на проживание, 40% на услуги питания и СПА. ГУТА-банк –льготное кредитование и повышенные ставки по вкладам",,https://hh.ru/vacancy/132405281?query=C%23+%D1%80%D0%B0%D0%B7%D1%80%D0%B0%D0%B1%D0%BE%D1%82%D1%87%D0%B8%D0%BA&hhtmFrom=vacancy_search_list
Unity-разработчик (GameDev),ООО Кибертаг,"Смоленск, р-н Промышленный",Не указана,,,,"О нас: Наша команда активно развивает крупнейшую франшизу VR-арен. Благодаря нашим талантливым специалистам - VR игры набирают популярность по всему миру. Сейчас, в связи с ростом компании мы ищем человека, который усилит команду. ВАЖНО! Предлагаем работу в офисе - г. Смоленск. Обязанности: — Проектирование, реализация, отладка и поддержка кода игровых механик;— Разработка игровых, презентационных и корпоративных VR-проектов;— Разработка многопользовательских решений;— Взаимодействие с художниками, дизайнерами, тестировщиками и другими разработчиками;— Программирование на C#;— Рецензирование кода, оптимизация. Пожелания к соискателям: — Опыт работы в геймдеве или в смежных областях разработки;— Отличное знание принципов ООП, алгоритмов и структур данных, умение применять их на практике;— Понимание основных паттернов проектирования, технологий и процессов разработки;— Наличие портфолио (коммерческих или собственных проектов);— Опыт работы с языком программирования C#;— Представление о программном обеспечении, используемом в игровой индустрии;— Умение работать с системами контроля версий (Git);— Владение техническим английским;  Готовы рассматривать резюме начинающих специалистов!  Условия:— Оформление согласно ТК РФ, испытательный срок 3 месяца;— Конкурентная заработная плата по результатам собеседования;— Полная занятость в офисе, г. Смоленск 5/2;— Дружная и слаженная команда;— Интересные VR-проекты и обучение;— Возможности профессионального развития и роста вместе с компанией.","человека, который усилит команду. ВАЖНО! Предлагаем работу в офисе - г. Смоленск. Обязанности: — Проектирование, реализация, отладка и поддержка кода игровых механик;— Разработка игровых, презентационных и корпоративных VR-проектов;— Разработка многопользовательских решений;— Взаимодействие с художниками, дизайнерами, тестировщиками и другими разработчиками;— Программирование на C#;— Рецензирование кода, оптимизация. Пожелания к соискателям: — Опыт работы в геймдеве или в смежных областях разработки;— Отличное знание принципов ООП, алгоритмов и структур данных, умение применять их на практике;— Понимание основных паттернов проектирования, технологий и процессов разработки;— Наличие портфолио (коммерческих или собственных проектов);— Опыт работы с языком программирования C#;— Представление о программном обеспечении, используемом в игровой индустрии;— Умение работать с системами контроля версий (Git);— Владение техническим английским;  Готовы рассматривать резюме начинающих специалистов!  Условия:— Оформление согласно ТК РФ, испытательный срок 3 месяца;— Конкурентная заработная плата по результатам собеседования;— Полная занятость в офисе, г. Смоленск 5/2;— Дружная и слаженная команда;— Интересные VR-проекты и обучение;— Возможности профессионального развития и роста вместе с компанией.","— Проектирование, реализация, отладка и поддержка кода игровых механик;— Разработка игровых, презентационных и корпоративных VR-проектов;— Разработка многопользовательских решений;— Взаимодействие с художниками, дизайнерами, тестировщиками и другими разработчиками;— Программирование на C#;— Рецензирование кода, оптимизация. Пожелания к соискателям: — Опыт работы в геймдеве или в смежных областях разработки;— Отличное знание принципов ООП, алгоритмов и структур данных, умение применять их на практике;— Понимание основных паттернов проектирования, технологий и процессов разработки;— Наличие портфолио (коммерческих или собственных проектов);— Опыт работы с языком программирования C#;— Представление о программном обеспечении, используемом в игровой индустрии;— Умение работать с системами контроля версий (Git);— Владение техническим английским;  Готовы рассматривать резюме начинающих специалистов!  Условия:— Оформление согласно ТК РФ, испытательный срок 3 месяца;— Конкурентная заработная плата по результатам собеседования;— Полная занятость в офисе, г. Смоленск 5/2;— Дружная и слаженная команда;— Интересные VR-проекты и обучение;— Возможности профессионального развития и роста вместе с компанией.",,https://hh.ru/vacancy/134317074?query=C%23+%D1%80%D0%B0%D0%B7%D1%80%D0%B0%D0%B1%D0%BE%D1%82%D1%87%D0%B8%D0%BA&hhtmFrom=vacancy_search_list
Инженер-разработчик ПО на С#,ООО Комплексная Интеграция,"Барнаул, р-н Железнодорожный",Не указана,,,,"ООО ""Комплексная интеграция "" более 8 лет выполняет монтаж систем электроснабжения и автоматизации на промышленных объектах. Наша компания создает высокотехнологичное программное обеспечение для печати этикеток, маркировки и управления производственным оборудованием, включая интеграцию с системой «Честный знак». Для разработки решений по автоматизации и цифровизации производственных процессов, нам в команду требуется Инженер-разработчик ПО для С#. Чем предстоит заниматься: - Разрабатывать и поддерживать модульный программный комплекс для управления оборудованием на производственных предприятиях, включая роботизированные манипуляторы и системы машинного зрения.- Создавать и конфигурировать серверное приложение для Windows, которое станет гибким и масштабируемым ядром для интеграции с производственным оборудованием.- Разрабатывать и тестировать модули серверного ПО, обеспечивающие взаимодействие с приборами, управляемыми через промышленное оборудование.- Интегрировать ПО с системой «Честный знак» для обеспечения прослеживаемости продукции на всех этапах. Мы ждем от кандидата: - Уверенное владение C# и опыт работы с Git для управления версиями кода.- Умение быстро осваивать новые инструменты и оборудование.- Опыт работы с базами данных, предпочтительно MySQL и Entity Framework.- Понимание сетевых протоколов(опыт работы с сокетами и взаимодействие по ним будет преимуществом).- Умение читать и понимать техническую документацию. Мы предлагаем:  Официальное трудоустройство; Гибкий график работы, ориентированный на специфику производственных проектов; Корпоративное обучение для повышения квалификации и навыков работы с новыми инструментами. Конкурентную заработную плату с комбинированной системой мотивации, ориентированной на достижение результатов; Перспективу карьерного роста до позиции ведущего разработчика и участия в сложных проектах автоматизации; Комфортное рабочее пространство с современным оборудованием и всеми условиями для продуктивной работы; Кафетерий льгот после года работы: Корпоративное ДМС; Оплата годовой карты в фитнес-центр с бассейном или годовой курс массажа; Оплата необходимого дополнительного образования по запросу; Парковочное место; Корпоративные праздники на природе;  Мы ждём лучших специалистов, чтобы предложить вам условия для развития и успеха!","лучших специалистов, чтобы предложить вам условия для развития и успеха!","- Разрабатывать и поддерживать модульный программный комплекс для управления оборудованием на производственных предприятиях, включая роботизированные манипуляторы и системы машинного зрения.- Создавать и конфигурировать серверное приложение для Windows, которое станет гибким и масштабируемым ядром для интеграции с производственным оборудованием.- Разрабатывать и тестировать модули серверного ПО, обеспечивающие взаимодействие с приборами, управляемыми через промышленное оборудование.- Интегрировать ПО с системой «Честный знак» для обеспечения прослеживаемости продукции на всех этапах. Мы ждем от кандидата: - Уверенное владение C# и опыт работы с Git для управления версиями кода.- Умение быстро осваивать новые инструменты и оборудование.- Опыт работы с базами данных, предпочтительно MySQL и Entity Framework.- Понимание сетевых протоколов(опыт работы с сокетами и взаимодействие по ним будет преимуществом).- Умение читать и понимать техническую документацию. Мы предлагаем:  Официальное трудоустройство; Гибкий график работы, ориентированный на специфику производственных проектов; Корпоративное обучение для повышения квалификации и навыков работы с новыми инструментами. Конкурентную заработную плату с комбинированной системой мотивации, ориентированной на достижение результатов; Перспективу карьерного роста до позиции ведущего разработчика и участия в сложных проектах автоматизации; Комфортное рабочее пространство с современным оборудованием и всеми условиями для продуктивной работы; Кафетерий льгот после года работы: Корпоративное ДМС; Оплата годовой карты в фитнес-центр с бассейном или годовой курс массажа; Оплата необходимого дополнительного образования по запросу; Парковочное место; Корпоративные праздники на природе;  Мы ждём лучших специалистов, чтобы предложить вам условия для развития и успеха!",,https://hh.ru/vacancy/133444405?query=C%23+%D1%80%D0%B0%D0%B7%D1%80%D0%B0%D0%B1%D0%BE%D1%82%D1%87%D0%B8%D0%BA&hhtmFrom=vacancy_search_list
Руководитель/Team Lead отдела разработки С#,АО АВТОДОМ,Москва,Не указана,30000000.0,30000000.0,30000000.0,"АВТОДОМ/АвтоСпецЦентр - Ведущий лидер в сфере автомобильного бизнеса! Успешно реализуем деятельность начиная с 1992 года. В холдинге представлено более 35 Дилерских центров по Москве и МО, в портфеле ГК более 40 автомобильных брендов, штат превышает 5 000 уникальных сотрудников! Дилерские центры получают награду «Лучший дилер по итогам года» несколько лет подряд. Компания постоянно развивается, строит новые дилерские центры и пересматривает инфраструктуру существующих. На сегодняшний день в компании реализуются множество масштабных проектов. У тебя есть шанс, стать частью нашей огромной команды, применить свои навыки, идеи и знания. Чем предстоит заниматься:  Полное ведение технической тактики на стартовом этапе (распределение задач, первичная оценка, контроль сроков, поддержание дисциплины в трекере) с последующей передачей рутины на уровень команд; Руководство устоявшейся командой (12 разработчиков), менторство, планомерное преодоление узкой специализации инженеров и расширение их зон ответственности; Исполнение концепта по постепенному выделению сервисного слоя из исторической DMS-системы (dealer management system) и приземление его на уровень реального кода; Модернизация процессов и инфраструктуры: лидирование перехода с SVN на Git, развитие CI/CD (GitLab CI), платформенный апгрейд десктопного клиента (.NET). Hands-on разработка: личное участие в написании кода, проведении Code Review, аудит и наведение порядка в массиве бизнес-логики (MS SQL) и интеграционных шлюзах, участие в устранении критических инцидентов.  Требования:  От 3 лет на позиции Tech Lead, Team Lead или «играющего» руководителя разработки Глубокая экспертиза в MS SQL Server; Уверенное владение T-SQL, практический опыт написания, оптимизации и профилирования сложных хранимых процедур; Backend / Frontend: уверенное владение C# и платформой .NET; Понимание ООП, структур данных, готовность работать с классическим стеком для поддержки Desktop-клиента (WinForms, DevExpress); Уверенное владение Git, практическое понимание принципов выстраивания CI/CD (опыт работы с GitLab CI будет плюсом); Опыт работы с брокерами сообщений (RabbitMQ / Kafka), генераторами отчетов (FastReport.NET, StimulReport.NET).  Мы обеспечим для тебя:  Комфортный и уютный офис на выбор в одном из Дилерских центров:  Дилерский центр PORSCHE по адресу: Ленинский пр-т., 107 (м. Калужская, БКЛ Новаторская в шаговой доступности); Дилерский Центр AUDI по адресу: Варшавское шоссе, 91А (м. Варшавская в шаговой доступности);  Оформление в штат компании по ТК РФ с первого рабочего дня, оформление в IT компанию Холдинга. График работы: 5/2 с 09:00 до 18:00. ОФИСНЫЙ РЕЖИМ РАБОТЫ. Гибридный формат после испытательного срока; Учитывая масштабы Холдинга, есть перспектива роста! Скидки на покупку и обслуживание личного автомобиля; Скидки на покупку запчастей и аксессуаров брендов компании;  Действует акция «Приведи друга», по которой можно получить премию 30 000 руб.;   Корпоративная программа скидок и привилегий более чем у 2500 компаний-партнеров, благодаря которой Вы сможете сэкономить на покупке техники, продуктов питания, одежды, книг, туров, онлайн-подписок и многого другого.  Льготные программы страхования/кредитования; Профессиональный и дружный коллектив; Поддерживающая атмосфера и приятный микроклимат в компании.","От 3 лет на позиции Tech Lead, Team Lead или «играющего» руководителя разработки Глубокая экспертиза в MS SQL Server; Уверенное владение T-SQL, практический опыт написания, оптимизации и профилирования сложных хранимых процедур; Backend / Frontend: уверенное владение C# и платформой .NET; Понимание ООП, структур данных, готовность работать с классическим стеком для поддержки Desktop-клиента (WinForms, DevExpress); Уверенное владение Git, практическое понимание принципов выстраивания CI/CD (опыт работы с GitLab CI будет плюсом); Опыт работы с брокерами сообщений (RabbitMQ / Kafka), генераторами отчетов (FastReport.NET, StimulReport.NET).  Мы обеспечим для тебя:  Комфортный и уютный офис на выбор в одном из Дилерских центров:  Дилерский центр PORSCHE по адресу: Ленинский пр-т., 107 (м. Калужская, БКЛ Новаторская в шаговой доступности); Дилерский Центр AUDI по адресу: Варшавское шоссе, 91А (м. Варшавская в шаговой доступности);  Оформление в штат компании по ТК РФ с первого рабочего дня, оформление в IT компанию Холдинга. График работы: 5/2 с 09:00 до 18:00. ОФИСНЫЙ РЕЖИМ РАБОТЫ. Гибридный формат после испытательного срока; Учитывая масштабы Холдинга, есть перспектива роста! Скидки на покупку и обслуживание личного автомобиля; Скидки на покупку запчастей и аксессуаров брендов компании;  Действует акция «Приведи друга», по которой можно получить премию 30 000 руб.;   Корпоративная программа скидок и привилегий более чем у 2500 компаний-партнеров, благодаря которой Вы сможете сэкономить на покупке техники, продуктов питания, одежды, книг, туров, онлайн-подписок и многого другого.  Льготные программы страхования/кредитования; Профессиональный и дружный коллектив; Поддерживающая атмосфера и приятный микроклимат в компании.","Полное ведение технической тактики на стартовом этапе (распределение задач, первичная оценка, контроль сроков, поддержание дисциплины в трекере) с последующей передачей рутины на уровень команд; Руководство устоявшейся командой (12 разработчиков), менторство, планомерное преодоление узкой специализации инженеров и расширение их зон ответственности; Исполнение концепта по постепенному выделению сервисного слоя из исторической DMS-системы (dealer management system) и приземление его на уровень реального кода; Модернизация процессов и инфраструктуры: лидирование перехода с SVN на Git, развитие CI/CD (GitLab CI), платформенный апгрейд десктопного клиента (.NET). Hands-on разработка: личное участие в написании кода, проведении Code Review, аудит и наведение порядка в массиве бизнес-логики (MS SQL) и интеграционных шлюзах, участие в устранении критических инцидентов.  Требования:  От 3 лет на позиции Tech Lead, Team Lead или «играющего» руководителя разработки Глубокая экспертиза в MS SQL Server; Уверенное владение T-SQL, практический опыт написания, оптимизации и профилирования сложных хранимых процедур; Backend / Frontend: уверенное владение C# и платформой .NET; Понимание ООП, структур данных, готовность работать с классическим стеком для поддержки Desktop-клиента (WinForms, DevExpress); Уверенное владение Git, практическое понимание принципов выстраивания CI/CD (опыт работы с GitLab CI будет плюсом); Опыт работы с брокерами сообщений (RabbitMQ / Kafka), генераторами отчетов (FastReport.NET, StimulReport.NET).  Мы обеспечим для тебя:  Комфортный и уютный офис на выбор в одном из Дилерских центров:  Дилерский центр PORSCHE по адресу: Ленинский пр-т., 107 (м. Калужская, БКЛ Новаторская в шаговой доступности); Дилерский Центр AUDI по адресу: Варшавское шоссе, 91А (м. Варшавская в шаговой доступности);  Оформление в штат компании по ТК РФ с первого рабочего дня, оформление в IT компанию Холдинга. График работы: 5/2 с 09:00 до 18:00. ОФИСНЫЙ РЕЖИМ РАБОТЫ. Гибридный формат после испытательного срока; Учитывая масштабы Холдинга, есть перспектива роста! Скидки на покупку и обслуживание личного автомобиля; Скидки на покупку запчастей и аксессуаров брендов компании;  Действует акция «Приведи друга», по которой можно получить премию 30 000 руб.;   Корпоративная программа скидок и привилегий более чем у 2500 компаний-партнеров, благодаря которой Вы сможете сэкономить на покупке техники, продуктов питания, одежды, книг, туров, онлайн-подписок и многого другого.  Льготные программы страхования/кредитования; Профессиональный и дружный коллектив; Поддерживающая атмосфера и приятный микроклимат в компании.",,https://hh.ru/vacancy/134276155?query=C%23+%D1%80%D0%B0%D0%B7%D1%80%D0%B0%D0%B1%D0%BE%D1%82%D1%87%D0%B8%D0%BA&hhtmFrom=vacancy_search_list
Начинающий специалист отдела внедрения,ООО Центр Информационных Технологий БАРС,"Ижевск, р-н Октябрьский",Не указана,,,,"Присоединяйтесь к команде Центра Информационных Технологий «БАРС»! Центр Информационных Технологий «БАРС» - российская компания-разработчик высокотехнологичных программных продуктов для государственных учреждений, предприятий среднего и крупного бизнеса. Более 23 лет на рынке.  Входим в ТОП-3 программных решений России по автоматизации управления имуществом и земельными ресурсами. Более 1790 лицензий на территории РФ.  Мы ищем внимательного и общительного специалиста (со знанием простых запросов SQL), который готов стать частью нашей команды и помогать клиентам в использовании программы БАРС-Имущество!  Также готовы рассмотреть выпускников последних курсов учебных заведений. Чем предстоит заниматься:  Внедрение продукта согласно этапам внедрения; Собирать данные для конвертации базы; Устанавливать конвертированную базу у клиента; Проводить обучение, настраивать базу, донастраивать систему в процессе; Оказывать устные/письменные консультации, техподдержку, удаленное подключение; Исправлять стандартные ошибки без изменения функционала; Обрабатывать обращения по регламенту и срокам; Выполнять поручения руководителя.  Мы ожидаем от вас: - Высшее или среднее специальное образование; - Знание основ построения SQL-запросов в любых СУБД; -Умение грамотно излагать мысли как устно, так и письменно. Что мы предлагаем:  Работа в аккредитованной ИТ-компании; Оформление по ТК РФ, социальные гарантии; Наставника на период адаптации; Корпоративные мероприятия, подарки от компании на значимые даты; ДМС; Компенсация на спорт и фитнес; Карьерный рост в рамках компании; Работа в современном офисе в центре города, с кухней, комнатой отдыха с настольным теннисом, турником, настольными играми. Возможность прокачать hard-skills на реальных задачах: работа с sql-запросами, с базами данных MS SQL и Postgres, работа с языками программирования C# и Java, работа с редакторами отчетов Fastreport, Devexpress, Birt.","внимательного и общительного специалиста (со знанием простых запросов SQL), который готов стать частью нашей команды и помогать клиентам в использовании программы БАРС-Имущество!  Также готовы рассмотреть выпускников последних курсов учебных заведений. Чем предстоит заниматься:  Внедрение продукта согласно этапам внедрения; Собирать данные для конвертации базы; Устанавливать конвертированную базу у клиента; Проводить обучение, настраивать базу, донастраивать систему в процессе; Оказывать устные/письменные консультации, техподдержку, удаленное подключение; Исправлять стандартные ошибки без изменения функционала; Обрабатывать обращения по регламенту и срокам; Выполнять поручения руководителя.  Мы ожидаем от вас: - Высшее или среднее специальное образование; - Знание основ построения SQL-запросов в любых СУБД; -Умение грамотно излагать мысли как устно, так и письменно. Что мы предлагаем:  Работа в аккредитованной ИТ-компании; Оформление по ТК РФ, социальные гарантии; Наставника на период адаптации; Корпоративные мероприятия, подарки от компании на значимые даты; ДМС; Компенсация на спорт и фитнес; Карьерный рост в рамках компании; Работа в современном офисе в центре города, с кухней, комнатой отдыха с настольным теннисом, турником, настольными играми. Возможность прокачать hard-skills на реальных задачах: работа с sql-запросами, с базами данных MS SQL и Postgres, работа с языками программирования C# и Java, работа с редакторами отчетов Fastreport, Devexpress, Birt.","Внедрение продукта согласно этапам внедрения; Собирать данные для конвертации базы; Устанавливать конвертированную базу у клиента; Проводить обучение, настраивать базу, донастраивать систему в процессе; Оказывать устные/письменные консультации, техподдержку, удаленное подключение; Исправлять стандартные ошибки без изменения функционала; Обрабатывать обращения по регламенту и срокам; Выполнять поручения руководителя.  Мы ожидаем от вас: - Высшее или среднее специальное образование; - Знание основ построения SQL-запросов в любых СУБД; -Умение грамотно излагать мысли как устно, так и письменно. Что мы предлагаем:  Работа в аккредитованной ИТ-компании; Оформление по ТК РФ, социальные гарантии; Наставника на период адаптации; Корпоративные мероприятия, подарки от компании на значимые даты; ДМС; Компенсация на спорт и фитнес; Карьерный рост в рамках компании; Работа в современном офисе в центре города, с кухней, комнатой отдыха с настольным теннисом, турником, настольными играми. Возможность прокачать hard-skills на реальных задачах: работа с sql-запросами, с базами данных MS SQL и Postgres, работа с языками программирования C# и Java, работа с редакторами отчетов Fastreport, Devexpress, Birt.",,https://hh.ru/vacancy/134194571?query=C%23+%D1%80%D0%B0%D0%B7%D1%80%D0%B0%D0%B1%D0%BE%D1%82%D1%87%D0%B8%D0%BA&hhtmFrom=vacancy_search_list
Ведущий программист .NET,БПМСОФТ,Самара,Не указана,,,,"BPMSoft – аккредитованная IT-компания с современным уровнем организации работы. Мы входим в крупный IT-холдинг LANSOFT. У нас более 500 клиентов – банки, ритейл, ТЭК, промышленность, фармацевтика, девелопмент, госуправление и др. – и более 1000 реализованных IT-проектов. Партнеры BPMSoft – это более 160 российских и белорусских компаний по внедрению и разработке, включая ТОП-интеграторов России. BPMSoft – лидер российского рынка CRM, BPM и low-code по версиям Фонда Сколково, Технологии Доверия (ранее PricewaterhouseCoopers в России), CNews, TAdviser, Компьютерра. Наш флагманский продукт – это low-code платформа с BPM-движком, которая позволяет клиентам автоматизировать различные процессы для большого количества пользователей. На платформе у нас мощные готовые решения – это CRM, ITSM и партнерские продукты (НRM, SRM, ЭДО и т.д). Мы усиливаем команду пакетной разработки и приглашаем Ведущего программиста присоединиться к нашей команде. НАШИ ПОЖЕЛАНИЯ К ТЕХНИЧЕСКИМ НАВЫКАМ:  Знание и опыт работы с платформой BPMSoft; Глубокое понимание стэка технологий платформы BPMSoft (С#, JavaScript); C#: .NET Framework / .NET Core / .NET: Глубокое понимание платформы .NET и ее возможностей; SQL Server / PostgreSQL / Redis: Опыт работы с реляционными и NoSQL базами данных; CI/CD: Понимание принципов непрерывной интеграции и непрерывной доставки; Опыт работы с одним или несколькими frontend-фреймворками (Angular, Ext.js); Знание и опыт использования инструментов написания Unit-тестов.  НАШИ ПОЖЕЛАНИЯ К НАВЫКАМ УПРАВЛЕНИЯ:  Умение четко ставить задачи команде, своевременно доносить их до всех участников; Умение мотивировать команду на достижение высоких результатов; Умение правильно распределять задачи между членами команды, учитывая их навыки и загруженность; Предоставление обратной связи, менторинг для развития навыков членов команды; Готовность брать на себя ответственность за принятые решения; Умение выявлять и оценивать риски, связанные с проектами и задачами.  ЧЕМ ПРЕДСТОИТ ЗАНИМАТЬСЯ:  Разработка систем на базе продуктов BPMSoft, интеграций с другими системами (телефония, шины данных, веб-сервисы, БД); Управление командой разработки до 6-7 человек; Взаимодействие с заказчиками в рамках технических и организационных вопросов; Анализ и оценка технических решений для настройки и разработки требуемой функциональности;  Эффективное и качественное написание кода вместе с командой;  Курирование процесса наставничества младших разработчиков; Разработка технической проектной документации, согласование её с заказчиками; Найм разработчиков в команду.  ЧТО МЫ МОЖЕМ ВАМ ПРЕДЛОЖИТЬ:  Много интересной работы в сильном отечественном вендоре; Мы являемся аккредитованной ИТ-компанией; Стабильная заработная плата, оформление в штат; Отличный офис с комфортным рабочим пространством, зонами отдыха, уютным фудкортом; ДМС со стоматологией и сервисом психологической помощи; Наличие профессионального и карьерного роста; Обучение: корпоративный университет, электронная библиотека МИФ, вебинары с внешними и внутренними экспертами; Скидки на использование услуг страхования, скидки на изучение иностранных языков; Карта лояльности от Inventive Retail Group (reStore, Мир Кубиков, Street Beat, Hiker, Samsung, Xiaomi, UNOde50);  BestBenefits – сервис скидок и привилегий для корпоративных клиентов, пользователей и партнеров;  Футбольный, волейбольный и баскетбольный клубы, скидки на приобретение абонементов для занятий в фитнес клубе; Корпоративные тарифы на мобильную связь; Адекватное отношение со стороны руководства, отсутствие лишней бюрократии; Технологическая команда. Гибкие и открытые!",,"Разработка систем на базе продуктов BPMSoft, интеграций с другими системами (телефония, шины данных, веб-сервисы, БД); Управление командой разработки до 6-7 человек; Взаимодействие с заказчиками в рамках технических и организационных вопросов; Анализ и оценка технических решений для настройки и разработки требуемой функциональности;  Эффективное и качественное написание кода вместе с командой;  Курирование процесса наставничества младших разработчиков; Разработка технической проектной документации, согласование её с заказчиками; Найм разработчиков в команду.  ЧТО МЫ МОЖЕМ ВАМ ПРЕДЛОЖИТЬ:  Много интересной работы в сильном отечественном вендоре; Мы являемся аккредитованной ИТ-компанией; Стабильная заработная плата, оформление в штат; Отличный офис с комфортным рабочим пространством, зонами отдыха, уютным фудкортом; ДМС со стоматологией и сервисом психологической помощи; Наличие профессионального и карьерного роста; Обучение: корпоративный университет, электронная библиотека МИФ, вебинары с внешними и внутренними экспертами; Скидки на использование услуг страхования, скидки на изучение иностранных языков; Карта лояльности от Inventive Retail Group (reStore, Мир Кубиков, Street Beat, Hiker, Samsung, Xiaomi, UNOde50);  BestBenefits – сервис скидок и привилегий для корпоративных клиентов, пользователей и партнеров;  Футбольный, волейбольный и баскетбольный клубы, скидки на приобретение абонементов для занятий в фитнес клубе; Корпоративные тарифы на мобильную связь; Адекватное отношение со стороны руководства, отсутствие лишней бюрократии; Технологическая команда. Гибкие и открытые!",,https://hh.ru/vacancy/134024161?query=C%23+%D1%80%D0%B0%D0%B7%D1%80%D0%B0%D0%B1%D0%BE%D1%82%D1%87%D0%B8%D0%BA&hhtmFrom=vacancy_search_list
"FullStack-разработчик (ASP.NET, Angular 17, TypeScript) (проект Лоцман: PLM)",АСКОН,Санкт-Петербург,Не указана,,,,"Мы разрабатываем инженерное программное обеспечение для роста промышленности и строительства, признаны системообразующей организацией российской экономики, входим в реестр аккредитованных ИТ-компаний Минцифры России и ТОП-100 крупнейших ИТ-компаний России в рейтинге Cnews. Мы в поисках FullStack-разработчик (ASP.NET, Angular 17, TypeScript) для участия в разработке Web-версии программного комплекса- ЛОЦМАН:PLM. ЛОЦМАН:PLM - это система управления инженерными данными и жизненным циклом изделия, предназначена для автоматизации конструкторско-технологической подготовки производства. Если вы готовы принять вызов и внести значимый вклад в командную работу, присоединяйтесь к нам. Обязанности:   разработка прикладных веб-приложений для ЛОЦМАН:PLM с использованием ASP.NET, Angular 17 и TypeScript;   написание чистого, поддерживаемого кода в соответствии с техническими заданиями;   покрытие кода модульными тестами для обеспечения качества;   участие в code review и работа в команде.   Требования:   опыт коммерческой разработки в стеке ASP.NET, Angular 2+ (от 3 лет);   уверенное владение C#, TypeScript, RxJS;   понимание принципов модульного тестирования;   высшее профильное образование.   Условия:   стабильность: работа в устойчиво развивающейся, аккредитованной IT- компании;   официальное трудоустройство, соблюдение компанией всех социальных гарантий;   ДМС после испытательного срока, доплата больничных до 100%;   частичная компенсация спортивных абонементов;   гибкий формат работы: вы можете выбрать удаленное сотрудничество или предпочесть работу в одном из наших центров разработки;   достойная заработная плата + ежегодные премии. Итоговый уровень дохода обсуждается с успешным кандидатом на собеседовании;   возможность работать в стабильной продуктовой компании и принять участие в разработке продукта, который уже 20 лет является лидером рынка инженерного ПО;   возможность обучения и участия в конференциях за счет компании.","опыт коммерческой разработки в стеке ASP.NET, Angular 2+ (от 3 лет);   уверенное владение C#, TypeScript, RxJS;   понимание принципов модульного тестирования;   высшее профильное образование.   Условия:   стабильность: работа в устойчиво развивающейся, аккредитованной IT- компании;   официальное трудоустройство, соблюдение компанией всех социальных гарантий;   ДМС после испытательного срока, доплата больничных до 100%;   частичная компенсация спортивных абонементов;   гибкий формат работы: вы можете выбрать удаленное сотрудничество или предпочесть работу в одном из наших центров разработки;   достойная заработная плата + ежегодные премии. Итоговый уровень дохода обсуждается с успешным кандидатом на собеседовании;   возможность работать в стабильной продуктовой компании и принять участие в разработке продукта, который уже 20 лет является лидером рынка инженерного ПО;   возможность обучения и участия в конференциях за счет компании.","разработка прикладных веб-приложений для ЛОЦМАН:PLM с использованием ASP.NET, Angular 17 и TypeScript;   написание чистого, поддерживаемого кода в соответствии с техническими заданиями;   покрытие кода модульными тестами для обеспечения качества;   участие в code review и работа в команде.   Требования:   опыт коммерческой разработки в стеке ASP.NET, Angular 2+ (от 3 лет);   уверенное владение C#, TypeScript, RxJS;   понимание принципов модульного тестирования;   высшее профильное образование.   Условия:   стабильность: работа в устойчиво развивающейся, аккредитованной IT- компании;   официальное трудоустройство, соблюдение компанией всех социальных гарантий;   ДМС после испытательного срока, доплата больничных до 100%;   частичная компенсация спортивных абонементов;   гибкий формат работы: вы можете выбрать удаленное сотрудничество или предпочесть работу в одном из наших центров разработки;   достойная заработная плата + ежегодные премии. Итоговый уровень дохода обсуждается с успешным кандидатом на собеседовании;   возможность работать в стабильной продуктовой компании и принять участие в разработке продукта, который уже 20 лет является лидером рынка инженерного ПО;   возможность обучения и участия в конференциях за счет компании.",,https://hh.ru/vacancy/132117945?query=C%23+%D1%80%D0%B0%D0%B7%D1%80%D0%B0%D0%B1%D0%BE%D1%82%D1%87%D0%B8%D0%BA&hhtmFrom=vacancy_search_list
Инженер-конструктор по робототехнике,Комос Групп,"Ижевск, р-н Устиновский",Не указана,,,,"Агропромышленный холдинг ""КОМОС ГРУПП"" приглашает кандидатов на вакансию Инженер-конструктор по робототехнике. Обязанности:    Разработка проектов по роботизации производственных процессов. Интеграция робототехнических комплексов с существующими производственными линиями заказчика. Анализ производственных процессов для определения оптимальных технических решений по автоматизации. Создание технической документации в CAD-системах. Проведение пуско-наладочных работ оборудования на объектах. Программирование промышленных роботов под конкретные технологические задачи. Настройка и внесение изменений в проекты различных контроллеров (PLC). Модификация существующего программного обеспечения управления роботами (Python, C#). Обучение персонала работе с роботизированным оборудованием. Диагностика неисправностей и устранение технических проблем на объектах. Управление командой до 5 человек (распределение задач, контроль исполнения, наставничество).  Требования:  Высшее техническое образование. Опыт в сфере промышленной автоматизации. Опыт работы с промышленными роботами.  Знание PLC.   Основы языков программирования (Python, C#).   Уверенное владение CAD-системами, продвинутый уровень работы с офисным ПО.  Желателен технический английский. Готовность к командировкам.  Условия:  Работа в крупном агропромышленном холдинге. Конкурентоспособный уровень заработной платы, который обсуждается индивидуально. Возможность обучения, развития, карьерного и профессионального роста. Место работы: ул. В. Шоссе, д. 178.","Высшее техническое образование. Опыт в сфере промышленной автоматизации. Опыт работы с промышленными роботами.  Знание PLC.   Основы языков программирования (Python, C#).   Уверенное владение CAD-системами, продвинутый уровень работы с офисным ПО.  Желателен технический английский. Готовность к командировкам.  Условия:  Работа в крупном агропромышленном холдинге. Конкурентоспособный уровень заработной платы, который обсуждается индивидуально. Возможность обучения, развития, карьерного и профессионального роста. Место работы: ул. В. Шоссе, д. 178.","Разработка проектов по роботизации производственных процессов. Интеграция робототехнических комплексов с существующими производственными линиями заказчика. Анализ производственных процессов для определения оптимальных технических решений по автоматизации. Создание технической документации в CAD-системах. Проведение пуско-наладочных работ оборудования на объектах. Программирование промышленных роботов под конкретные технологические задачи. Настройка и внесение изменений в проекты различных контроллеров (PLC). Модификация существующего программного обеспечения управления роботами (Python, C#). Обучение персонала работе с роботизированным оборудованием. Диагностика неисправностей и устранение технических проблем на объектах. Управление командой до 5 человек (распределение задач, контроль исполнения, наставничество).  Требования:  Высшее техническое образование. Опыт в сфере промышленной автоматизации. Опыт работы с промышленными роботами.  Знание PLC.   Основы языков программирования (Python, C#).   Уверенное владение CAD-системами, продвинутый уровень работы с офисным ПО.  Желателен технический английский. Готовность к командировкам.  Условия:  Работа в крупном агропромышленном холдинге. Конкурентоспособный уровень заработной платы, который обсуждается индивидуально. Возможность обучения, развития, карьерного и профессионального роста. Место работы: ул. В. Шоссе, д. 178.",,https://hh.ru/vacancy/131611882?query=C%23+%D1%80%D0%B0%D0%B7%D1%80%D0%B0%D0%B1%D0%BE%D1%82%D1%87%D0%B8%D0%BA&hhtmFrom=vacancy_search_list
Программист С++ / C#,ПАО Элемент,Москва,Не указана,,,,"Группа компаний «Элемент» — национальный лидер в сфере высоких технологий.Мы создаем технологии для цифровой эволюции бизнеса и общества. В настоящее время ГК объединяет ведущие предприятия в сфере разработки, производства и дизайна микроэлектроники, являясь партнером первой линии для промышленного, телекоммуникационного, финансового и энергетического сегментов. В дочерней компании по разработке высокотехнологичных установок для микроэлектроники открыта вакансия Программист С++ / C# Обязанности:  Разработка кроссплатформенного программного обеспечения для промышленного оборудования. Проектирование архитектуры ПО. Разработка приложений на языке C#/С++. Разработка графического пользовательского интерфейса (GUI). Отладка и сопровождение программного обеспечения. Подготовка и ведение технической документации (описание архитектуры ПО, алгоритмов, инструкций пользователя).  Требования:  Опыт разработки приложений на C#/С++ от 3 лет Знание .NET Framework, .NET Core Опыт разработки интерфейсов пользователя Qt, WPF+MVVM Знания парадигм ООП, знание и опыт использования шаблонов проектирования Понимание основ БД, синтаксиса SQL Опыт программирования под ОС Windows и Linux Технический английский язык Знание протоколов обмена JSON Опыт работы с промышленными протоколами (OPC DA/UA, ModBus RTU/TCP, EtherCAT). Опыт командной разработки: Битрикс24, GitHub/GitLab.  Условия:  Стабильная интересная работа в крупном российском холдинге; Конкурентная заработная плата, система премирования; ""Зеленый свет"" для новых идей и предложений: мы часто делаем то, на что другие не отваживаются; Возможность обучения (в т.ч. оплачиваемого) и серьезного развития профессиональных навыков; Оформление согласно ТК РФ; График работы 5/2 с 10:00 до 19:00; ДМС, страхование жизни после испытательного срока.","Опыт разработки приложений на C#/С++ от 3 лет Знание .NET Framework, .NET Core Опыт разработки интерфейсов пользователя Qt, WPF+MVVM Знания парадигм ООП, знание и опыт использования шаблонов проектирования Понимание основ БД, синтаксиса SQL Опыт программирования под ОС Windows и Linux Технический английский язык Знание протоколов обмена JSON Опыт работы с промышленными протоколами (OPC DA/UA, ModBus RTU/TCP, EtherCAT). Опыт командной разработки: Битрикс24, GitHub/GitLab.  Условия:  Стабильная интересная работа в крупном российском холдинге; Конкурентная заработная плата, система премирования; ""Зеленый свет"" для новых идей и предложений: мы часто делаем то, на что другие не отваживаются; Возможность обучения (в т.ч. оплачиваемого) и серьезного развития профессиональных навыков; Оформление согласно ТК РФ; График работы 5/2 с 10:00 до 19:00; ДМС, страхование жизни после испытательного срока.","Разработка кроссплатформенного программного обеспечения для промышленного оборудования. Проектирование архитектуры ПО. Разработка приложений на языке C#/С++. Разработка графического пользовательского интерфейса (GUI). Отладка и сопровождение программного обеспечения. Подготовка и ведение технической документации (описание архитектуры ПО, алгоритмов, инструкций пользователя).  Требования:  Опыт разработки приложений на C#/С++ от 3 лет Знание .NET Framework, .NET Core Опыт разработки интерфейсов пользователя Qt, WPF+MVVM Знания парадигм ООП, знание и опыт использования шаблонов проектирования Понимание основ БД, синтаксиса SQL Опыт программирования под ОС Windows и Linux Технический английский язык Знание протоколов обмена JSON Опыт работы с промышленными протоколами (OPC DA/UA, ModBus RTU/TCP, EtherCAT). Опыт командной разработки: Битрикс24, GitHub/GitLab.  Условия:  Стабильная интересная работа в крупном российском холдинге; Конкурентная заработная плата, система премирования; ""Зеленый свет"" для новых идей и предложений: мы часто делаем то, на что другие не отваживаются; Возможность обучения (в т.ч. оплачиваемого) и серьезного развития профессиональных навыков; Оформление согласно ТК РФ; График работы 5/2 с 10:00 до 19:00; ДМС, страхование жизни после испытательного срока.",,https://hh.ru/vacancy/132539803?query=C%23+%D1%80%D0%B0%D0%B7%D1%80%D0%B0%D0%B1%D0%BE%D1%82%D1%87%D0%B8%D0%BA&hhtmFrom=vacancy_search_list
Инженер-программист РЭА,НОВО,"Мытищи, улица Колпакова, 2",Не указана,,,,"Обязанности:  Разработка встроенного ПО (микроконтроллеры STM32 или другие ARM Cortex-M) на С Написание десктопных приложений на C#, С++ для взаимодействия с железом Работа с периферией (UART, I2C, SPI, CAN, ADC, DMA, USB, Ethernet) Участие в проектировании новых устройств Отладка и тестирование кода, работа с документацией    Требования:  Опыт разработки под STM32 (или другие ARM Cortex-M) в средах Keil, или STM32CubeIDE Понимание схемотехники (умение читать документацию и принципиальные схемы) Знание C, C++, С# Умение разбираться в чужом коде и писать свой понятно и структурированоБудет плюсом:  Опыт работы с FreeRTOS или другими ОСРВ Опыт разработки ПО под Linux    Условия:  уровень заработной платы по итогам собеседования оформление согласно ТК РФ пятидневная рабочая неделя с 9.30-18.00 предоставляется парковочное место на автостоянке","Опыт разработки под STM32 (или другие ARM Cortex-M) в средах Keil, или STM32CubeIDE Понимание схемотехники (умение читать документацию и принципиальные схемы) Знание C, C++, С# Умение разбираться в чужом коде и писать свой понятно и структурированоБудет плюсом:  Опыт работы с FreeRTOS или другими ОСРВ Опыт разработки ПО под Linux    Условия:  уровень заработной платы по итогам собеседования оформление согласно ТК РФ пятидневная рабочая неделя с 9.30-18.00 предоставляется парковочное место на автостоянке","Разработка встроенного ПО (микроконтроллеры STM32 или другие ARM Cortex-M) на С Написание десктопных приложений на C#, С++ для взаимодействия с железом Работа с периферией (UART, I2C, SPI, CAN, ADC, DMA, USB, Ethernet) Участие в проектировании новых устройств Отладка и тестирование кода, работа с документацией    Требования:  Опыт разработки под STM32 (или другие ARM Cortex-M) в средах Keil, или STM32CubeIDE Понимание схемотехники (умение читать документацию и принципиальные схемы) Знание C, C++, С# Умение разбираться в чужом коде и писать свой понятно и структурированоБудет плюсом:  Опыт работы с FreeRTOS или другими ОСРВ Опыт разработки ПО под Linux    Условия:  уровень заработной платы по итогам собеседования оформление согласно ТК РФ пятидневная рабочая неделя с 9.30-18.00 предоставляется парковочное место на автостоянке",,https://hh.ru/vacancy/134457407?query=C%23+%D1%80%D0%B0%D0%B7%D1%80%D0%B0%D0%B1%D0%BE%D1%82%D1%87%D0%B8%D0%BA&hhtmFrom=vacancy_search_list
Middle Unity Developer,Overmobile,"Новосибирск, р-н Советский",Не указана,,,,"Компания Overmobile - аккредитованная it-компания, разработчик мобильных игр с 19-летним опытом и успешными реализованными проектами, в которые успели поиграть уже более 50 млн. игроков! Мы находимся в поиске самостоятельного и нацеленного на успех Middle Unity 3D разработчика для работы над успешным проектом ролевой стратегии ""Raid&Rush"". Задачи:   Работа над улучшением клиентской части игры   Написание эффективной системы UI   Настройка диалогов, анимаций и эффектов в игре   Наши пожелания к кандидату:   Опыт коммерческой разработки игр на Unity 3D не менее 1 года   Знание uGUI и наличие опыта работы с ней   Опыт разработки приложений для мобильных платформ IOS/Android   Знание C# на отличном уровне   Готовность выполнить тестовое задание   Мы предлагаем:   Работу в стильном новом офисе в Академгородке   Официальное трудоустройство по ТК РФ и полностью белую з/п   Гибкий рабочий график   ДМС и ежемесячную компенсацию занятий спортом   Наставничество опытных коллег в работе над развитием успешного на рынке игрового проекта   Ждем Вашего отклика на вакансию! :) Обратите внимание: на эту позицию ищем исключительно кандидата, готового работать в офисе в Академгородке города Новосибирска!   Удалённое сотрудничество не рассматривается!",,,,https://hh.ru/vacancy/134291055?query=C%23+%D1%80%D0%B0%D0%B7%D1%80%D0%B0%D0%B1%D0%BE%D1%82%D1%87%D0%B8%D0%BA&hhtmFrom=vacancy_search_list
Ведущий программист .NET,БПМСОФТ,Москва,Не указана,,,,"BPMSoft – аккредитованная IT-компания с современным уровнем организации работы. Мы входим в крупный IT-холдинг LANSOFT. У нас более 500 клиентов – банки, ритейл, ТЭК, промышленность, фармацевтика, девелопмент, госуправление и др. – и более 1000 реализованных IT-проектов. Партнеры BPMSoft – это более 160 российских и белорусских компаний по внедрению и разработке, включая ТОП-интеграторов России. BPMSoft – лидер российского рынка CRM, BPM и low-code по версиям Фонда Сколково, Технологии Доверия (ранее PricewaterhouseCoopers в России), CNews, TAdviser, Компьютерра. Наш флагманский продукт – это low-code платформа с BPM-движком, которая позволяет клиентам автоматизировать различные процессы для большого количества пользователей. На платформе у нас мощные готовые решения – это CRM, ITSM и партнерские продукты (НRM, SRM, ЭДО и т.д). Мы усиливаем направление пакетной разработки и приглашаем Ведущего программиста присоединиться к нашей команде. НАШИ ПОЖЕЛАНИЯ К ТЕХНИЧЕСКИМ НАВЫКАМ:  Знание и опыт работы с платформой BPMSoft; Глубокое понимание стэка технологий платформы BPMSoft (С#, JavaScript); C#: .NET Framework / .NET Core / .NET: Глубокое понимание платформы .NET и ее возможностей; SQL Server / PostgreSQL / Redis: Опыт работы с реляционными и NoSQL базами данных; CI/CD: Понимание принципов непрерывной интеграции и непрерывной доставки; Опыт работы с одним или несколькими frontend-фреймворками (Angular, Ext.js); Знание и опыт использования инструментов написания Unit-тестов.  НАШИ ПОЖЕЛАНИЯ К НАВЫКАМ УПРАВЛЕНИЯ:  Умение четко ставить задачи команде, своевременно доносить их до всех участников; Умение мотивировать команду на достижение высоких результатов; Умение правильно распределять задачи между членами команды, учитывая их навыки и загруженность; Предоставление обратной связи, менторинг для развития навыков членов команды; Готовность брать на себя ответственность за принятые решения; Умение выявлять и оценивать риски, связанные с проектами и задачами.  ЧЕМ ПРЕДСТОИТ ЗАНИМАТЬСЯ:  Разработка систем на базе продуктов BPMSoft, интеграций с другими системами (телефония, шины данных, веб-сервисы, БД); Управление командой разработки до 6-7 человек; Взаимодействие с заказчиками в рамках технических и организационных вопросов; Анализ и оценка технических решений для настройки и разработки требуемой функциональности;  Эффективное и качественное написание кода вместе с командой;  Курирование процесса наставничества младших разработчиков; Разработка технической проектной документации, согласование её с заказчиками; Найм разработчиков в команду.  ЧТО МЫ МОЖЕМ ВАМ ПРЕДЛОЖИТЬ:  Много интересной работы в сильном отечественном вендоре; Мы являемся аккредитованной ИТ-компанией; Стабильная заработная плата, оформление в штат; Отличный офис с комфортным рабочим пространством, зонами отдыха, уютным фудкортом; ДМС со стоматологией и сервисом психологической помощи; Наличие профессионального и карьерного роста; Обучение: корпоративный университет, электронная библиотека МИФ, вебинары с внешними и внутренними экспертами; Скидки на использование услуг страхования, скидки на изучение иностранных языков; Карта лояльности от Inventive Retail Group (reStore, Мир Кубиков, Street Beat, Hiker, Samsung, Xiaomi, UNOde50);  BestBenefits – сервис скидок и привилегий для корпоративных клиентов, пользователей и партнеров;  Футбольный, волейбольный и баскетбольный клубы, скидки на приобретение абонементов для занятий в фитнес клубе; Корпоративные тарифы на мобильную связь; Адекватное отношение со стороны руководства, отсутствие лишней бюрократии; Технологическая команда. Гибкие и открытые!",,"Разработка систем на базе продуктов BPMSoft, интеграций с другими системами (телефония, шины данных, веб-сервисы, БД); Управление командой разработки до 6-7 человек; Взаимодействие с заказчиками в рамках технических и организационных вопросов; Анализ и оценка технических решений для настройки и разработки требуемой функциональности;  Эффективное и качественное написание кода вместе с командой;  Курирование процесса наставничества младших разработчиков; Разработка технической проектной документации, согласование её с заказчиками; Найм разработчиков в команду.  ЧТО МЫ МОЖЕМ ВАМ ПРЕДЛОЖИТЬ:  Много интересной работы в сильном отечественном вендоре; Мы являемся аккредитованной ИТ-компанией; Стабильная заработная плата, оформление в штат; Отличный офис с комфортным рабочим пространством, зонами отдыха, уютным фудкортом; ДМС со стоматологией и сервисом психологической помощи; Наличие профессионального и карьерного роста; Обучение: корпоративный университет, электронная библиотека МИФ, вебинары с внешними и внутренними экспертами; Скидки на использование услуг страхования, скидки на изучение иностранных языков; Карта лояльности от Inventive Retail Group (reStore, Мир Кубиков, Street Beat, Hiker, Samsung, Xiaomi, UNOde50);  BestBenefits – сервис скидок и привилегий для корпоративных клиентов, пользователей и партнеров;  Футбольный, волейбольный и баскетбольный клубы, скидки на приобретение абонементов для занятий в фитнес клубе; Корпоративные тарифы на мобильную связь; Адекватное отношение со стороны руководства, отсутствие лишней бюрократии; Технологическая команда. Гибкие и открытые!",,https://hh.ru/vacancy/134024160?query=C%23+%D1%80%D0%B0%D0%B7%D1%80%D0%B0%D0%B1%D0%BE%D1%82%D1%87%D0%B8%D0%BA&hhtmFrom=vacancy_search_list
Старший разработчик (ПО TESSA),ООО Газпром информ,Санкт-Петербург,Не указана,,,,"ООО ""Газпром информ"" - аккредитованная IT компания, 100% дочерняя сервисная компания ПАО «Газпром», осуществляющая комплексное обслуживание пользователей, сопровождение информационных систем и ИТ-инфраструктуры. В нашу команду требуется Старший разработчик (ПО TESSA)   Обязанности:  Поддержка и развитие системы документооборота на ПО TESSA; Разработка и анализ проектной документации;  Требования:  Высшее образования в сфере ИТ; Опыт работы в качестве разработчика C#, .Net не менее 3-х лет; Опыт работы и знание архитектуры ПО TESSA ; Знание технологий и опыт работы с C#/ .Net; Знание технологий HTTP/HTTPS и SSL/TLS; Знание языка SQL, опыт работы с RDBMS (MSSQL, PostgreSQL), опыт оптимизации SQL запросов; Знание web-технологий (html, css, JavaScript, TypeScript, SPA, React, Angular, Mobx и т.п.); Опыт работы с ОС Linux; Сертификаты о прохождении обучения по ПО TESSA по курсам «Администрирование и настройка объектов системы и маршрутов в ПО TESSA» и «Разработка решений на платформе ПО TESSA» - является преимуществом.  Условия:   Официальное трудоустройство;   Ежегодная индексация заработной платы;   Комфортный офис в БЦ ""Виктория Плаза""   График работы: 5/2 (с 09.00 до 18.00, пятница до 16.45), работа в офисе 100%;   ДМС со стоматологией после испытательного срока;   Льготы, компенсации, материальная помощь.","Высшее образования в сфере ИТ; Опыт работы в качестве разработчика C#, .Net не менее 3-х лет; Опыт работы и знание архитектуры ПО TESSA ; Знание технологий и опыт работы с C#/ .Net; Знание технологий HTTP/HTTPS и SSL/TLS; Знание языка SQL, опыт работы с RDBMS (MSSQL, PostgreSQL), опыт оптимизации SQL запросов; Знание web-технологий (html, css, JavaScript, TypeScript, SPA, React, Angular, Mobx и т.п.); Опыт работы с ОС Linux; Сертификаты о прохождении обучения по ПО TESSA по курсам «Администрирование и настройка объектов системы и маршрутов в ПО TESSA» и «Разработка решений на платформе ПО TESSA» - является преимуществом.  Условия:   Официальное трудоустройство;   Ежегодная индексация заработной платы;   Комфортный офис в БЦ ""Виктория Плаза""   График работы: 5/2 (с 09.00 до 18.00, пятница до 16.45), работа в офисе 100%;   ДМС со стоматологией после испытательного срока;   Льготы, компенсации, материальная помощь.","Поддержка и развитие системы документооборота на ПО TESSA; Разработка и анализ проектной документации;  Требования:  Высшее образования в сфере ИТ; Опыт работы в качестве разработчика C#, .Net не менее 3-х лет; Опыт работы и знание архитектуры ПО TESSA ; Знание технологий и опыт работы с C#/ .Net; Знание технологий HTTP/HTTPS и SSL/TLS; Знание языка SQL, опыт работы с RDBMS (MSSQL, PostgreSQL), опыт оптимизации SQL запросов; Знание web-технологий (html, css, JavaScript, TypeScript, SPA, React, Angular, Mobx и т.п.); Опыт работы с ОС Linux; Сертификаты о прохождении обучения по ПО TESSA по курсам «Администрирование и настройка объектов системы и маршрутов в ПО TESSA» и «Разработка решений на платформе ПО TESSA» - является преимуществом.  Условия:   Официальное трудоустройство;   Ежегодная индексация заработной платы;   Комфортный офис в БЦ ""Виктория Плаза""   График работы: 5/2 (с 09.00 до 18.00, пятница до 16.45), работа в офисе 100%;   ДМС со стоматологией после испытательного срока;   Льготы, компенсации, материальная помощь.",,https://hh.ru/vacancy/134213438?query=C%23+%D1%80%D0%B0%D0%B7%D1%80%D0%B0%D0%B1%D0%BE%D1%82%D1%87%D0%B8%D0%BA&hhtmFrom=vacancy_search_list
Старший разработчик С#,ООО РСХБ Факторинг,Москва,Не указана,,,,"Старший разработчик С#  Мы ищем: Опытного разработчика в команду, которая создаёт масштабируемые решение на основе .NET 8+. Вы будете работать над новыми сервисами, модулями, улучшать существующий код и помогать команде расти через код-ревью (GitLab).   Что нужно будет делать:  Разрабатывать новый функционал по техническому заданию. Рефакторить и оптимизировать существующий код. Проводить код-ревью для коллег, делиться экспертизой. Оценивать и декомпозировать задачи в TeamStorm.    Ждем от Вас:   Рабочий опыт .NET/.NET Core (C# backend 6+ лет), понимание экосистемы разработки микросервисных приложений на .NET (логирование, трассировка, метрики, синхронная и асинхронная коммуникация микросервисов).  Понимание принципов ООП, паттерны/шаблоны проектирования, DDD, SOLID.  Понимание принципов разработки безопасных микросервисных приложений, принципов базовых алгоритмов криптографии.  Опыт работы с PostgreSQL (EF), создание и оптимизация запросов, желательно понимание работы PostgreSQL на больших объемах данных.  Опыт интеграций RabbitMQ.  Опыт Unit тестирования приложения (NUnit, xUnit).  Опыт работы с контейнерами (Docker) и Linux.  Опыт работы с Vue 3 и понимание SPA.   Ответственный подход к разработке, умение писать качественный, понятный код.    Мы предлагаем:  Стабильный оклад + премии. Полный ДМС от ведущей страховой компании после первого месяца работы. Корпоративное обучение. Корпоративные программы со скидками от партнеров. Работа в динамично растущей компании, где ваш опыт ценят, а результаты видны. Сильную команду единомышленников, где ценят экспертизу и поддерживают друг друга.","Опытного разработчика в команду, которая создаёт масштабируемые решение на основе .NET 8+. Вы будете работать над новыми сервисами, модулями, улучшать существующий код и помогать команде расти через код-ревью (GitLab).   Что нужно будет делать:  Разрабатывать новый функционал по техническому заданию. Рефакторить и оптимизировать существующий код. Проводить код-ревью для коллег, делиться экспертизой. Оценивать и декомпозировать задачи в TeamStorm.    Ждем от Вас:   Рабочий опыт .NET/.NET Core (C# backend 6+ лет), понимание экосистемы разработки микросервисных приложений на .NET (логирование, трассировка, метрики, синхронная и асинхронная коммуникация микросервисов).  Понимание принципов ООП, паттерны/шаблоны проектирования, DDD, SOLID.  Понимание принципов разработки безопасных микросервисных приложений, принципов базовых алгоритмов криптографии.  Опыт работы с PostgreSQL (EF), создание и оптимизация запросов, желательно понимание работы PostgreSQL на больших объемах данных.  Опыт интеграций RabbitMQ.  Опыт Unit тестирования приложения (NUnit, xUnit).  Опыт работы с контейнерами (Docker) и Linux.  Опыт работы с Vue 3 и понимание SPA.   Ответственный подход к разработке, умение писать качественный, понятный код.    Мы предлагаем:  Стабильный оклад + премии. Полный ДМС от ведущей страховой компании после первого месяца работы. Корпоративное обучение. Корпоративные программы со скидками от партнеров. Работа в динамично растущей компании, где ваш опыт ценят, а результаты видны. Сильную команду единомышленников, где ценят экспертизу и поддерживают друг друга.",,,https://hh.ru/vacancy/133880214?query=C%23+%D1%80%D0%B0%D0%B7%D1%80%D0%B0%D0%B1%D0%BE%D1%82%D1%87%D0%B8%D0%BA&hhtmFrom=vacancy_search_list
"Руководитель группы разработки С#, Управление запасами и операции продавца Глобал",Стажировки Ozon Tech,Москва,Не указана,,,,"Привет! Это команда ""Управление запасами и операции продавца Глобал"", мы занимаемся разработкой сервисов и всех сопутствующих процессов, необходимых для организации продаж иностранными селлерами. В нашей ответственности управление остатками на складах в других странах, а также вывозы, утилизация, маркировка, и прочие операции. Мы собираем новую команду, которая возьмёт на себя автоматизацию и развитие продукта с текущей точки. Домен находится в активной стадии развития, предполагается плотное взаимодействие с командой продукта и с соседними командами, выполняющими интеграции. Состав команды: team lead, 2 backend разработчика, frontend разработчик, тестировщик. В отделе также есть выделенная команда аналитиков. Наш стек  Микросервисы на .net, grpc, kafka, PostgreSQL (в том числе шардированный), k8s, Jaeger, Prometheus, Grafana, Graylog, Gitlab CI. Собственные платформенные решения для упрощения продуктовой разработки.  Вы будете  Писать синхронные и асинхронные интерфейсы взаимодействия с множеством микросервисов IT-семейства Ozon, в том числе с повышенными требованиями к быстродействию при высокой нагрузке. Прорабатывать технические требования. Проводить код-ревью. Взаимодействовать со смежными командами, предлагать и реализовывать архитектуры решений. Повышать качество и стабильность кода.  Нам важно  Коммерческий опыт разработки на С# от 3 лет. Знание платформы .Net, ООП, алгоритмов и структур данных. Опы работы с .NET Core. Знание БД PostgreSQL. Опыт работы с Kafka. Опыт работы с Redis. Опыт работы с gRPC.",,,,https://hh.ru/vacancy/133897196?query=C%23+%D1%80%D0%B0%D0%B7%D1%80%D0%B0%D0%B1%D0%BE%D1%82%D1%87%D0%B8%D0%BA&hhtmFrom=vacancy_search_list
Ведущий программист .NET,БПМСОФТ,Екатеринбург,Не указана,,,,"BPMSoft – аккредитованная IT-компания с современным уровнем организации работы. Мы входим в крупный IT-холдинг LANSOFT. У нас более 500 клиентов – банки, ритейл, ТЭК, промышленность, фармацевтика, девелопмент, госуправление и др. – и более 1000 реализованных IT-проектов. Партнеры BPMSoft – это более 160 российских и белорусских компаний по внедрению и разработке, включая ТОП-интеграторов России. BPMSoft – лидер российского рынка CRM, BPM и low-code по версиям Фонда Сколково, Технологии Доверия (ранее PricewaterhouseCoopers в России), CNews, TAdviser, Компьютерра. Наш флагманский продукт – это low-code платформа с BPM-движком, которая позволяет клиентам автоматизировать различные процессы для большого количества пользователей. На платформе у нас мощные готовые решения – это CRM, ITSM и партнерские продукты (НRM, SRM, ЭДО и т.д). Мы усиливаем команду пакетной разработки и приглашаем Ведущего программиста присоединиться к нашей команде. НАШИ ПОЖЕЛАНИЯ К ТЕХНИЧЕСКИМ НАВЫКАМ:  Знание и опыт работы с платформой BPMSoft; Глубокое понимание стэка технологий платформы BPMSoft (С#, JavaScript); C#: .NET Framework / .NET Core / .NET: Глубокое понимание платформы .NET и ее возможностей; SQL Server / PostgreSQL / Redis: Опыт работы с реляционными и NoSQL базами данных; CI/CD: Понимание принципов непрерывной интеграции и непрерывной доставки; Опыт работы с одним или несколькими frontend-фреймворками (Angular, Ext.js); Знание и опыт использования инструментов написания Unit-тестов.  НАШИ ПОЖЕЛАНИЯ К НАВЫКАМ УПРАВЛЕНИЯ:  Умение четко ставить задачи команде, своевременно доносить их до всех участников; Умение мотивировать команду на достижение высоких результатов; Умение правильно распределять задачи между членами команды, учитывая их навыки и загруженность; Предоставление обратной связи, менторинг для развития навыков членов команды; Готовность брать на себя ответственность за принятые решения; Умение выявлять и оценивать риски, связанные с проектами и задачами.  ЧЕМ ПРЕДСТОИТ ЗАНИМАТЬСЯ:  Разработка систем на базе продуктов BPMSoft, интеграций с другими системами (телефония, шины данных, веб-сервисы, БД); Управление командой разработки до 6-7 человек; Взаимодействие с заказчиками в рамках технических и организационных вопросов; Анализ и оценка технических решений для настройки и разработки требуемой функциональности;  Эффективное и качественное написание кода вместе с командой;  Курирование процесса наставничества младших разработчиков; Разработка технической проектной документации, согласование её с заказчиками; Найм разработчиков в команду.  ЧТО МЫ МОЖЕМ ВАМ ПРЕДЛОЖИТЬ:  Много интересной работы в сильном отечественном вендоре; Мы являемся аккредитованной ИТ-компанией; Стабильная заработная плата, оформление в штат; Отличный офис с комфортным рабочим пространством, зонами отдыха, уютным фудкортом; ДМС со стоматологией и сервисом психологической помощи; Наличие профессионального и карьерного роста; Обучение: корпоративный университет, электронная библиотека МИФ, вебинары с внешними и внутренними экспертами; Скидки на использование услуг страхования, скидки на изучение иностранных языков; Карта лояльности от Inventive Retail Group (reStore, Мир Кубиков, Street Beat, Hiker, Samsung, Xiaomi, UNOde50);  BestBenefits – сервис скидок и привилегий для корпоративных клиентов, пользователей и партнеров;  Футбольный, волейбольный и баскетбольный клубы, скидки на приобретение абонементов для занятий в фитнес клубе; Корпоративные тарифы на мобильную связь; Адекватное отношение со стороны руководства, отсутствие лишней бюрократии; Технологическая команда. Гибкие и открытые!",,"Разработка систем на базе продуктов BPMSoft, интеграций с другими системами (телефония, шины данных, веб-сервисы, БД); Управление командой разработки до 6-7 человек; Взаимодействие с заказчиками в рамках технических и организационных вопросов; Анализ и оценка технических решений для настройки и разработки требуемой функциональности;  Эффективное и качественное написание кода вместе с командой;  Курирование процесса наставничества младших разработчиков; Разработка технической проектной документации, согласование её с заказчиками; Найм разработчиков в команду.  ЧТО МЫ МОЖЕМ ВАМ ПРЕДЛОЖИТЬ:  Много интересной работы в сильном отечественном вендоре; Мы являемся аккредитованной ИТ-компанией; Стабильная заработная плата, оформление в штат; Отличный офис с комфортным рабочим пространством, зонами отдыха, уютным фудкортом; ДМС со стоматологией и сервисом психологической помощи; Наличие профессионального и карьерного роста; Обучение: корпоративный университет, электронная библиотека МИФ, вебинары с внешними и внутренними экспертами; Скидки на использование услуг страхования, скидки на изучение иностранных языков; Карта лояльности от Inventive Retail Group (reStore, Мир Кубиков, Street Beat, Hiker, Samsung, Xiaomi, UNOde50);  BestBenefits – сервис скидок и привилегий для корпоративных клиентов, пользователей и партнеров;  Футбольный, волейбольный и баскетбольный клубы, скидки на приобретение абонементов для занятий в фитнес клубе; Корпоративные тарифы на мобильную связь; Адекватное отношение со стороны руководства, отсутствие лишней бюрократии; Технологическая команда. Гибкие и открытые!",,https://hh.ru/vacancy/134024164?query=C%23+%D1%80%D0%B0%D0%B7%D1%80%D0%B0%D0%B1%D0%BE%D1%82%D1%87%D0%B8%D0%BA&hhtmFrom=vacancy_search_list
Старший разработчик С#,ООО РСХБ Факторинг,Новосибирск,Не указана,,,,"Старший разработчик С#  Мы ищем: Опытного разработчика в команду, которая создаёт масштабируемые решение на основе .NET 8+. Вы будете работать над новыми сервисами, модулями, улучшать существующий код и помогать команде расти через код-ревью (GitLab).   Что нужно будет делать:  Разрабатывать новый функционал по техническому заданию. Рефакторить и оптимизировать существующий код. Проводить код-ревью для коллег, делиться экспертизой. Оценивать и декомпозировать задачи в TeamStorm.    Ждем от Вас:   Рабочий опыт .NET/.NET Core (C# backend 6+ лет), понимание экосистемы разработки микросервисных приложений на .NET (логирование, трассировка, метрики, синхронная и асинхронная коммуникация микросервисов).  Понимание принципов ООП, паттерны/шаблоны проектирования, DDD, SOLID.  Понимание принципов разработки безопасных микросервисных приложений, принципов базовых алгоритмов криптографии.  Опыт работы с PostgreSQL (EF), создание и оптимизация запросов, желательно понимание работы PostgreSQL на больших объемах данных.  Опыт интеграций RabbitMQ.  Опыт Unit тестирования приложения (NUnit, xUnit).  Опыт работы с контейнерами (Docker) и Linux.  Опыт работы с Vue 3 и понимание SPA.   Ответственный подход к разработке, умение писать качественный, понятный код.    Мы предлагаем:  Стабильный оклад + премии. Полный ДМС от ведущей страховой компании после первого месяца работы. Корпоративное обучение. Корпоративные программы со скидками от партнеров. Работа в динамично растущей компании, где ваш опыт ценят, а результаты видны. Сильную команду единомышленников, где ценят экспертизу и поддерживают друг друга.","Опытного разработчика в команду, которая создаёт масштабируемые решение на основе .NET 8+. Вы будете работать над новыми сервисами, модулями, улучшать существующий код и помогать команде расти через код-ревью (GitLab).   Что нужно будет делать:  Разрабатывать новый функционал по техническому заданию. Рефакторить и оптимизировать существующий код. Проводить код-ревью для коллег, делиться экспертизой. Оценивать и декомпозировать задачи в TeamStorm.    Ждем от Вас:   Рабочий опыт .NET/.NET Core (C# backend 6+ лет), понимание экосистемы разработки микросервисных приложений на .NET (логирование, трассировка, метрики, синхронная и асинхронная коммуникация микросервисов).  Понимание принципов ООП, паттерны/шаблоны проектирования, DDD, SOLID.  Понимание принципов разработки безопасных микросервисных приложений, принципов базовых алгоритмов криптографии.  Опыт работы с PostgreSQL (EF), создание и оптимизация запросов, желательно понимание работы PostgreSQL на больших объемах данных.  Опыт интеграций RabbitMQ.  Опыт Unit тестирования приложения (NUnit, xUnit).  Опыт работы с контейнерами (Docker) и Linux.  Опыт работы с Vue 3 и понимание SPA.   Ответственный подход к разработке, умение писать качественный, понятный код.    Мы предлагаем:  Стабильный оклад + премии. Полный ДМС от ведущей страховой компании после первого месяца работы. Корпоративное обучение. Корпоративные программы со скидками от партнеров. Работа в динамично растущей компании, где ваш опыт ценят, а результаты видны. Сильную команду единомышленников, где ценят экспертизу и поддерживают друг друга.",,,https://hh.ru/vacancy/133880229?query=C%23+%D1%80%D0%B0%D0%B7%D1%80%D0%B0%D0%B1%D0%BE%D1%82%D1%87%D0%B8%D0%BA&hhtmFrom=vacancy_search_list
"Ведущий инженер-программист. Lazarus, Delphi",Smart move,"Долгопрудный, Лихачёвский проезд",Не указана,,,,"В аккредитованную IT компанию, которая разрабатывает и внедряет программно-аппаратные комплексы, предназначенные для автоматизации процессов маркировки, сериализации и агрегации продукции, управления складскими операциями и передачи информации о движении продукции, требуется Ведущий инженер-программист. Обязанности:  Руководство группой разработчиков;  развитие и поддержка существующих собственных программных продуктов;   разработка новых программных продуктов;   цикл разработки;   внутренние митапы, обмен знаниями между сотрудниками;   система контроля версий SVN, GIT;   Требования:  Опыт работы на аналогичной должности- от 3х лет; Высшее техническое образование;  Опыт разработки корпоративных приложений;   Умение работать в команде;   Руководство и координацией группой разработчиков. Поставка задач, управление проектами, принятие решений, курирование младших специалистов.   Опыт работы Lasarus, Delphi;​​​​​   Знание SQL;   Знание и опыт работы с СУБД Firebird;   Опыт работы со стандартными и сторонними библиотеками (VCL, FMX, ZeosLib, FIB+, UniDAC, DevExpress, EhLib и др.);   Способность формализации требований и формирование технического решения;   Знание и понимание паттернов проектирования;   Опыт анализа и устранения ошибок, оптимизации производительности (MadExcept);   Опыт ведения технической документации;   Базовые навыки фронтенд-разработки; Плюсом будет: - Умение писать юнит тесты; - Опыт разработки микросервисной архитектуры; - Опыт разработки под Linux и Windows; - Опыт разработки на других языках: C#; - Опыт работы с SVN, Git   Условия:  Официальное трудоустройство ДМС, после испытательного срока График работы 5/2 с 9:00-18:00 Командировки по РФ ,выезды для проведения пуско-наладочных работ на производственных площадках заказчика.   Удаленный формат работы, с возможностью посещения офиса, при необходимости.   Конкурентная заработная плата","Опыт работы на аналогичной должности- от 3х лет; Высшее техническое образование;  Опыт разработки корпоративных приложений;   Умение работать в команде;   Руководство и координацией группой разработчиков. Поставка задач, управление проектами, принятие решений, курирование младших специалистов.   Опыт работы Lasarus, Delphi;​​​​​   Знание SQL;   Знание и опыт работы с СУБД Firebird;   Опыт работы со стандартными и сторонними библиотеками (VCL, FMX, ZeosLib, FIB+, UniDAC, DevExpress, EhLib и др.);   Способность формализации требований и формирование технического решения;   Знание и понимание паттернов проектирования;   Опыт анализа и устранения ошибок, оптимизации производительности (MadExcept);   Опыт ведения технической документации;   Базовые навыки фронтенд-разработки; Плюсом будет: - Умение писать юнит тесты; - Опыт разработки микросервисной архитектуры; - Опыт разработки под Linux и Windows; - Опыт разработки на других языках: C#; - Опыт работы с SVN, Git   Условия:  Официальное трудоустройство ДМС, после испытательного срока График работы 5/2 с 9:00-18:00 Командировки по РФ ,выезды для проведения пуско-наладочных работ на производственных площадках заказчика.   Удаленный формат работы, с возможностью посещения офиса, при необходимости.   Конкурентная заработная плата","Руководство группой разработчиков;  развитие и поддержка существующих собственных программных продуктов;   разработка новых программных продуктов;   цикл разработки;   внутренние митапы, обмен знаниями между сотрудниками;   система контроля версий SVN, GIT;   Требования:  Опыт работы на аналогичной должности- от 3х лет; Высшее техническое образование;  Опыт разработки корпоративных приложений;   Умение работать в команде;   Руководство и координацией группой разработчиков. Поставка задач, управление проектами, принятие решений, курирование младших специалистов.   Опыт работы Lasarus, Delphi;​​​​​   Знание SQL;   Знание и опыт работы с СУБД Firebird;   Опыт работы со стандартными и сторонними библиотеками (VCL, FMX, ZeosLib, FIB+, UniDAC, DevExpress, EhLib и др.);   Способность формализации требований и формирование технического решения;   Знание и понимание паттернов проектирования;   Опыт анализа и устранения ошибок, оптимизации производительности (MadExcept);   Опыт ведения технической документации;   Базовые навыки фронтенд-разработки; Плюсом будет: - Умение писать юнит тесты; - Опыт разработки микросервисной архитектуры; - Опыт разработки под Linux и Windows; - Опыт разработки на других языках: C#; - Опыт работы с SVN, Git   Условия:  Официальное трудоустройство ДМС, после испытательного срока График работы 5/2 с 9:00-18:00 Командировки по РФ ,выезды для проведения пуско-наладочных работ на производственных площадках заказчика.   Удаленный формат работы, с возможностью посещения офиса, при необходимости.   Конкурентная заработная плата",,https://hh.ru/vacancy/134336220?query=C%23+%D1%80%D0%B0%D0%B7%D1%80%D0%B0%D0%B1%D0%BE%D1%82%D1%87%D0%B8%D0%BA&hhtmFrom=vacancy_search_list
Senior Full Stack .NET Developer (C# / JavaScript),Альфа-Банк. ИТ-специалисты,Москва,Не указана,,,,"О проекте:  Платформа для интеллектуальной генерации документов и автоматизации документооборота. Система позволяет создавать и использовать гибкие шаблоны документов со сложной бизнес-логикой. При их формировании используются данные из различных внутренних и внешних сервисов, ответы пользователей, ранее созданные документы и другие источники информации. Сейчас команда занимается развитием новой версии продукта и расширяет функциональность платформы. Проект находится в активной фазе разработки, поэтому большая часть задач связана с созданием нового функционала. Чем предстоит заниматься:  Разрабатывать новый функционал платформы (около 80% задач) Участвовать в проектировании и развитии архитектуры решения Поддерживать и улучшать существующий код, проводить рефакторинг (около 20% задач) Разрабатывать и сопровождать REST API и интеграционные сервисы Работать с реляционными и NoSQL базами данных Участвовать в оценке задач и планировании разработки Взаимодействовать с командой разработки в рамках полного цикла создания продукта Работать как с новым кодом, так и с legacy-компонентами системы  Наши пожелания к кандидатам:  Коммерческий опыт разработки на C#/.NET от 5 лет Уверенное владение C# на уровне Senior Developer Опыт разработки Web API и микросервисных решений Практический опыт работы с JavaScript на уровне Middle и выше Хорошее знание PostgreSQL Опыт работы с MongoDB Опыт работы с объектными хранилищами (S3 или аналогами) Практический опыт использования Entity Framework Понимание принципов проектирования ПО и SOLID Опыт работы с REST и SOAP интеграциями Умение самостоятельно оценивать сроки выполнения задач и соблюдать договоренности по срокам Готовность работать с существующим кодом и legacy-решениями  Что мы предлагаем:  Стабильный и прозрачный доход: размер заработной платы обсуждается по итогам собеседования + квартальная премия по результатам KPI Гибкий график работы: вы сможете планировать время так, как удобно вам и вашей команде Удалённый формат работы, а также уютный ИТ-хаб в Москве и сезонный коворкинг в Сочи Сложные и интересные задачи, современный стек технологий Заботу о вашем здоровье: программа ДМС с первых дней работы, куда входит стоматология, обслуживание в лучших клиниках города, страхование и компенсация 10-ти дней больничного Возможность вертикального и горизонтального карьерного роста: регулярно проходят тренинги, вебинары, митапы и демо-дни Оплату посещения профильных конференций и курсов, помогаем с подготовкой к публичным выступлениям и написанием статей на Хабр Доступ к бесплатным корпоративным библиотекам Alpina Digital, MyBook и бизнес-изданий Предложения от Банка только для сотрудников: собственные спортзалы (Москва, Санкт-Петербург, Екатеринбург), а также скидки на услуги туристических агентств, продукты питания, в рестораны, бары, магазины",,"Разрабатывать новый функционал платформы (около 80% задач) Участвовать в проектировании и развитии архитектуры решения Поддерживать и улучшать существующий код, проводить рефакторинг (около 20% задач) Разрабатывать и сопровождать REST API и интеграционные сервисы Работать с реляционными и NoSQL базами данных Участвовать в оценке задач и планировании разработки Взаимодействовать с командой разработки в рамках полного цикла создания продукта Работать как с новым кодом, так и с legacy-компонентами системы  Наши пожелания к кандидатам:  Коммерческий опыт разработки на C#/.NET от 5 лет Уверенное владение C# на уровне Senior Developer Опыт разработки Web API и микросервисных решений Практический опыт работы с JavaScript на уровне Middle и выше Хорошее знание PostgreSQL Опыт работы с MongoDB Опыт работы с объектными хранилищами (S3 или аналогами) Практический опыт использования Entity Framework Понимание принципов проектирования ПО и SOLID Опыт работы с REST и SOAP интеграциями Умение самостоятельно оценивать сроки выполнения задач и соблюдать договоренности по срокам Готовность работать с существующим кодом и legacy-решениями  Что мы предлагаем:  Стабильный и прозрачный доход: размер заработной платы обсуждается по итогам собеседования + квартальная премия по результатам KPI Гибкий график работы: вы сможете планировать время так, как удобно вам и вашей команде Удалённый формат работы, а также уютный ИТ-хаб в Москве и сезонный коворкинг в Сочи Сложные и интересные задачи, современный стек технологий Заботу о вашем здоровье: программа ДМС с первых дней работы, куда входит стоматология, обслуживание в лучших клиниках города, страхование и компенсация 10-ти дней больничного Возможность вертикального и горизонтального карьерного роста: регулярно проходят тренинги, вебинары, митапы и демо-дни Оплату посещения профильных конференций и курсов, помогаем с подготовкой к публичным выступлениям и написанием статей на Хабр Доступ к бесплатным корпоративным библиотекам Alpina Digital, MyBook и бизнес-изданий Предложения от Банка только для сотрудников: собственные спортзалы (Москва, Санкт-Петербург, Екатеринбург), а также скидки на услуги туристических агентств, продукты питания, в рестораны, бары, магазины",,https://hh.ru/vacancy/134008401?query=C%23+%D1%80%D0%B0%D0%B7%D1%80%D0%B0%D0%B1%D0%BE%D1%82%D1%87%D0%B8%D0%BA&hhtmFrom=vacancy_search_list
Unity-разработчик,ООО Диполь,"Саратов, р-н Фрунзенский",Не указана,,,,"Unity-разработчик Вы мечтаете создавать увлекательные обучающие программы и мультимедийные курсы? Присоединяйтесь к нашей команде и воплотите свои идеи в жизнь! Мы ищем талантливого Unity-разработчика, который поможет нам в разработке инновационных обучающих систем. Обязанности:  Разработка и поддержка обучающих приложений на платформе Unity 3D. Взаимодействие с командой дизайнеров и методистов для создания качественного контента. Оптимизация и тестирование приложений для обеспечения их стабильной работы. Участие в проектировании архитектуры приложений и внедрение новых технологий.  Требования:  Опыт работы с Unity 3D от 1 до 3 лет. Знание C# и опыт работы с игровыми движками. Умение работать в команде и находить решения сложных задач. Желание развиваться и изучать новые технологии.  Условия и преимущества:  Полная занятость с графиком 5/2. Возможность работать на месте работодателя или в гибридном формате. Дружный коллектив и поддержка в профессиональном развитии. Участие в интересных и значимых проектах.  О компании: ООО Корпорация «Диполь» – лидер в отрасли производства учебных компьютерных курсов и обучающих программ в Поволжском регионе. Мы создаем системы корпоративного обучения, в том числе и дистанционного, мультимедийные учебные курсы. Наш коллектив – это команда высококвалифицированных сотрудников, стремящихся к инновациям и качеству.","талантливого Unity-разработчика, который поможет нам в разработке инновационных обучающих систем. Обязанности:  Разработка и поддержка обучающих приложений на платформе Unity 3D. Взаимодействие с командой дизайнеров и методистов для создания качественного контента. Оптимизация и тестирование приложений для обеспечения их стабильной работы. Участие в проектировании архитектуры приложений и внедрение новых технологий.  Требования:  Опыт работы с Unity 3D от 1 до 3 лет. Знание C# и опыт работы с игровыми движками. Умение работать в команде и находить решения сложных задач. Желание развиваться и изучать новые технологии.  Условия и преимущества:  Полная занятость с графиком 5/2. Возможность работать на месте работодателя или в гибридном формате. Дружный коллектив и поддержка в профессиональном развитии. Участие в интересных и значимых проектах.  О компании: ООО Корпорация «Диполь» – лидер в отрасли производства учебных компьютерных курсов и обучающих программ в Поволжском регионе. Мы создаем системы корпоративного обучения, в том числе и дистанционного, мультимедийные учебные курсы. Наш коллектив – это команда высококвалифицированных сотрудников, стремящихся к инновациям и качеству.","Разработка и поддержка обучающих приложений на платформе Unity 3D. Взаимодействие с командой дизайнеров и методистов для создания качественного контента. Оптимизация и тестирование приложений для обеспечения их стабильной работы. Участие в проектировании архитектуры приложений и внедрение новых технологий.  Требования:  Опыт работы с Unity 3D от 1 до 3 лет. Знание C# и опыт работы с игровыми движками. Умение работать в команде и находить решения сложных задач. Желание развиваться и изучать новые технологии.  Условия и преимущества:  Полная занятость с графиком 5/2. Возможность работать на месте работодателя или в гибридном формате. Дружный коллектив и поддержка в профессиональном развитии. Участие в интересных и значимых проектах.  О компании: ООО Корпорация «Диполь» – лидер в отрасли производства учебных компьютерных курсов и обучающих программ в Поволжском регионе. Мы создаем системы корпоративного обучения, в том числе и дистанционного, мультимедийные учебные курсы. Наш коллектив – это команда высококвалифицированных сотрудников, стремящихся к инновациям и качеству.",,https://hh.ru/vacancy/133966198?query=C%23+%D1%80%D0%B0%D0%B7%D1%80%D0%B0%D0%B1%D0%BE%D1%82%D1%87%D0%B8%D0%BA&hhtmFrom=vacancy_search_list
Инженер-программист,ООО Транспорт Будущего,посёлок Белая Вежа,Не указана,,,,"В связи с активным расширением парка беспилотных платформ и выходом на новые рынки применения роботизированных систем, мы увеличиваем штат инженерной команды. Обязанности:  участвовать в разработке интеллектуальных систем управления беспилотными и роботизированными комплексами; разрабатывать бортовое программное обеспечение и автопилот для летательных платформ; интегрировать сенсоры, полезные нагрузки и новые аппаратные решения; реализовывать алгоритмы навигации, отказоустойчивости и автономного управления стабилизации; работать с открытыми программными продуктами для управления беспилотными и роботизированными комплексами; разрабатывать и развивать наземное программное обеспечение (Ground Control Station) и пользовательские инструменты управления; создавать сервисы визуализации телеметрии и полетных данных; участвовать в полном цикле испытаний: от симуляции до реальных полетов; автоматизировать тестирование и повышать надежность системы; анализировать результаты испытаний и напрямую влиять на развитие продукта.  Требования:  знание архитектуры ROS2; умение писать скетчи и образы для одноплатных компьютеров; знание архитектуры современных цифровых интерфейсов (CAN, RS, I2C, UART) (желательно); знание языков программирования (Python, C, C++, C#, kotlin, java) (желательно).  Условия:  корпоративное жилье; предоставление релокационного пакета при переезде в пос. Белая Вежа; компенсация ГСМ; льготное обслуживание в медицинском центре.","знание архитектуры ROS2; умение писать скетчи и образы для одноплатных компьютеров; знание архитектуры современных цифровых интерфейсов (CAN, RS, I2C, UART) (желательно); знание языков программирования (Python, C, C++, C#, kotlin, java) (желательно).  Условия:  корпоративное жилье; предоставление релокационного пакета при переезде в пос. Белая Вежа; компенсация ГСМ; льготное обслуживание в медицинском центре.","участвовать в разработке интеллектуальных систем управления беспилотными и роботизированными комплексами; разрабатывать бортовое программное обеспечение и автопилот для летательных платформ; интегрировать сенсоры, полезные нагрузки и новые аппаратные решения; реализовывать алгоритмы навигации, отказоустойчивости и автономного управления стабилизации; работать с открытыми программными продуктами для управления беспилотными и роботизированными комплексами; разрабатывать и развивать наземное программное обеспечение (Ground Control Station) и пользовательские инструменты управления; создавать сервисы визуализации телеметрии и полетных данных; участвовать в полном цикле испытаний: от симуляции до реальных полетов; автоматизировать тестирование и повышать надежность системы; анализировать результаты испытаний и напрямую влиять на развитие продукта.  Требования:  знание архитектуры ROS2; умение писать скетчи и образы для одноплатных компьютеров; знание архитектуры современных цифровых интерфейсов (CAN, RS, I2C, UART) (желательно); знание языков программирования (Python, C, C++, C#, kotlin, java) (желательно).  Условия:  корпоративное жилье; предоставление релокационного пакета при переезде в пос. Белая Вежа; компенсация ГСМ; льготное обслуживание в медицинском центре.",,https://hh.ru/vacancy/134271459?query=C%23+%D1%80%D0%B0%D0%B7%D1%80%D0%B0%D0%B1%D0%BE%D1%82%D1%87%D0%B8%D0%BA&hhtmFrom=vacancy_search_list
Unity-разработчик,ООО БОГГ.АРТ,"Пенза, р-н Первомайский",Не указана,,,,"Задачи:— разработка 2D мини-игр на Unity;— оптимизация и портирование игр под платформу WebGL;— организация и реализация клиент-серверного взаимодействия с использованием сторонних API;— поддержка и улучшение архитектуры проектов.Требования:— опыт разработки игр на Unity 2D-игры от 2-х лет и более;— знание С#;— опыт работы с Spine, с Fungus для построения диалогов и логики;— навыки оптимизации игр под WebGL— опыт организации клиент-серверного взаимодействия, работа с REST API или другими сторонними API.Условия:— проектная работа, оформление по договору ГПХ;— гибридный формат: офис или удаленно.","— опыт разработки игр на Unity 2D-игры от 2-х лет и более;— знание С#;— опыт работы с Spine, с Fungus для построения диалогов и логики;— навыки оптимизации игр под WebGL— опыт организации клиент-серверного взаимодействия, работа с REST API или другими сторонними API.Условия:— проектная работа, оформление по договору ГПХ;— гибридный формат: офис или удаленно.",,,https://hh.ru/vacancy/134178505?query=C%23+%D1%80%D0%B0%D0%B7%D1%80%D0%B0%D0%B1%D0%BE%D1%82%D1%87%D0%B8%D0%BA&hhtmFrom=vacancy_search_list
Tech Lead C#/.NET,РТЛабс,деревня Румянцево,Не указана,,,,"РТЛабс создаёт и развивает масштабные цифровые сервисы Госуслуг — портал, мобильные приложения, социально значимые услуги, системы электронного правительства. Наша команда делает жизнь миллионов пользователей проще и позволяет решать жизненные вопросы в несколько кликов Позиция открыта в команде платформы ЕИСУКС- Единая информационная система управления кадровым составом государственной гражданской службыНаш стек — C#/.NET (8.0) для существующих сервисов, для новых сервисов используется Java со Spring.TypeScript, Angular, PrimeNG. PostgreSQL, OpenSearch, Kafka, RabbitMQ. Что ты будешь делать  Участвовать в проектировании архитектуры Отвечать за постановку задач 3 разработчикам Писать и ревьюить юнит-тесты, организовывать интеграционное тестирование Проводить код-ревью разработчиков Поддерживать, рефакторить и оптимизировать существующий код  Мы ждем что ты  Обладаешь опытом коммерческой разработки от 5-х лет Имеешь уверенные знания платформы .NET(версий 6 и 8) и языка C# Знаешь SQL / PostgreSQL, Entity Framework Core Имеешь опыт работы с Kafka, RabbitMQ. Имеешь опыт работы с Redis. Имеешь опыт работы с OpenSearch. Имеешь опыт разработки WEB-сервисов (SOAP, REST)  Будет плюсом:Опыт работы с Prometheus, Serilog, Kibana и OpenTelemetry Что мы предлагаем  Опыт работы в аккредитованной IT-компании над социально значимыми уникальными проектами Официальное трудоустройство Стабильный доход и квартальные премии Гибкое начало рабочего дня Гибридный формат работы 3 дня в неделю в офисе и 2 дня дома для Москвы, Казани, Нижнего Новгорода, Краснодара, Екатеринбурга Удаленный формат работы для других городов РФ ДМС со стоматологией и международной страховкой Компенсацию 9 видов расходов: от КАСКО до путевок на отдых Интересную программу внутреннего и внешнего обучения Сильную команду талантливых специалистов Прозрачные условия для развития и карьерного роста",,,,https://hh.ru/vacancy/133270278?query=C%23+%D1%80%D0%B0%D0%B7%D1%80%D0%B0%D0%B1%D0%BE%D1%82%D1%87%D0%B8%D0%BA&hhtmFrom=vacancy_search_list
Senior Unity Programmer / Сеньор Юнити Программист,ТОО MadOut Games,Москва,Не указана,,,,"В свое время создать мобильную GTA было мечтой многих разработчиков. Мы — команда, которой это удалось. Мы команда, которая выросла на GTA и сегодня создает свой собственный open-world, где знакомые улицы, дворы с панельками и турниками живут по своим законам. Мы взяли атмосферу Лос-Сантоса и Либерти-Сити и перенесли ее в мир MadOut2!Мы создаем игру, в которую сами хотим играть и которой гордимся. Сейчас MadOut2 играет более 200 миллионов человек по всему миру.Сейчас мы растём и ищем Сеньор Юнити Программиста, чтобы вместе сделать MadOut2 еще круче. Если ты любишь свободу, открытые миры и крутые идеи — тебе к нам! Основные задачи:  Разработка игровых механик на Unity (могут быть задачи по физике транспорта, контроллеру персонажа, работе с открытым миром, сетевой игрой, метой, UI) Поддержка и доработка текущего кода Разработка кастомных тулов для Unity Профайлинг и оптимизация кода  Требования:  Опыт коммерческой разработки на Unity от 5-ти лет Портфолио с выпущенными играми Отличное знание C# и Unity Опыт командной разработки  Будет плюсом:  Опыт работы с физикой в Unity Глубокое понимание рендеринга Опыт выпущенных проектов, предрелизная подготовка, выпуск обновлений Интерес к играм жанра gta, racing, sandbox  В MadOut Games вас ждет:  Официальное трудоустройство и 100% белая заработная плата 100% покрытие больничных Частичная компенсация тренажерного зала и курсов по профессиональному развитию Оплата конференций Мощный ноутбук и другие необходимые для работы инструменты Ну и конечно же - максимально профессиональные единомышленники, вовлеченных в продукт, без лишней бюрократии и прочей monkey job)","Опыт коммерческой разработки на Unity от 5-ти лет Портфолио с выпущенными играми Отличное знание C# и Unity Опыт командной разработки  Будет плюсом:  Опыт работы с физикой в Unity Глубокое понимание рендеринга Опыт выпущенных проектов, предрелизная подготовка, выпуск обновлений Интерес к играм жанра gta, racing, sandbox  В MadOut Games вас ждет:  Официальное трудоустройство и 100% белая заработная плата 100% покрытие больничных Частичная компенсация тренажерного зала и курсов по профессиональному развитию Оплата конференций Мощный ноутбук и другие необходимые для работы инструменты Ну и конечно же - максимально профессиональные единомышленники, вовлеченных в продукт, без лишней бюрократии и прочей monkey job)",,,https://hh.ru/vacancy/131336508?query=C%23+%D1%80%D0%B0%D0%B7%D1%80%D0%B0%D0%B1%D0%BE%D1%82%D1%87%D0%B8%D0%BA&hhtmFrom=vacancy_search_list
Инженер-разработчик / CAM Automation Developer,Maison Epigenetic,Москва,Не указана,150000000.0,220000000.0,185000000.0,"Технолог.ИИ — R&D-стартап в области автоматизации технологической подготовки производства и CAM-программирования. Мы сокращаем путь от чертежа до выточенной детали с часов и дней до нескольких минут — с помощью ИИ, CAM-автоматизации и инженерной логики. Нам нужен разработчик, который понимает и любит механообработку, работу с чертежами и CAM/CAD; либо технолог/CAM-программист, который уже умеет программировать и хочет расти в сторону инженерной разработки. Предстоит работать над системой, которая автоматически анализирует чертежи и 3D модели, формирует технологическую логику обработки, подбирает операции, режимы резания, инструмент и генерирует CAM-процессы в Siemens NX. Кого мы ищем Нам нужен человек, который способен думать одновременно как программист и как технолог. Нужно видеть за классами, функциями, и API, деталь ещё и сам станок, инструмент, припуск, зажим и последовательность обработки. Профиль А — разработчик с инженерной базой Вы учились или учитесь в сфере мехатроники, станков, технологии машиностроения, производства, механики или близкой инженерной области. У вас есть база по черчению, резанию, режимам резания, инструменту, допускам, материалам и понимание, что в производственных расчётах нельзя “примерно на глаз”: подача, RPM, припуск, геометрия и зажим имеют значение. При этом вы уже работали в коммерческой разработке на Python, C# или C++ и уверенно пишете код на уровне middle или выше. Профиль Б — технолог / CAM-программист, который хочет стать разработчиком Вы работали с техпроцессами, технологическими картами, CAM-программированием, подбором инструмента, режимов, оснастки, зажимов. У вас есть базовый или уверенный Python/C# и желание прокачаться в сильного разработчика. Нам важна не просто “любовь к IT”, а способность превращать технологическую логику в код. Чем предстоит заниматься Писать код для автоматизации CAM/NX-процессов. Разрабатывать алгоритмы формирования технологического процесса обработки. Работать с STEP/PRT-моделями, геометрией деталей и производственными признаками. Генерировать CAM-операции, в первую очередь для токарной обработки, а затем расширять систему на другие сценарии. Автоматизировать работу с Siemens NX / NX Open. Рассчитывать и проверять режимы обработки: подачи, обороты, припуски, инструментальные ограничения. Проверять результат в CAM-среде и симуляции: не просто “код запустился”, а операция технологически имеет смысл. Участвовать в создании логики выбора инструмента, оснастки, зажимов и последовательности операций.   Обязательные требования Опыт коммерческой разработки на Python, C# или C++. Понимание CAM, CNC, механообработки, технологии машиностроения или близкой инженерной области. Способность разбираться в производственной логике: припуски, режимы резания, инструмент, допуски, материалы, базирование, зажим. Умение писать аккуратный, поддерживаемый код. Работа с LLM для написания кода. Готовность работать с Siemens NX, NX Open, CAD/CAM API и 3D-геометрией. Английский на уровне чтения технической документации. Внимательность к числам и расчётам. Ошибка в 2 раза в feed/RPM — это потенциально сломанный техпроцесс.   Будет плюсом Опыт работы с Siemens NX / NX Open. Опыт с SolidWorks, Fusion 360, Mastercam, SprutCAM, PowerMill или другими CAD/CAM-системами. Опыт CAM-программирования для токарной или фрезерной обработки. Понимание G-code и постпроцессоров. Опыт работы с 3D-геометрией, алгоритмами, computational geometry. Опыт проектирования технологических карт. Опыт подбора инструмента, оснастки, зажимов, режимов обработки. Базовое понимание станков с ЧПУ и производственных ограничений.   Условия Удалённая работа. Полная занятость. Гибкий график. R&D-стартап, сложная инженерная задача. Зарплата: 150 000 – 220 000 ₽ на руки, в зависимости от опыта и силы кандидата. Оформление: ТК РФ","Нам нужен человек, который способен думать одновременно как программист и как технолог. Нужно видеть за классами, функциями, и API, деталь ещё и сам станок, инструмент, припуск, зажим и последовательность обработки. Профиль А — разработчик с инженерной базой Вы учились или учитесь в сфере мехатроники, станков, технологии машиностроения, производства, механики или близкой инженерной области. У вас есть база по черчению, резанию, режимам резания, инструменту, допускам, материалам и понимание, что в производственных расчётах нельзя “примерно на глаз”: подача, RPM, припуск, геометрия и зажим имеют значение. При этом вы уже работали в коммерческой разработке на Python, C# или C++ и уверенно пишете код на уровне middle или выше. Профиль Б — технолог / CAM-программист, который хочет стать разработчиком Вы работали с техпроцессами, технологическими картами, CAM-программированием, подбором инструмента, режимов, оснастки, зажимов. У вас есть базовый или уверенный Python/C# и желание прокачаться в сильного разработчика. Нам важна не просто “любовь к IT”, а способность превращать технологическую логику в код. Чем предстоит заниматься Писать код для автоматизации CAM/NX-процессов. Разрабатывать алгоритмы формирования технологического процесса обработки. Работать с STEP/PRT-моделями, геометрией деталей и производственными признаками. Генерировать CAM-операции, в первую очередь для токарной обработки, а затем расширять систему на другие сценарии. Автоматизировать работу с Siemens NX / NX Open. Рассчитывать и проверять режимы обработки: подачи, обороты, припуски, инструментальные ограничения. Проверять результат в CAM-среде и симуляции: не просто “код запустился”, а операция технологически имеет смысл. Участвовать в создании логики выбора инструмента, оснастки, зажимов и последовательности операций.   Обязательные требования Опыт коммерческой разработки на Python, C# или C++. Понимание CAM, CNC, механообработки, технологии машиностроения или близкой инженерной области. Способность разбираться в производственной логике: припуски, режимы резания, инструмент, допуски, материалы, базирование, зажим. Умение писать аккуратный, поддерживаемый код. Работа с LLM для написания кода. Готовность работать с Siemens NX, NX Open, CAD/CAM API и 3D-геометрией. Английский на уровне чтения технической документации. Внимательность к числам и расчётам. Ошибка в 2 раза в feed/RPM — это потенциально сломанный техпроцесс.   Будет плюсом Опыт работы с Siemens NX / NX Open. Опыт с SolidWorks, Fusion 360, Mastercam, SprutCAM, PowerMill или другими CAD/CAM-системами. Опыт CAM-программирования для токарной или фрезерной обработки. Понимание G-code и постпроцессоров. Опыт работы с 3D-геометрией, алгоритмами, computational geometry. Опыт проектирования технологических карт. Опыт подбора инструмента, оснастки, зажимов, режимов обработки. Базовое понимание станков с ЧПУ и производственных ограничений.   Условия Удалённая работа. Полная занятость. Гибкий график. R&D-стартап, сложная инженерная задача. Зарплата: 150 000 – 220 000 ₽ на руки, в зависимости от опыта и силы кандидата. Оформление: ТК РФ","Писать код для автоматизации CAM/NX-процессов. Разрабатывать алгоритмы формирования технологического процесса обработки. Работать с STEP/PRT-моделями, геометрией деталей и производственными признаками. Генерировать CAM-операции, в первую очередь для токарной обработки, а затем расширять систему на другие сценарии. Автоматизировать работу с Siemens NX / NX Open. Рассчитывать и проверять режимы обработки: подачи, обороты, припуски, инструментальные ограничения. Проверять результат в CAM-среде и симуляции: не просто “код запустился”, а операция технологически имеет смысл. Участвовать в создании логики выбора инструмента, оснастки, зажимов и последовательности операций.   Обязательные требования Опыт коммерческой разработки на Python, C# или C++. Понимание CAM, CNC, механообработки, технологии машиностроения или близкой инженерной области. Способность разбираться в производственной логике: припуски, режимы резания, инструмент, допуски, материалы, базирование, зажим. Умение писать аккуратный, поддерживаемый код. Работа с LLM для написания кода. Готовность работать с Siemens NX, NX Open, CAD/CAM API и 3D-геометрией. Английский на уровне чтения технической документации. Внимательность к числам и расчётам. Ошибка в 2 раза в feed/RPM — это потенциально сломанный техпроцесс.   Будет плюсом Опыт работы с Siemens NX / NX Open. Опыт с SolidWorks, Fusion 360, Mastercam, SprutCAM, PowerMill или другими CAD/CAM-системами. Опыт CAM-программирования для токарной или фрезерной обработки. Понимание G-code и постпроцессоров. Опыт работы с 3D-геометрией, алгоритмами, computational geometry. Опыт проектирования технологических карт. Опыт подбора инструмента, оснастки, зажимов, режимов обработки. Базовое понимание станков с ЧПУ и производственных ограничений.   Условия Удалённая работа. Полная занятость. Гибкий график. R&D-стартап, сложная инженерная задача. Зарплата: 150 000 – 220 000 ₽ на руки, в зависимости от опыта и силы кандидата. Оформление: ТК РФ",,https://hh.ru/vacancy/133913639?query=C%23+%D1%80%D0%B0%D0%B7%D1%80%D0%B0%D0%B1%D0%BE%D1%82%D1%87%D0%B8%D0%BA&hhtmFrom=vacancy_search_list
Middle+ C# .NET Developer (WPF / PostgreSQL for High-Load / Large-scale Data),Адвантика. Автоматизация 5.0,Санкт-Петербург,Не указана,,,,"Внимание!!! Отклик на вакансию без сопроводительного письма не рассматривается. Убедительная просьба: (1) прочитать весь текст внимательно и (2) ответить на 7 вопросов (список в нижней части опубликованной вакансии) в тексте Сопроводительного письма к резюме. Проект: Оптимизация высоконагруженного (high-load) программно-технического комплекса c микросервисной архитектурой. Участие в реорганизации сервера, оптимизация производительности серверной части, обеспечение отказоустойчивости и высокой доступности системы. Разработка новых функций системы. Применяемые при разработке Программно-технического комплекса инструменты и технологии: C#, ORM, Entity Framework, WPF, ASP.NET Core/Web API; PostgreSQL, ClickHouse; Node.js, Three.js, Web GPU; Portainer, Docker; Prometheus, Grafana; gRPC, REST, Kafka, SignalR. Компания: Аккредитованная IT-компания. Специализация бизнеса – разработка программного обеспечения верхнего уровня: разработка и внедрение программно-технических комплексов для ведущих горных предприятий России - системы аварийного оповещения, точного позиционирования горнорабочих и транспорта, мобильные решения, средства радиосвязи и видеонаблюдения. Является частью (дочерним предприятием) производственного холдинга. Группа компаний более 17 лет на рынке систем автоматики и горно-подземной связи. Разрабатываемые системы применяются более чем на 80 рудниках и шахтах России, Казахстана и Белоруссии. Среди клиентов такие компании как НорНикель, Алроса, УГМК и другие. Основной проект – современная система точного позиционирования горнорабочих и транспорта на .NET 8 , позволяющая строить сложные трёхмерные модели шахт и рудников и предоставлять конечный результат в полном 3D как на десктоп (SharpDX), так и в мобильном варианте (Three.js), с визуализацией стационарных и подвижных объектов. Компания является лауреатом горнопромышленного форума «Майнекс Россия» за разработку и внедрение систем в ПАО «ГМК «Норильский никель». Предлагаем стабильность, уверенность в завтрашнем дне, профессиональный рост. Основные задачи:  Разработка программно-технического комплекса. Многопоточное приложение. Основной вектор работы - разработка новых функций системы и поддержка старых, в том числе оптимизация. Участие в переводе Desktop приложения на более современный стек; Участие в реорганизации сервера, оптимизация производительности серверной части, обеспечение отказоустойчивости и высокой доступности системы; Участие в дальнейшем развитии системы точного позиционирования горнорабочих и транспорта: участие в проектировании и поддержке архитектуры, компонентов и код-дизайна; Работа с ведущими, старшими разработчиками, системным архитектором Desktop и Web группы в ходе выполнения поставленных задач, улучшение существующих решений.  Квалификация (необходимые профессиональные знания и навыки):  Высшее образование, бакалавриат и (желательно) магистратура в сфере ИТ или математическое; Опыт в роли back-end инженера-разработчика от трёх лет; Опыт работы с высоконагруженными системами; Опыт работы с крупными проектами и их рефакторингом. Опыт работы с многопоточными приложениями. Уверенное владение .NET 8, понимание изменений и улучшений в ASP.NET Core; Знание принципов SOLID, опыт применения паттернов проектирования (в т.ч. IoC, DI); Опыт работы с многопоточным и асинхронным кодом (async/await); Понимание основных структур данных и алгоритмов; Значительный опыт работы с реляционными СУБД (PostgreSQL), оптимизация запросов, использование оконных функций; Опыт работы с ORM (Hibernate или Entity Framework); Теоретические знания и опыт использования коммуникации через REST / gRPC / WebSocket; Навыки работы с Git, понимание таких процессов, как code review, feature branching, pull requests и т.д.;  Будет преимуществом: 14. Опыт разработки WPF-приложений; 15. Практический опыт работы с Docker и Kubernetes для управления контейнерами и их развертыванием в облачной или локальной среде. Опыт работы с CI/CD-пайплайнами для автоматизации развертывания микросервисов; 16. Практический опыт применения DDD/CQRS; 17. Знание инструментов для мониторинга и логирования, таких как Prometheus, Grafana, ELK. Важно (!!!): Для текущего проекта опыт работы с WPF является ключевым.Текущая позиция подразумевает множество различных задач, связанных с WPF, а также оптимизация SQL-запросов для отчётов, оптимизация и доработка серверных модулей. Высокая экспертиза в WPF и SQL - в приоритете. Условия работы:  Полностью удалённая работа в аккредитованной IT-компании; По желанию сотрудника возможна работа в офисе компании (бл.ст. метро Удельная) или гибридный формат; В штат предприятия со всеми обязательствами по ТК РФ; Полная занятость; Отпуск в соответствии с действующим законодательством (14+14 дней); 100 % компенсация больничного; График работы пн-пт, 09:00-17:30. После 2-3-х месяцев адаптации к продукту и процессам возможен более гибкий график начала/окончания рабочего дня. Индексация заработной платы ежегодная; Оплачиваемые компанией курсы повышения квалификации в случае необходимости.  ✔ Мы предлагаем финансовую стабильность, уверенность в завтрашнем дне, профессиональный рост, востребованный, интересный с профессиональной точки зрения и нужный продукт. ✔ Мы следим за тенденциями, тестируем и внедряем новые технологии; у нас позитивная рабочая среда, информационная открытость; мы признаём и оцениваем достижения сотрудников. ✔ Мы плавно вводим в проект: по мере достижения результатов вы будете переходить к более масштабным задачам (от desktop-разработки на WPF к современным SPA-архитектурам). В этом вам помогут наши системный архитектор и техлид. Мы нацелены на долгосрочное сотрудничество, поэтому гарантируем прозрачный профессиональный рост и соразмерное увеличение финансового вознаграждения по мере развития ваших компетенций.   P.S. Внимание! Отклик на вакансию без сопроводительного письма не рассматривается.   Пожалуйста, скопируйте текст ниже, вставьте его в сопроводительное письмо, поставьте самооценку от 1 до 5 по каждому пункту , кроме первого, и кратко (1–2 предложения) подтвердите её фактами из вашей коммерческой практики *. 1) Высшее профильное образование (очное, бакалавриат или магистратура / специалитет): укажите вуз, факультет, специальность и год окончания. (Внимание: это обязательное требование руководства компании, кандидаты без профильного высшего образования не рассматриваются). 2) Опыт работы с высоконагруженными системами (High-load) и параметры максимальной нагрузки. Подробно расскажите: а) В чем заключалась специфика высокой нагрузки в ваших проектах, б) Какие архитектурные подходы вы применяли. в) Назовите конкретные метрики систем, с которыми вы реально работали в production: пиковый RPS, объемы данных в БД в гигабайтах/терабайтах, количество одновременных подключений. г) Уточните характер вычислительной логики: это были простые CRUD-операции (чтение/запись строк) или тяжёлая вычислительная логика (обработка массивов данных, файлов, потоковой телеметрии в памяти)? д) В чем именно заключалась задача?   3) Опыт работы с крупными проектами и их рефакторингом: кратко опишите самый масштабный проект, в модернизации или рефакторинге которого вы принимали участие, и к какому результату для системы или бизнеса это привело. 4) Опыт работы с многопоточными приложениями (Параллельные вычисления, CPU-bound задачи): укажите, в рамках какой бизнес-логики или расчетного модуля вы решали задачи распараллеливания вычислений и синхронизации доступа к разделяемой памяти. 5) Опыт работы с асинхронным кодом (Асинхронное программирование, I/O-bound задачи): укажите, с какими внешними сервисами, базами данных или брокерами сообщений вы выстраивали асинхронное взаимодействие с использованием async/await. 6) СУБД (PostgreSQL) / Оптимизация запросов: опишите ваш опыт оптимизации «тяжелых» запросов и работы со сложной логикой (индексы, оконные функции, хранимые процедуры, оптимизация планов запросов). 7) Опыт разработки WPF-приложений: укажите, какие ключевые задачи или интерфейсные модули вы реализовывали на WPF и какой был масштаб desktop-приложения.     * Отклики только с оценками или общим теоретическим текстом без описания личного опыта и инструментов рассматриваться не будут. Пожалуйста, указывайте только конкретные факты из своей практики. Ответы, содержащие общую теорию или сгенерированные ИИ, будут отклонены. Для ответов на вопросы Вам потребуется ~ 15 минут.",,,,https://hh.ru/vacancy/133957412?query=C%23+%D1%80%D0%B0%D0%B7%D1%80%D0%B0%D0%B1%D0%BE%D1%82%D1%87%D0%B8%D0%BA&hhtmFrom=vacancy_search_list
Специалист по безопасной разработке приложений (AppSec),SkillStaff,Москва,Не указана,56939000.0,56939000.0,56939000.0,"В связи с расширением команды, ищем специалиста по безопасной разработке приложений с сильными аналитическими способностями.Команда разрабатывает программно-технические комплексы (ПТК) для управления технологическими процессами на промышленных предприятиях. Чем предстоит заниматься:  Анализировать безопасность кода и архитектуры, вести документацию в соответствии с ГОСТ 56939-2016, исследовать компоненты ПО на наличие уязвимостей, консультировать разработчиков. Развивать метод анализа кода – тонкая настройка средств статического анализа кода, документирование методик и результатов проведения анализа; Подготавливать отчёты, вносить улучшения в процесс безопасной разработки. Моделировать угрозу по методикам STRIDE и STACK Работать с SBOM (Software Bill of Materials), производить анализ уязвимостей в компонентах. Подготавливать конфиги для инструментов в CI/CD (но не построение самих пайплайнов — это задача DevOps).       Для нас важно:  Обязательно наличие высшего образования, связанного с ИТ и(или) сферой безопасной разработки ПО/математика, физика. Основной стек: C# + JavaScript/TypeScript (интересны и другие ЯП). Понимание, на что конкретное срабатывание анализатора может повлиять с точки зрения безопасности. Навыки администрирования ОС Linux. UML (для моделирования угроз и понимания архитектуры ПО). Понимание технологии контейнеризации и опыт работы с Docker. Понимание технологии CI/CD. Понимание технологии компиляции программных продуктов; опыт работы с GCC, LLVM, MSVC. Умение выбирать и применять на практике инструменты безопасности, такие как SAST, SCA, а также интерпретировать полученные с помощью них результаты. Понимание методик AppSec и DevSecOps. Знание стандартов: ISO/IEC 14882:2014, 14882:2017, 14882:2020; ECMA-334, ECMA-262. Знание английского языка на уровне чтения технической литературы. Сильные аналитические способности, усидчивость (срабатываний бывает очень много, требуется многочасовая кропотливая работа).  Что мы предлагаем:  Официальное трудоустройство по ТК РФ. График работы: 5/2, 8-часовой рабочий день. Оплачиваемый отпуск и больничный согласно ТК РФ.",,"Анализировать безопасность кода и архитектуры, вести документацию в соответствии с ГОСТ 56939-2016, исследовать компоненты ПО на наличие уязвимостей, консультировать разработчиков. Развивать метод анализа кода – тонкая настройка средств статического анализа кода, документирование методик и результатов проведения анализа; Подготавливать отчёты, вносить улучшения в процесс безопасной разработки. Моделировать угрозу по методикам STRIDE и STACK Работать с SBOM (Software Bill of Materials), производить анализ уязвимостей в компонентах. Подготавливать конфиги для инструментов в CI/CD (но не построение самих пайплайнов — это задача DevOps).       Для нас важно:  Обязательно наличие высшего образования, связанного с ИТ и(или) сферой безопасной разработки ПО/математика, физика. Основной стек: C# + JavaScript/TypeScript (интересны и другие ЯП). Понимание, на что конкретное срабатывание анализатора может повлиять с точки зрения безопасности. Навыки администрирования ОС Linux. UML (для моделирования угроз и понимания архитектуры ПО). Понимание технологии контейнеризации и опыт работы с Docker. Понимание технологии CI/CD. Понимание технологии компиляции программных продуктов; опыт работы с GCC, LLVM, MSVC. Умение выбирать и применять на практике инструменты безопасности, такие как SAST, SCA, а также интерпретировать полученные с помощью них результаты. Понимание методик AppSec и DevSecOps. Знание стандартов: ISO/IEC 14882:2014, 14882:2017, 14882:2020; ECMA-334, ECMA-262. Знание английского языка на уровне чтения технической литературы. Сильные аналитические способности, усидчивость (срабатываний бывает очень много, требуется многочасовая кропотливая работа).  Что мы предлагаем:  Официальное трудоустройство по ТК РФ. График работы: 5/2, 8-часовой рабочий день. Оплачиваемый отпуск и больничный согласно ТК РФ.",,https://hh.ru/vacancy/131988451?query=C%23+%D1%80%D0%B0%D0%B7%D1%80%D0%B0%D0%B1%D0%BE%D1%82%D1%87%D0%B8%D0%BA&hhtmFrom=vacancy_search_list
Разработчик front-end (Angular)СТД до декабря,ООО ИЦ АЙ-ТЕКО,Москва,Не указана,,,,"КОМПАНИЯ «АЙ-ТЕКО» - ведущий российский системный интегратор и поставщик информационных технологий для корпоративных заказчиков. Активно действует на рынке IT России с 1997 года, входит в ТОП-400 крупнейших российских компаний, ТОП-10 крупнейших IT-компаний России. В связи с активным развитием проектов в компании открыта вакансия Разработчик Angular СТД до декабря + ГИБРИД  СТРОГО ОКОНЧЕННОЕ ВЫСШЕЕ ОБРАЗОВАНИЕ!!!   Требования: ОПЫТ РАБОТЫ ОТ 5 ЛЕТ НА АНГУЛЯРВЫСШЕЕ ОБРАЗОВАНИЕ ЗАКОНЧЕННОЕ ВЫСШЕЕ ОБРАЗОВАНИЕ ЗАКОНЧЕННОЕВоенный билет и диплом на руках.Опыт работы от 3х лет в ангуляр   SPA приложение на Angular 12+ Пишем на TypeScript, JavaScript ES6 Modules, SASS Собираем WebPack Храним в Git Взаимодействуем с WebApi (.net core 2) Что важно: Уверенные знания JavaScript Опыт работы с современными js фреймворками: Angular, React, Vue ООП, классы, абстракции, шаблоны проектирования Современная верстка HTML 5 + CSS 3 Понимание REST, взаимодействие с backend. Отправить json, получить json, отличать GET от POST Опыт работы с системами контроля версий Работа в команде Будет плюсом: Работа с npm, bower или любым пакетным менеджером Опыт разработки backend Знание C#, Java, другого языка со строгой типизацией Знание препроцессоров SASS / LESS Опыт работы с js сборщиками WebPack, Gulp, Grunt Опыт работы с JIRA  МЫ ПРЕДЛАГАЕМ:  Работу в стабильной компании, ""белую"" заработную плату; Оформление в соответствии с ТК РФ с первого дня работы; Расширенный социальный пакет: ДМС (включая стоматологию), корпоративные скидки на посещение фитнес-клубов, футбольная и волейбольная секции; Профессиональное обучение и развитие; Яркая и насыщенная корпоративная жизнь;  Снабжаем всей необходимой современной техникой: мощный ноут привезут прямо в день оформления;   СТД до декабря    ✅ ОТКЛИКАЙСЯ =) ЖДУ КОГДА ВМЕСТЕ ПОРАДУЕМСЯ ТВОЕМУ ОФФЕРУ)","ОПЫТ РАБОТЫ ОТ 5 ЛЕТ НА АНГУЛЯРВЫСШЕЕ ОБРАЗОВАНИЕ ЗАКОНЧЕННОЕ ВЫСШЕЕ ОБРАЗОВАНИЕ ЗАКОНЧЕННОЕВоенный билет и диплом на руках.Опыт работы от 3х лет в ангуляр   SPA приложение на Angular 12+ Пишем на TypeScript, JavaScript ES6 Modules, SASS Собираем WebPack Храним в Git Взаимодействуем с WebApi (.net core 2) Что важно: Уверенные знания JavaScript Опыт работы с современными js фреймворками: Angular, React, Vue ООП, классы, абстракции, шаблоны проектирования Современная верстка HTML 5 + CSS 3 Понимание REST, взаимодействие с backend. Отправить json, получить json, отличать GET от POST Опыт работы с системами контроля версий Работа в команде Будет плюсом: Работа с npm, bower или любым пакетным менеджером Опыт разработки backend Знание C#, Java, другого языка со строгой типизацией Знание препроцессоров SASS / LESS Опыт работы с js сборщиками WebPack, Gulp, Grunt Опыт работы с JIRA  МЫ ПРЕДЛАГАЕМ:  Работу в стабильной компании, ""белую"" заработную плату; Оформление в соответствии с ТК РФ с первого дня работы; Расширенный социальный пакет: ДМС (включая стоматологию), корпоративные скидки на посещение фитнес-клубов, футбольная и волейбольная секции; Профессиональное обучение и развитие; Яркая и насыщенная корпоративная жизнь;  Снабжаем всей необходимой современной техникой: мощный ноут привезут прямо в день оформления;   СТД до декабря    ✅ ОТКЛИКАЙСЯ =) ЖДУ КОГДА ВМЕСТЕ ПОРАДУЕМСЯ ТВОЕМУ ОФФЕРУ)",,,https://hh.ru/vacancy/133991245?query=C%23+%D1%80%D0%B0%D0%B7%D1%80%D0%B0%D0%B1%D0%BE%D1%82%D1%87%D0%B8%D0%BA&hhtmFrom=vacancy_search_list
Руководитель разработки,СИГМА,Москва,Не указана,,,,"Обязанности Управление продуктом:  Управление продуктовым backlog; Формирование и актуализация дорожной карты развития продукта; Определение состава релизов и приоритетов разработки; Декомпозиция крупных инициатив на реализуемые этапы; Согласование требований между заинтересованными сторонами; Управление границами MVP и последующих версий продукта; Контроль соответствия разрабатываемой функциональности целям продукта; Управление зависимостями между функциональными направлениями; Участие в приемке результатов разработки; Анализ обратной связи пользователей и формирование предложений по развитию продукта.  Управление разработкой:  Управление командой разработки; Планирование ресурсов и загрузки команды; Контроль сроков реализации задач; Организация процессов разработки; Внедрение инженерных стандартов; Управление качеством программного обеспечения; Организация процессов непрерывной поставки; Управление техническими рисками; Развитие инженерной культуры; Координация взаимодействия с архитекторами и техническими лидерами; Контроль выполнения целей релизов.    Требования  Понимание архитектуры программных систем; Понимание принципов построения корпоративных информационных систем; Понимание REST API и интеграционных взаимодействий; Стек: Java, Spring Boot, PostgreSQL, React, GitHub, Docker; Процессы CI/CD; Опыт взаимодействия с архитекторами, аналитиками и разработчиками.  Желательные компетенции:  Опыт создания новых программных продуктов; Опыт построения продуктовых команд; Опыт масштабирования разработки; Опыт внедрения корпоративных систем; Опыт работы с промышленными, производственными или ERP-системами; Брокеры сообщений, распределенный кэш, событийная архитектура, знание C# / ASP.NET Core; Опыт сопровождения, модернизации или миграции программных продуктов; Опыт управления переходом между технологическими платформами; Инструменты: GitHub Copilot, ChatGPT Team, Claude Team, корпоративные ИИ-помощники для работы с требованиями и документацией.    Условия  Работа в одной из ведущих компаний разработчиков ИТ-решений в энергетическом секторе. Гибридный формат работы, офис м.Тульская; Официальное оформление и все гарантии в соответствии с ТК РФ; ДМС со стоматологией и чекапом после испытательного срока; Корпоративные скидки от партнеров BestBenefits; Электронная библиотека Альпина; Профильные курсы, сертификация за счет работодателя.","Понимание архитектуры программных систем; Понимание принципов построения корпоративных информационных систем; Понимание REST API и интеграционных взаимодействий; Стек: Java, Spring Boot, PostgreSQL, React, GitHub, Docker; Процессы CI/CD; Опыт взаимодействия с архитекторами, аналитиками и разработчиками.  Желательные компетенции:  Опыт создания новых программных продуктов; Опыт построения продуктовых команд; Опыт масштабирования разработки; Опыт внедрения корпоративных систем; Опыт работы с промышленными, производственными или ERP-системами; Брокеры сообщений, распределенный кэш, событийная архитектура, знание C# / ASP.NET Core; Опыт сопровождения, модернизации или миграции программных продуктов; Опыт управления переходом между технологическими платформами; Инструменты: GitHub Copilot, ChatGPT Team, Claude Team, корпоративные ИИ-помощники для работы с требованиями и документацией.    Условия  Работа в одной из ведущих компаний разработчиков ИТ-решений в энергетическом секторе. Гибридный формат работы, офис м.Тульская; Официальное оформление и все гарантии в соответствии с ТК РФ; ДМС со стоматологией и чекапом после испытательного срока; Корпоративные скидки от партнеров BestBenefits; Электронная библиотека Альпина; Профильные курсы, сертификация за счет работодателя.","Управление продуктом:  Управление продуктовым backlog; Формирование и актуализация дорожной карты развития продукта; Определение состава релизов и приоритетов разработки; Декомпозиция крупных инициатив на реализуемые этапы; Согласование требований между заинтересованными сторонами; Управление границами MVP и последующих версий продукта; Контроль соответствия разрабатываемой функциональности целям продукта; Управление зависимостями между функциональными направлениями; Участие в приемке результатов разработки; Анализ обратной связи пользователей и формирование предложений по развитию продукта.  Управление разработкой:  Управление командой разработки; Планирование ресурсов и загрузки команды; Контроль сроков реализации задач; Организация процессов разработки; Внедрение инженерных стандартов; Управление качеством программного обеспечения; Организация процессов непрерывной поставки; Управление техническими рисками; Развитие инженерной культуры; Координация взаимодействия с архитекторами и техническими лидерами; Контроль выполнения целей релизов.    Требования  Понимание архитектуры программных систем; Понимание принципов построения корпоративных информационных систем; Понимание REST API и интеграционных взаимодействий; Стек: Java, Spring Boot, PostgreSQL, React, GitHub, Docker; Процессы CI/CD; Опыт взаимодействия с архитекторами, аналитиками и разработчиками.  Желательные компетенции:  Опыт создания новых программных продуктов; Опыт построения продуктовых команд; Опыт масштабирования разработки; Опыт внедрения корпоративных систем; Опыт работы с промышленными, производственными или ERP-системами; Брокеры сообщений, распределенный кэш, событийная архитектура, знание C# / ASP.NET Core; Опыт сопровождения, модернизации или миграции программных продуктов; Опыт управления переходом между технологическими платформами; Инструменты: GitHub Copilot, ChatGPT Team, Claude Team, корпоративные ИИ-помощники для работы с требованиями и документацией.    Условия  Работа в одной из ведущих компаний разработчиков ИТ-решений в энергетическом секторе. Гибридный формат работы, офис м.Тульская; Официальное оформление и все гарантии в соответствии с ТК РФ; ДМС со стоматологией и чекапом после испытательного срока; Корпоративные скидки от партнеров BestBenefits; Электронная библиотека Альпина; Профильные курсы, сертификация за счет работодателя.",,https://hh.ru/vacancy/134673433?query=C%23+%D1%80%D0%B0%D0%B7%D1%80%D0%B0%D0%B1%D0%BE%D1%82%D1%87%D0%B8%D0%BA&hhtmFrom=vacancy_search_list
Архитектор искусственного интеллекта,СИГМА,Москва,Не указана,,,,"Обязанности  Определение сценариев использования ИИ; Выбор архитектурных подходов и моделей; Проектирование сервисов искусственного интеллекта; Определение границ между детерминированной логикой и ИИ; Контроль качества результатов работы ИИ; Контроль стоимости использования ИИ; Обеспечение объяснимости результатов работы ИИ; Участие в разработке архитектурных стандартов применения ИИ; Участие в выборе поставщиков ИИ-сервисов; Консультирование команд разработки по вопросам применения ИИ.    Требования  Опыт работы не менее 3 лет в области искусственного интеллекта; Опыт проектирования и внедрения решений на базе современных языковых моделей; Большие языковые модели; Интеграция внешних ИИ-сервисов; Проектирование интеллектуальных помощников; Проектирование поисковых систем; Проектирование рекомендательных систем; Архитектура распределенных систем; АPI-интеграции; Оценка качества результатов ИИ;  Управление рисками применения ИИ.     Желательные компетенции:  Обработка естественного языка; Интеллектуальный поиск; Агентные системы; Аналитические системы поддержки принятия решений; Java, Spring Boot, PostgreSQL, React, событийная архитектура, контейнеризация, Знание C# / ASP.NET Core; Опыт модернизации существующих программных продуктов. Инструменты: ChatGPT Team; Claude Team, API языковых моделей, средства оркестрации ИИ-сервисов.    Условия  Работа в одной из ведущих компаний разработчиков ИТ-решений в энергетическом секторе. Гибридный формат работы, офис м.Тульская; Официальное оформление и все гарантии в соответствии с ТК РФ; ДМС со стоматологией и чекапом после испытательного срока; Корпоративные скидки от партнеров BestBenefits; Электронная библиотека Альпина; Профильные курсы, сертификация за счет работодателя.","Опыт работы не менее 3 лет в области искусственного интеллекта; Опыт проектирования и внедрения решений на базе современных языковых моделей; Большие языковые модели; Интеграция внешних ИИ-сервисов; Проектирование интеллектуальных помощников; Проектирование поисковых систем; Проектирование рекомендательных систем; Архитектура распределенных систем; АPI-интеграции; Оценка качества результатов ИИ;  Управление рисками применения ИИ.     Желательные компетенции:  Обработка естественного языка; Интеллектуальный поиск; Агентные системы; Аналитические системы поддержки принятия решений; Java, Spring Boot, PostgreSQL, React, событийная архитектура, контейнеризация, Знание C# / ASP.NET Core; Опыт модернизации существующих программных продуктов. Инструменты: ChatGPT Team; Claude Team, API языковых моделей, средства оркестрации ИИ-сервисов.    Условия  Работа в одной из ведущих компаний разработчиков ИТ-решений в энергетическом секторе. Гибридный формат работы, офис м.Тульская; Официальное оформление и все гарантии в соответствии с ТК РФ; ДМС со стоматологией и чекапом после испытательного срока; Корпоративные скидки от партнеров BestBenefits; Электронная библиотека Альпина; Профильные курсы, сертификация за счет работодателя.","Определение сценариев использования ИИ; Выбор архитектурных подходов и моделей; Проектирование сервисов искусственного интеллекта; Определение границ между детерминированной логикой и ИИ; Контроль качества результатов работы ИИ; Контроль стоимости использования ИИ; Обеспечение объяснимости результатов работы ИИ; Участие в разработке архитектурных стандартов применения ИИ; Участие в выборе поставщиков ИИ-сервисов; Консультирование команд разработки по вопросам применения ИИ.    Требования  Опыт работы не менее 3 лет в области искусственного интеллекта; Опыт проектирования и внедрения решений на базе современных языковых моделей; Большие языковые модели; Интеграция внешних ИИ-сервисов; Проектирование интеллектуальных помощников; Проектирование поисковых систем; Проектирование рекомендательных систем; Архитектура распределенных систем; АPI-интеграции; Оценка качества результатов ИИ;  Управление рисками применения ИИ.     Желательные компетенции:  Обработка естественного языка; Интеллектуальный поиск; Агентные системы; Аналитические системы поддержки принятия решений; Java, Spring Boot, PostgreSQL, React, событийная архитектура, контейнеризация, Знание C# / ASP.NET Core; Опыт модернизации существующих программных продуктов. Инструменты: ChatGPT Team; Claude Team, API языковых моделей, средства оркестрации ИИ-сервисов.    Условия  Работа в одной из ведущих компаний разработчиков ИТ-решений в энергетическом секторе. Гибридный формат работы, офис м.Тульская; Официальное оформление и все гарантии в соответствии с ТК РФ; ДМС со стоматологией и чекапом после испытательного срока; Корпоративные скидки от партнеров BestBenefits; Электронная библиотека Альпина; Профильные курсы, сертификация за счет работодателя.",,https://hh.ru/vacancy/134673318?query=C%23+%D1%80%D0%B0%D0%B7%D1%80%D0%B0%D0%B1%D0%BE%D1%82%D1%87%D0%B8%D0%BA&hhtmFrom=vacancy_search_list
Junior Unity Developer на мобильную RTS,Gear Games,Волгоград,Не указана,,,,,,,,https://hh.ru/vacancy/134652765?query=C%23+%D1%80%D0%B0%D0%B7%D1%80%D0%B0%D0%B1%D0%BE%D1%82%D1%87%D0%B8%D0%BA&hhtmFrom=vacancy_search_list
Старший программист встраиваемого ПО,Нейрософт,"Иваново, р-н Фрунзенский",Не указана,,,,,,,,https://hh.ru/vacancy/133781954?query=C%23+%D1%80%D0%B0%D0%B7%D1%80%D0%B0%D0%B1%D0%BE%D1%82%D1%87%D0%B8%D0%BA&hhtmFrom=vacancy_search_list
C++ разработчик (Equity Algo Trading Platform),АКБ Национальный Резервный Банк,"Москва, р-н Пресненский",Не указана,,,,,,,,https://hh.ru/vacancy/133816666?query=C%23+%D1%80%D0%B0%D0%B7%D1%80%D0%B0%D0%B1%D0%BE%D1%82%D1%87%D0%B8%D0%BA&hhtmFrom=vacancy_search_list
Cпециалист по автоматизации технических процессов,Яндекс Крауд: Бэк-офис,Волгоград,Не указана,,,,,,,,https://hh.ru/vacancy/133238750?query=C%23+%D1%80%D0%B0%D0%B7%D1%80%D0%B0%D0%B1%D0%BE%D1%82%D1%87%D0%B8%D0%BA&hhtmFrom=vacancy_search_list
Senior Technical Product Manager,Simplenight,Москва,Не указана,,,,,,,,https://hh.ru/vacancy/134621749?query=C%23+%D1%80%D0%B0%D0%B7%D1%80%D0%B0%D0%B1%D0%BE%D1%82%D1%87%D0%B8%D0%BA&hhtmFrom=vacancy_search_list
Graphics Tech Lead,ТОО MadOut Games,Москва,Не указана,,,,,,,,https://hh.ru/vacancy/134268825?query=C%23+%D1%80%D0%B0%D0%B7%D1%80%D0%B0%D0%B1%D0%BE%D1%82%D1%87%D0%B8%D0%BA&hhtmFrom=vacancy_search_list
"Разработчик .Net (.NET developer) в офис, г. Воронеж",ООО САФИБ,"Воронеж, р-н Центральный",Не указана,,,,,,,,https://hh.ru/vacancy/133869826?query=C%23+%D1%80%D0%B0%D0%B7%D1%80%D0%B0%D0%B1%D0%BE%D1%82%D1%87%D0%B8%D0%BA&hhtmFrom=vacancy_search_list
Middle Unity Developer (GameDev),Infinnity Solutions,"Челябинск, р-н Центральный",Не указана,,,,,,,,https://hh.ru/vacancy/132870044?query=C%23+%D1%80%D0%B0%D0%B7%D1%80%D0%B0%D0%B1%D0%BE%D1%82%D1%87%D0%B8%D0%BA&hhtmFrom=vacancy_search_list
Chromium .Net Developer (Browser),ZennoLab,Санкт-Петербург,Не указана,,,,,,,,https://hh.ru/vacancy/134448308?query=C%23+%D1%80%D0%B0%D0%B7%D1%80%D0%B0%D0%B1%D0%BE%D1%82%D1%87%D0%B8%D0%BA&hhtmFrom=vacancy_search_list
Дата аналитик/Дата инженер,IT_One,Москва,Не указана,,,,,,,,https://hh.ru/vacancy/134803608?query=C%23+%D1%80%D0%B0%D0%B7%D1%80%D0%B0%D0%B1%D0%BE%D1%82%D1%87%D0%B8%D0%BA&hhtmFrom=vacancy_search_list
Технический директор (CTO),Леста Игры,Санкт-Петербург,Не указана,,,,,,,,https://hh.ru/vacancy/133323098?query=C%23+%D1%80%D0%B0%D0%B7%D1%80%D0%B0%D0%B1%D0%BE%D1%82%D1%87%D0%B8%D0%BA&hhtmFrom=vacancy_search_list
Специалист по тестированию ПО,ООО ИнфоДиалог,Москва,Не указана,,,,,,,,https://hh.ru/vacancy/134747152?query=C%23+%D1%80%D0%B0%D0%B7%D1%80%D0%B0%D0%B1%D0%BE%D1%82%D1%87%D0%B8%D0%BA&hhtmFrom=vacancy_search_list
Преподаватель специальных дисциплин специальности 09.02.07 Информационные системы и программирование,ГАПОУ КП № 11,Москва,Не указана,,,,,,,,https://hh.ru/vacancy/134786062?query=C%23+%D1%80%D0%B0%D0%B7%D1%80%D0%B0%D0%B1%D0%BE%D1%82%D1%87%D0%B8%D0%BA&hhtmFrom=vacancy_search_list
